{
	"format_version": "1.8.0",
	"animations": {
		"animation.model.draw": {
			"loop": true,
			"animation_length": 1.2,
			"bones": {
				"main": {
					"rotation": {
						"0.0": {
							"vector": [32.09413, -54.38778, -8.29667]
						},
						"0.35": {
							"vector": [0.50518, -5.08075, 6.8716],
							"easing": "easeOutSine"
						},
						"0.5": {
							"vector": [0.32389, -0.60235, -2.1558],
							"easing": "linear"
						},
						"0.6": {
							"vector": [0, 0, 0],
							"easing": "linear"
						}
					},
					"position": {
						"0.0": {
							"vector": [0, -17.3, 0]
						},
						"0.25": {
							"vector": [-0.4, -2.525, -1.625],
							"easing": "linear"
						},
						"0.4": {
							"vector": [-0.05, 0, -2.49],
							"easing": "linear"
						},
						"0.55": {
							"vector": [0, 0, 0],
							"easing": "linear"
						}
					}
				},
				"leftarm": {
					"rotation": {
						"0.0": {
							"vector": [0, 0, 0]
						},
						"0.2": {
							"vector": [1, 0, -22]
						},
						"0.4": {
							"vector": [0, 0, 0]
						}
					},
					"position": {
						"0.0": {
							"vector": [0, 0, 0]
						},
						"0.2": {
							"vector": [3.53901, 3.6754, 5.59783]
						},
						"0.4": {
							"vector": [0, 0, 0]
						}
					}
				}
			}
		},
		"animation.model.inspect": {
			"loop": true,
			"animation_length": 4.26667,
			"bones": {
				"main": {
					"rotation": {
						"0.0": {
							"vector": [0, 0, 0]
						},
						"0.1667": {
							"vector": [-8.41746, -13.59608, -21.21259],
							"easing": "linear"
						},
						"0.3": {
							"vector": [-8.39812, -20.10111, -31.77688]
						},
						"0.4333": {
							"vector": [-9.55676, -20.88889, -28.55629]
						},
						"0.5333": {
							"vector": [-8.77652, -21.21647, -30.72851]
						},
						"0.7667": {
							"vector": [-9.4227, -20.94881, -28.93303]
						},
						"1.0": {
							"vector": [-3.1216, -20.98207, -46.44405]
						},
						"1.1333": {
							"vector": [-4.564, -20.73064, -42.44007]
						},
						"1.2333": {
							"vector": [-4.86325, -20.9153, -41.60203]
						},
						"1.3333": {
							"vector": [-4.58308, -20.97575, -42.38574]
						},
						"1.4667": {
							"vector": [-4.01131, -21.08802, -43.97908]
						},
						"1.6": {
							"vector": [-4.38767, -21.01662, -42.9316]
						},
						"1.7": {
							"vector": [-4.18847, -21.05622, -43.48691],
							"easing": "linear"
						},
						"2.0333": {
							"vector": [-16.91438, 5.38499, 54.40399],
							"easing": "linear"
						},
						"2.1667": {
							"vector": [-15.22513, 5.80082, 60.04554]
						},
						"2.3": {
							"vector": [-15.70981, 5.86025, 59.48558]
						},
						"2.4333": {
							"vector": [-15.93602, 7.03904, 62.69373]
						},
						"2.5667": {
							"vector": [-15.60896, 7.75082, 65.23442]
						},
						"2.7333": {
							"vector": [-15.71675, 7.52491, 64.42194]
						},
						"2.9": {
							"vector": [-15.56389, 7.84019, 65.55973]
						},
						"3.1": {
							"vector": [-15.61778, 7.73186, 65.16659]
						},
						"3.2667": {
							"vector": [-15.9801, 6.93689, 62.33342]
						},
						"3.4": {
							"vector": [-8.86998, 2.42135, 33.56191]
						},
						"3.5333": {
							"vector": [0, -1.75, -2.75]
						},
						"3.7": {
							"vector": [0, 0, 0]
						}
					},
					"position": {
						"0.0": {
							"vector": [0, 0, 0]
						},
						"0.3": {
							"vector": [-0.475, 1.475, -8.7]
						},
						"0.4": {
							"vector": [-0.195, 1, -7.7]
						},
						"0.5333": {
							"vector": [-0.03, 0.725, -7.7]
						},
						"0.7": {
							"vector": [0, 1.125, -7.7]
						},
						"0.9": {
							"vector": [0.125, 1.4, -8.275]
						},
						"1.2": {
							"vector": [-0.02, 1.475, -8]
						},
						"1.4": {
							"vector": [0.11, 1.425, -8.175]
						},
						"1.6667": {
							"vector": [0.275, 1.25, -7.975]
						},
						"1.8": {
							"vector": [-0.13, -1.19, -8.65]
						},
						"1.9667": {
							"vector": [1.455, -1.325, -11.15]
						},
						"2.1333": {
							"vector": [1.585, -1.395, -10.545]
						},
						"2.2667": {
							"vector": [1.475, -1.455, -9.17]
						},
						"2.4": {
							"vector": [1.51, -1.43, -9.85]
						},
						"2.5667": {
							"vector": [1.545, -1.5, -9.24]
						},
						"2.7667": {
							"vector": [1.47, -1.5, -9.27]
						},
						"3.0": {
							"vector": [1.51, -1.41, -9.3]
						},
						"3.2333": {
							"vector": [1.455, -1.325, -9.325]
						},
						"3.3667": {
							"vector": [0.995, -0.61, -7.41]
						},
						"3.6333": {
							"vector": [0, 0, 0]
						}
					}
				},
				"leftarm": {
					"rotation": {
						"0.0": {
							"vector": [0, 0, 0]
						},
						"0.1667": {
							"vector": [-8.51566, -3.93441, -0.90383]
						},
						"0.7667": {
							"vector": [-8.51566, -3.93441, -0.90383]
						},
						"1.0": {
							"vector": [-9.60163, -14.29742, 7.43489]
						},
						"1.7333": {
							"vector": [-9.60163, -14.29742, 7.43489]
						},
						"2.0333": {
							"vector": [-20, 0, -45]
						},
						"3.3": {
							"vector": [-20, 0, -45]
						},
						"3.5667": {
							"vector": [0, 0, 0]
						}
					},
					"position": {
						"0.0": {
							"vector": [0, 0, 0]
						},
						"0.1667": {
							"vector": [1.21313, -4.4694, 2.56969]
						},
						"0.7667": {
							"vector": [1.21313, -4.4694, 2.56969]
						},
						"1.0": {
							"vector": [-3.84, -7.595, 2.57]
						},
						"1.7333": {
							"vector": [-3.84, -7.595, 2.57]
						},
						"2.0333": {
							"vector": [7.35, 6.25, 2.33]
						},
						"3.3": {
							"vector": [7.35, 6.25, 2.33]
						},
						"3.5667": {
							"vector": [0, 0, 0]
						}
					}
				}
			}
		},
		"animation.model.fire": {
			"loop": true,
			"animation_length": 0.125,
			"bones": {
				"main": {
					"rotation": {
						"0.0": {
							"vector": [0, 0, 0]
						},
						"0.05": {
							"vector": [0, 0, -1.25]
						}
					},
					"position": {
						"0.0": {
							"vector": [0, 0, 0]
						},
						"0.05": {
							"vector": [0.05, 0, 0]
						}
					}
				},
				"bullet": {
					"rotation": {
						"0.0": {
							"vector": [0, 0, 0]
						},
						"0.1": {
							"vector": [0, 0, 3.5]
						}
					},
					"position": {
						"0.0": {
							"vector": [0, 0, 0]
						},
						"0.1": {
							"vector": [0.075, 0, 0]
						}
					}
				},
				"bullet4": {
					"rotation": {
						"0.0": {
							"vector": [0, 0, -9.75]
						},
						"0.05": {
							"vector": [0, 0, 12.75]
						},
						"0.075": {
							"vector": [0, 0, 21.25]
						}
					},
					"position": {
						"0.0": {
							"vector": [0.175, 0.05, 0]
						},
						"0.05": {
							"vector": [0.025, -0.15, 0]
						},
						"0.075": {
							"vector": [-0.195, -0.15, 0]
						}
					}
				},
				"bullet5": {
					"rotation": {
						"0.0": {
							"vector": [0, 0, 0]
						},
						"0.075": {
							"vector": [0, 0, 19.25]
						}
					},
					"position": {
						"0.0": {
							"vector": [0, 0, 0]
						},
						"0.075": {
							"vector": [0.15, 0.05, 0]
						}
					}
				},
				"bullet6": {
					"rotation": {
						"0.0": {
							"vector": [0, 0, -5]
						},
						"0.075": {
							"vector": [0, 0, -13.75]
						}
					},
					"position": {
						"0.0": {
							"vector": [0.125, -0.025, 0]
						},
						"0.075": {
							"vector": [0.55, 0.125, 0]
						}
					}
				},
				"action": {
					"position": {
						"0.0": {
							"vector": [0, 0, 0]
						},
						"0.05": {
							"vector": [0, 0, 9.8]
						}
					}
				},
				"barrel": {
					"position": {
						"0.0": {
							"vector": [0, 0, 0]
						},
						"0.05": {
							"vector": [0, 0, 2.6]
						}
					}
				},
				"bullet1": {
					"rotation": {
						"0.0": {
							"vector": [0, 0, 0]
						},
						"0.05": {
							"vector": [0, 0, -7]
						}
					},
					"position": {
						"0.0": {
							"vector": [0, 0, 0]
						},
						"0.05": {
							"vector": [-0.25, 0.675, 0]
						}
					}
				},
				"bullet2": {
					"rotation": {
						"0.0": {
							"vector": [0, 0, 0]
						},
						"0.05": {
							"vector": [0, 0, -14.75]
						},
						"0.1": {
							"vector": [0, 0, -5.75]
						}
					},
					"position": {
						"0.0": {
							"vector": [0, 0, 0]
						},
						"0.05": {
							"vector": [-0.3, 0.3, 0]
						}
					}
				},
				"bullet3": {
					"rotation": {
						"0.0": {
							"vector": [0, 0, 0]
						},
						"0.075": {
							"vector": [0.00002, -1.99998, -16.75853]
						}
					},
					"position": {
						"0.0": {
							"vector": [0, 0, 0]
						},
						"0.075": {
							"vector": [-0.45, 0.1, 0]
						}
					}
				}
			}
		},
		"animation.model.reloadempty": {
			"loop": true,
			"animation_length": 3.06667,
			"bones": {
				"main": {
					"rotation": {
						"0.0": {
							"vector": [0, 0, 0]
						},
						"0.1667": {
							"vector": [-4.63576, -3.42478, -9.59009]
						},
						"0.3": {
							"vector": [-8.6066, -3.98962, -8.25432]
						},
						"0.4333": {
							"vector": [-7.85189, -5.51409, -13.36491]
						},
						"0.5": {
							"vector": [-8.06184, -5.78206, -13.78025]
						},
						"0.6": {
							"vector": [-8.93906, -6.2823, -15.02364]
						},
						"0.7": {
							"vector": [-8.87266, -5.39964, -13.11982]
						},
						"0.8": {
							"vector": [-9.52605, -5.56688, -14.13228]
						},
						"0.9": {
							"vector": [-9.44068, -4.83686, -9.56768]
						},
						"1.0": {
							"vector": [-7.59679, -6.47058, -13.31171]
						},
						"1.1333": {
							"vector": [-8.25408, -4.9305, -11.63453]
						},
						"1.2333": {
							"vector": [-8.16146, -4.57839, -12.69932]
						},
						"1.3667": {
							"vector": [-8.24821, -4.43568, -11.70652]
						},
						"1.5": {
							"vector": [-9.81207, -6.98249, -15.96269]
						},
						"1.6": {
							"vector": [-10.94342, -6.73702, -19.52945]
						},
						"1.7": {
							"vector": [-12.12493, -6.94067, -17.95027]
						},
						"1.7667": {
							"vector": [-11.4288, -7.47289, -20.35864]
						},
						"1.8667": {
							"vector": [-11.36507, -5.96325, -15.58067]
						},
						"1.9333": {
							"vector": [-11.04143, -6.30095, -18.58929]
						},
						"2.0": {
							"vector": [-11.22592, -5.963, -16.86235]
						},
						"2.1": {
							"vector": [-11.02528, -6.83955, -18.73996]
						},
						"2.2333": {
							"vector": [-10.78719, -6.64943, -16.4684]
						},
						"2.3333": {
							"vector": [-9.94746, -6.01464, -12.74981]
						},
						"2.4333": {
							"vector": [-9.56584, -6.60794, -16.22021]
						},
						"2.5": {
							"vector": [-10.31506, -5.35477, -9.04005]
						},
						"2.6": {
							"vector": [-8.70632, -6.3987, -14.97986]
						},
						"2.8": {
							"vector": [-2.47656, 0.36274, -6.16031]
						},
						"2.9333": {
							"vector": [0, 0, 0]
						}
					},
					"position": {
						"0.0": {
							"vector": [0, 0, 0]
						},
						"0.1": {
							"vector": [-0.385, 0.15, -2.365]
						},
						"0.2": {
							"vector": [-0.585, 1.1, -2.54]
						},
						"0.3": {
							"vector": [-0.485, 1.6, -3.365]
						},
						"0.4": {
							"vector": [-0.45, 0, -4.88]
						},
						"0.6": {
							"vector": [-0.54, 0.485, -4.7],
							"easing": "easeInSine"
						},
						"0.7667": {
							"vector": [-0.455, 0.485, -5.095]
						},
						"0.9": {
							"vector": [-0.61, -0.525, -5.01]
						},
						"1.0": {
							"vector": [-0.615, -0.53, -4.84]
						},
						"1.2667": {
							"vector": [-0.71, -0.395, -5.26]
						},
						"1.3667": {
							"vector": [-0.615, -0.03, -5.465]
						},
						"1.4667": {
							"vector": [-0.43, 0.23, -6.41]
						},
						"1.5667": {
							"vector": [-0.25, 0.5, -6.98]
						},
						"1.6667": {
							"vector": [-0.25, 0.5, -6.98]
						},
						"1.9": {
							"vector": [-0.18, 0.485, -6.98]
						},
						"2.0": {
							"vector": [-0.225, 0.355, -6.98]
						},
						"2.1": {
							"vector": [-0.295, 0.225, -6.98]
						},
						"2.2": {
							"vector": [-0.125, -0.12, -6.98]
						},
						"2.3": {
							"vector": [0.13, -0.47, -6.98]
						},
						"2.3667": {
							"vector": [0.02, -0.745, -6.9]
						},
						"2.4333": {
							"vector": [-0.095, -0.47, -6.83]
						},
						"2.5333": {
							"vector": [-0.1, -0.47, -8.38]
						},
						"2.6333": {
							"vector": [0.15, -0.47, -7.48]
						},
						"2.7667": {
							"vector": [-0.08, -0.15, -3.6]
						},
						"2.9": {
							"vector": [0, 0, 0]
						}
					}
				},
				"leftarm": {
					"rotation": {
						"0.0": {
							"vector": [0, 0, 0]
						},
						"0.3667": {
							"vector": [-84.55137, 7.06322, 3.17741]
						},
						"0.4333": {
							"vector": [-84.55137, 7.06322, 3.17741]
						},
						"0.5667": {
							"vector": [-58.71112, 1.84836, 14.14967]
						},
						"0.7": {
							"vector": [-39.18772, -1.89681, 4.89599]
						},
						"0.8": {
							"vector": [-39.16114, 1.13313, 6.072]
						},
						"0.8667": {
							"vector": [-41.17721, -3.54945, 4.32032]
						},
						"1.0": {
							"vector": [-32.67701, -9.91211, 5.18601]
						},
						"1.1333": {
							"vector": [-32.67701, -9.91211, 5.18601]
						},
						"1.3667": {
							"vector": [-32.67701, -9.91211, 5.18601]
						},
						"1.5": {
							"vector": [-32.67701, -9.91211, 5.18601]
						},
						"1.5667": {
							"vector": [-32.84304, -10.49173, 6.30588]
						},
						"1.6333": {
							"vector": [-33.28322, -5.21589, -4.25753]
						},
						"1.7": {
							"vector": [-33.21997, -4.64579, -5.37175]
						},
						"1.7667": {
							"vector": [-36.39919, -12.85197, 11.60195]
						},
						"2.0667": {
							"vector": [-36.92197, -13.9586, 14.1732]
						},
						"2.3667": {
							"vector": [-21.39576, -3.60709, 3.11127]
						},
						"2.7": {
							"vector": [-21.39576, -3.60709, 3.11127]
						},
						"2.8": {
							"vector": [0, 0, 0]
						}
					},
					"position": {
						"0.0": {
							"vector": [0, 0, 0]
						},
						"0.1667": {
							"vector": [14.08059, -7.46273, 7.35278]
						},
						"0.3667": {
							"vector": [-0.9136, -15.2918, 17.47423]
						},
						"0.4333": {
							"vector": [-0.9136, -15.2918, 17.47423]
						},
						"0.5667": {
							"vector": [10.30154, -11.474, 10.15208]
						},
						"0.7": {
							"vector": [7.775, -5.525, 4.95]
						},
						"0.8": {
							"vector": [7.775, -5.525, 4.95]
						},
						"0.8667": {
							"vector": [8.645, -8.32, 4.95]
						},
						"1.0": {
							"vector": [7.83611, -17.48025, 5.63228]
						},
						"1.1333": {
							"vector": [4.7943, -31.2784, 8.73854]
						},
						"1.3667": {
							"vector": [4.7943, -31.2784, 8.73854]
						},
						"1.5": {
							"vector": [7.55601, -16.85438, 6.94312]
						},
						"1.5333": {
							"vector": [7.64762, -12.20942, 7.43236]
						},
						"1.5667": {
							"vector": [7.34625, -8.82933, 8.19412]
						},
						"1.6333": {
							"vector": [11.61973, -6.36016, 7.78009]
						},
						"1.7": {
							"vector": [11.78834, -5.91139, 8.10069]
						},
						"1.7667": {
							"vector": [5.03004, -9.26976, 6.85514]
						},
						"2.0667": {
							"vector": [3.97337, -9.70711, 6.52269]
						},
						"2.2": {
							"vector": [6.25925, -8.43877, 2.44254]
						},
						"2.3667": {
							"vector": [1.12961, -7.11266, 1.87472]
						},
						"2.7": {
							"vector": [1.12961, -7.11266, 1.87472]
						},
						"2.8": {
							"vector": [0, 0, 0]
						}
					}
				},
				"belt": {
					"rotation": {
						"0.0": {
							"vector": [0, 0, 0]
						},
						"1.0": {
							"vector": [-1, 0, 0]
						},
						"1.1333": {
							"vector": [-1, 0, 0]
						},
						"1.4": {
							"vector": [-1, 0, 0]
						},
						"1.5333": {
							"vector": [0, 0, 0]
						}
					},
					"position": {
						"0.0": {
							"vector": [0, 0, 0]
						},
						"1.0": {
							"vector": [0, 0, 0]
						},
						"1.1333": {
							"vector": [-2.6446, -11.42565, 3.86959]
						},
						"1.4": {
							"vector": [-2.6446, -11.42565, 3.86959]
						},
						"1.5333": {
							"vector": [0, 0, 0]
						}
					}
				},
				"bullet1": {
					"rotation": {
						"0.2333": {
							"vector": [0, 0, 0]
						},
						"0.3333": {
							"vector": [0, 0, 0]
						},
						"1.8667": {
							"vector": [0, 0, 0]
						},
						"1.9667": {
							"vector": [0, 0, 0]
						}
					},
					"position": {
						"0.2333": {
							"vector": [0, 0, 0]
						},
						"0.3333": {
							"vector": [0.41875, -1.82466, 0.0768]
						},
						"1.8667": {
							"vector": [0.41875, -1.82466, 0.0768]
						},
						"1.9667": {
							"vector": [0, 0, 0]
						}
					},
					"scale": {
						"0.3333": {
							"vector": [1, 1, 1]
						},
						"0.3667": {
							"vector": [0, 0, 0]
						},
						"1.8": {
							"vector": [0, 0, 0]
						},
						"1.8333": {
							"vector": [1, 1, 1]
						}
					}
				},
				"bullet2": {
					"rotation": {
						"0.2333": {
							"vector": [0, 0, 0]
						},
						"0.3333": {
							"vector": [0, 0, 16.5]
						},
						"0.4": {
							"vector": [0, 0, 16.5]
						},
						"1.8333": {
							"vector": [0, 0, 16.5]
						},
						"1.9": {
							"vector": [0, 0, 16.5]
						},
						"1.9667": {
							"vector": [0, 0, 0]
						}
					},
					"position": {
						"0.2333": {
							"vector": [0, 0, 0]
						},
						"0.3333": {
							"vector": [1.03288, -1.71195, 0.04906]
						},
						"0.4": {
							"vector": [1.33156, -2.6214, 0.10846]
						},
						"1.8333": {
							"vector": [1.33156, -2.6214, 0.10846]
						},
						"1.9": {
							"vector": [1.03288, -1.71195, 0.04906]
						},
						"1.9667": {
							"vector": [0, 0, 0]
						}
					},
					"scale": {
						"0.4": {
							"vector": [1, 1, 1]
						},
						"0.4333": {
							"vector": [0, 0, 0]
						},
						"1.8": {
							"vector": [0, 0, 0]
						},
						"1.8333": {
							"vector": [1, 1, 1]
						}
					}
				},
				"bullet3": {
					"rotation": {
						"0.2333": {
							"vector": [0, 0, 0]
						},
						"0.3333": {
							"vector": [0, 0, 10.75]
						},
						"0.4": {
							"vector": [0, 0, 24]
						},
						"0.4667": {
							"vector": [0, 0, 24]
						},
						"1.8333": {
							"vector": [0, 0, 24]
						},
						"1.9667": {
							"vector": [0, 0, 0]
						}
					},
					"position": {
						"0.2333": {
							"vector": [0, 0, 0]
						},
						"0.3333": {
							"vector": [1.29668, -1.33747, 0.02074]
						},
						"0.4": {
							"vector": [2.11796, -2.49267, 0.06772]
						},
						"0.4667": {
							"vector": [2.73901, -2.89298, 0.07804]
						},
						"1.8333": {
							"vector": [2.73901, -2.89298, 0.07804]
						},
						"1.9667": {
							"vector": [0, 0, 0]
						}
					},
					"scale": {
						"0.4667": {
							"vector": [1, 1, 1]
						},
						"0.5": {
							"vector": [0, 0, 0]
						},
						"1.8": {
							"vector": [0, 0, 0]
						},
						"1.8333": {
							"vector": [1, 1, 1]
						}
					}
				},
				"belt1": {
					"rotation": {
						"0.0": {
							"vector": [0, 0, 0]
						},
						"0.8667": {
							"vector": [0, 0, 0]
						},
						"1.0": {
							"vector": [33.96722, 0.75967, -13.4421]
						},
						"1.1": {
							"vector": [56.46722, 0.75967, -13.4421]
						},
						"1.2": {
							"vector": [65.51752, 7.1367, -16.33728]
						},
						"1.3333": {
							"vector": [65.51752, 7.1367, -16.33728]
						},
						"1.4333": {
							"vector": [65.51752, 7.1367, -16.33728]
						},
						"1.5667": {
							"vector": [-2.91601, -1.74798, -1.50128]
						},
						"1.6333": {
							"vector": [-0.07632, -1.24767, -14.74917]
						},
						"1.7": {
							"vector": [-0.01963, -0.74974, -16.74987]
						},
						"1.7667": {
							"vector": [0, 0, -4.5]
						}
					},
					"position": {
						"0.0": {
							"vector": [0, 0, 0]
						},
						"0.8": {
							"vector": [0, 0, 0]
						},
						"0.8667": {
							"vector": [0, -1, 0]
						},
						"1.0": {
							"vector": [1.82939, -10.0738, -2.1014]
						},
						"1.1": {
							"vector": [0.87899, -13.49929, -3.6706]
						},
						"1.2": {
							"vector": [0.72469, -14.14608, -3.55131]
						},
						"1.3333": {
							"vector": [0.72469, -14.14608, -3.55131]
						},
						"1.4333": {
							"vector": [0.72469, -14.14608, -3.55131]
						},
						"1.5667": {
							"vector": [0.61274, -0.33349, -0.20325]
						},
						"1.6333": {
							"vector": [0.0939, -0.15312, -0.17541]
						},
						"1.7": {
							"vector": [0.0939, -0.15312, -0.17541]
						},
						"1.7667": {
							"vector": [0.0014, -0.11504, -0.17128]
						}
					}
				},
				"belt2": {
					"rotation": {
						"0.0": {
							"vector": [0, 0, 0]
						},
						"0.8": {
							"vector": [0, 0, 0]
						},
						"0.8667": {
							"vector": [1.5, 0, -4.5]
						},
						"0.9": {
							"vector": [11.36854, 0.73132, -4.84643]
						},
						"1.0": {
							"vector": [31.08733, -3.95508, -8.32371]
						},
						"1.1": {
							"vector": [48.16677, 6.13509, -13.8506]
						},
						"1.2": {
							"vector": [52.16677, 6.13509, -13.8506]
						},
						"1.4333": {
							"vector": [40.65991, 2.02995, -11.01398]
						},
						"1.5667": {
							"vector": [-0.87972, -0.31585, -9.39305]
						},
						"1.6333": {
							"vector": [-2.92824, 0.05179, -15.28729]
						},
						"1.7": {
							"vector": [-2.92676, 0.54409, -15.19985]
						},
						"1.7667": {
							"vector": [-2.87218, -0.06977, -11.75365]
						}
					},
					"position": {
						"0.0": {
							"vector": [0, 0, 0]
						},
						"0.8": {
							"vector": [0, 0, 0]
						},
						"0.8667": {
							"vector": [0, -1, 0]
						},
						"1.0": {
							"vector": [2.42939, -9.4238, -0.3514]
						},
						"1.1": {
							"vector": [1.28182, -11.81005, -1.35559]
						},
						"1.4333": {
							"vector": [-0.07184, -11.92413, -1.37552]
						},
						"1.5": {
							"vector": [1.34187, -6.48112, -0.8986]
						},
						"1.5667": {
							"vector": [0.69734, -0.39533, -0.29352]
						},
						"1.6333": {
							"vector": [0.77612, 0.50955, -0.24126]
						},
						"1.7": {
							"vector": [0.77612, 0.50955, -0.24126]
						},
						"1.7667": {
							"vector": [0.355, 0.285, -0.24]
						}
					}
				},
				"belt3": {
					"rotation": {
						"0.0": {
							"vector": [0, 0, 0]
						},
						"0.8": {
							"vector": [0, 0, 0]
						},
						"0.8667": {
							"vector": [2.60579, 4.68377, -8.57786]
						},
						"0.9": {
							"vector": [13.1198, 3.08616, -7.09806]
						},
						"0.9333": {
							"vector": [23.56267, 0.74812, -5.7516]
						},
						"1.0": {
							"vector": [33.8971, -4.20061, -7.43772]
						},
						"1.1": {
							"vector": [42.95552, 10.00348, -13.2291]
						},
						"1.5": {
							"vector": [17.77767, 7.65413, -15.51531]
						},
						"1.5667": {
							"vector": [-0.87931, 5.38688, -16.58038]
						},
						"1.6333": {
							"vector": [-1.01102, 2.66297, -17.84449]
						},
						"1.7": {
							"vector": [-1.01102, 2.66297, -17.84449]
						},
						"1.7667": {
							"vector": [-0.66881, -0.18003, -11.71224]
						}
					},
					"position": {
						"0.0": {
							"vector": [0, 0, 0]
						},
						"0.8": {
							"vector": [0, 0, 0]
						},
						"0.8667": {
							"vector": [0.15, -0.85, 0.05]
						},
						"1.0": {
							"vector": [2.60439, -8.6738, 1.4236]
						},
						"1.1": {
							"vector": [1.76888, -9.81758, 0.05717]
						},
						"1.4333": {
							"vector": [1.77, -9.82, 1.185]
						},
						"1.5": {
							"vector": [1.77, -5.645, 0.19]
						},
						"1.5667": {
							"vector": [1.095, -0.24, -0.36]
						},
						"1.6333": {
							"vector": [1.575, 0.46, -0.36]
						},
						"1.7": {
							"vector": [1.575, 0.46, -0.36]
						},
						"1.7667": {
							"vector": [0.98, 0.285, -0.36]
						}
					}
				},
				"belt4": {
					"rotation": {
						"0.0": {
							"vector": [0, 0, 0]
						},
						"0.8": {
							"vector": [0, 0, 0]
						},
						"0.8667": {
							"vector": [1.25, 0, -4]
						},
						"0.9333": {
							"vector": [18.19501, -0.68659, -6.35219]
						},
						"1.0": {
							"vector": [26.61149, -2.37466, -9.78338]
						},
						"1.1": {
							"vector": [40.35984, -2.48721, -10.52488]
						},
						"1.4333": {
							"vector": [40.35984, -2.48721, -10.52488]
						},
						"1.5": {
							"vector": [16.86135, -2.22128, -10.10146]
						},
						"1.5667": {
							"vector": [-1.63865, -2.22128, -10.10146]
						},
						"1.6333": {
							"vector": [-1.63904, -2.80109, -10.57721]
						},
						"1.7": {
							"vector": [-1.63904, -2.80109, -10.57721]
						}
					},
					"position": {
						"0.0": {
							"vector": [0, 0, 0]
						},
						"0.8": {
							"vector": [0, 0, 0]
						},
						"0.8667": {
							"vector": [0.575, -0.65, 0]
						},
						"1.0": {
							"vector": [2.53439, -7.1988, 2.0986]
						},
						"1.1": {
							"vector": [2.341, -7.82878, 1.55787]
						},
						"1.4333": {
							"vector": [2.341, -7.82878, 1.55787]
						},
						"1.5": {
							"vector": [2.49, -4.88, 0.585]
						},
						"1.5667": {
							"vector": [2.49, -0.03, -0.485]
						},
						"1.6333": {
							"vector": [2.39, 0.595, -0.49]
						},
						"1.7": {
							"vector": [2.39, 0.595, -0.49]
						},
						"1.7667": {
							"vector": [1.515, 0.6, -0.49]
						}
					}
				},
				"belt5": {
					"rotation": {
						"0.0": {
							"vector": [0, 0, 0]
						},
						"0.8": {
							"vector": [0, 0, 0]
						},
						"0.8667": {
							"vector": [4.80272, 4.30153, -5.87506]
						},
						"0.9": {
							"vector": [6.42683, 1.55, -6.17503]
						},
						"0.9333": {
							"vector": [13.57341, -1.09606, -5.56085]
						},
						"1.0": {
							"vector": [20.83555, -5.74475, -10.07048]
						},
						"1.1": {
							"vector": [27.83555, -5.74475, -10.07048]
						},
						"1.5333": {
							"vector": [27.83555, -5.74475, -10.07048]
						},
						"1.6667": {
							"vector": [-2.84281, -3.50912, -7.70469]
						},
						"1.7667": {
							"vector": [-2.83115, 2.61903, -12.45127]
						}
					},
					"position": {
						"0.0": {
							"vector": [0, 0, 0]
						},
						"0.8": {
							"vector": [0, 0, 0]
						},
						"0.8667": {
							"vector": [0.525, -0.675, 0.05]
						},
						"1.0": {
							"vector": [2.40939, -5.8688, 2.1236]
						},
						"1.1": {
							"vector": [2.327, -6.13653, 1.84014]
						},
						"1.5333": {
							"vector": [2.327, -6.13653, 1.84014]
						},
						"1.6667": {
							"vector": [2.09857, 0.87588, -0.74508]
						},
						"1.7667": {
							"vector": [1.7, 0.88, -0.75]
						}
					}
				},
				"belt6": {
					"rotation": {
						"0.0": {
							"vector": [0, 0, 0]
						},
						"0.8": {
							"vector": [0, 0, 0]
						},
						"0.8667": {
							"vector": [2.01745, 3.86595, -3.56258]
						},
						"0.9333": {
							"vector": [11.29993, 3.94565, -6.57616]
						},
						"1.0": {
							"vector": [18.83176, 3.8238, -9.57822]
						},
						"1.5333": {
							"vector": [18.83176, 3.8238, -9.57822]
						},
						"1.6667": {
							"vector": [-4.96775, -5.45842, -7.99709]
						}
					},
					"position": {
						"0.0": {
							"vector": [0, 0, 0]
						},
						"0.8": {
							"vector": [0, 0, 0]
						},
						"0.8667": {
							"vector": [0.6, -0.525, 0]
						},
						"1.0": {
							"vector": [2.20143, -4.7847, 2.06707]
						},
						"1.5333": {
							"vector": [2.20143, -4.7847, 2.06707]
						},
						"1.6667": {
							"vector": [2.3982, 0.64845, -0.92648]
						}
					}
				},
				"belt7": {
					"rotation": {
						"0.0": {
							"vector": [0, 0, 0]
						},
						"0.8": {
							"vector": [0, 0, 0]
						},
						"0.8667": {
							"vector": [3, 0, 0]
						},
						"1.0": {
							"vector": [18.22319, 1.59427, -8.12694]
						},
						"1.5333": {
							"vector": [18.22319, 1.59427, -8.12694]
						},
						"1.6667": {
							"vector": [-6.82168, -5.22625, -7.35847]
						}
					},
					"position": {
						"0.0": {
							"vector": [0, 0, 0]
						},
						"0.8": {
							"vector": [0, 0, 0]
						},
						"0.8667": {
							"vector": [0.4, -0.45, 0.225]
						},
						"1.0": {
							"vector": [1.8934, -3.89091, 2.27891]
						},
						"1.5333": {
							"vector": [1.8934, -3.89091, 2.27891]
						},
						"1.6667": {
							"vector": [2.27961, 0.30334, -1.03913]
						}
					}
				},
				"belt8": {
					"rotation": {
						"0.0": {
							"vector": [0, 0, 0]
						},
						"0.8": {
							"vector": [0, 0, 0]
						},
						"0.8667": {
							"vector": [0.74218, -4.02576, 3.01719]
						},
						"1.0": {
							"vector": [19.85124, -1.54824, -4.96893]
						},
						"1.5333": {
							"vector": [19.85124, -1.54824, -4.96893]
						},
						"1.6667": {
							"vector": [-9.04545, -13.76635, -2.29462]
						}
					},
					"position": {
						"0.0": {
							"vector": [0, 0, 0]
						},
						"0.8": {
							"vector": [0, 0, 0]
						},
						"0.8667": {
							"vector": [0, -0.15, 0]
						},
						"1.0": {
							"vector": [1.45924, -2.95463, 2.03354]
						},
						"1.5333": {
							"vector": [1.45924, -2.95463, 2.03354]
						},
						"1.6667": {
							"vector": [1.63449, -0.01906, -0.96788]
						}
					}
				},
				"belt9": {
					"rotation": {
						"0.0": {
							"vector": [0, 0, 0]
						},
						"0.8": {
							"vector": [0, 0, 0]
						},
						"0.8667": {
							"vector": [2.99718, -8.138, -1.54814]
						},
						"1.0": {
							"vector": [26.187, 0.12331, -11.87636]
						},
						"1.5333": {
							"vector": [26.187, 0.12331, -11.87636]
						},
						"1.6667": {
							"vector": [0.04201, 2.21118, -8.10545]
						}
					},
					"position": {
						"0.0": {
							"vector": [0, 0, 0]
						},
						"0.8": {
							"vector": [0, 0, 0]
						},
						"0.8667": {
							"vector": [0.35, 0, 0]
						},
						"1.0": {
							"vector": [1.17466, -1.95476, 2.02903]
						},
						"1.5333": {
							"vector": [1.17466, -1.95476, 2.02903]
						},
						"1.6667": {
							"vector": [1.55564, -0.2941, -0.36106]
						}
					}
				},
				"belt10": {
					"rotation": {
						"0.0": {
							"vector": [0, 0, 0]
						},
						"0.8667": {
							"vector": [0, 0, 0]
						},
						"1.0": {
							"vector": [16.49786, 4.66213, -10.89596]
						},
						"1.5333": {
							"vector": [16.49786, 4.66213, -10.89596]
						},
						"1.6667": {
							"vector": [4.78579, -2.4238, -4.21002]
						}
					},
					"position": {
						"0.0": {
							"vector": [0, 0, 0]
						},
						"0.8667": {
							"vector": [0, 0, 0]
						},
						"1.0": {
							"vector": [1.15252, -1.31682, 1.27826]
						},
						"1.5333": {
							"vector": [1.15252, -1.31682, 1.27826]
						},
						"1.6667": {
							"vector": [1.29484, -0.77013, 0.02809]
						}
					}
				},
				"belt11": {
					"rotation": {
						"0.0": {
							"vector": [0, 0, 0]
						},
						"0.8667": {
							"vector": [0, 0, 0]
						},
						"1.0": {
							"vector": [13.83669, 4.97976, -8.91806]
						},
						"1.5333": {
							"vector": [13.83669, 4.97976, -8.91806]
						},
						"1.6667": {
							"vector": [3.49815, -1.08247, -5.34018]
						}
					},
					"position": {
						"0.0": {
							"vector": [0, 0, 0]
						},
						"0.8667": {
							"vector": [0, 0, 0]
						},
						"1.0": {
							"vector": [1.12504, -0.96298, 1.14486]
						},
						"1.5333": {
							"vector": [1.12504, -0.96298, 1.14486]
						},
						"1.6667": {
							"vector": [1.13718, -0.80432, 0.08343]
						}
					}
				},
				"belt12": {
					"rotation": {
						"0.0": {
							"vector": [0, 0, 0]
						},
						"0.8667": {
							"vector": [0, 0, 0]
						},
						"1.0": {
							"vector": [8.41205, 3.11639, -7.62744]
						}
					},
					"position": {
						"0.0": {
							"vector": [0, 0, 0]
						},
						"0.8667": {
							"vector": [0, 0, 0]
						},
						"1.0": {
							"vector": [1.37668, -0.8881, 0.63574]
						}
					}
				},
				"belt13": {
					"rotation": {
						"0.0": {
							"vector": [0, 0, 0]
						},
						"0.8667": {
							"vector": [0, 0, 0]
						},
						"1.0": {
							"vector": [4.97139, 1.88327, -5.28223]
						}
					},
					"position": {
						"0.0": {
							"vector": [0, 0, 0]
						},
						"0.8667": {
							"vector": [0, 0, 0]
						},
						"1.0": {
							"vector": [1.37192, -0.89258, 0.46086]
						}
					}
				},
				"belt14": {
					"rotation": {
						"0.0": {
							"vector": [0, 0, 0]
						},
						"0.8667": {
							"vector": [0, 0, 0]
						},
						"1.0": {
							"vector": [5.68889, -7.40543, -6.46096]
						}
					},
					"position": {
						"0.0": {
							"vector": [0, 0, 0]
						},
						"0.8667": {
							"vector": [0, 0, 0]
						},
						"1.0": {
							"vector": [1.39805, -0.80941, -0.01731]
						}
					}
				},
				"action": {
					"position": {
						"0.0": {
							"vector": [0, 0, 9.8]
						},
						"2.4333": {
							"vector": [0, 0, 9.8]
						},
						"2.4667": {
							"vector": [0, 0, 0]
						}
					}
				},
				"barrel": {
					"position": {
						"0.0": {
							"vector": [0, 0, 2.6]
						},
						"2.4333": {
							"vector": [0, 0, 2.6]
						},
						"2.4667": {
							"vector": [0, 0, 0]
						}
					}
				}
			},
			"sound_effects": {
				"0.0": {
					"effect": "foley_start"
				},
				"0.1": {
					"effect": "heavycannon_beltfeed"
				},
				"0.6667": {
					"effect": "heavycannon_beltout"
				},
				"1.4333": {
					"effect": "heavycannon_beltin"
				},
				"1.6": {
					"effect": "heavycannon_beltfeed"
				},
				"2.3667": {
					"effect": "heavycannon_action"
				},
				"2.4333": {
					"effect": "foley_end"
				}
			}
		},
		"animation.model.reload": {
			"loop": true,
			"animation_length": 3.06667,
			"bones": {
				"main": {
					"rotation": {
						"0.0": {
							"vector": [0, 0, 0]
						},
						"0.1667": {
							"vector": [-4.63576, -3.42478, -9.59009]
						},
						"0.3": {
							"vector": [-8.6066, -3.98962, -8.25432]
						},
						"0.4333": {
							"vector": [-7.85189, -5.51409, -13.36491]
						},
						"0.5": {
							"vector": [-8.06184, -5.78206, -13.78025]
						},
						"0.6": {
							"vector": [-8.93906, -6.2823, -15.02364]
						},
						"0.7": {
							"vector": [-8.87266, -5.39964, -13.11982]
						},
						"0.8": {
							"vector": [-9.52605, -5.56688, -14.13228]
						},
						"0.9": {
							"vector": [-9.44068, -4.83686, -9.56768]
						},
						"1.0": {
							"vector": [-7.59679, -6.47058, -13.31171]
						},
						"1.1333": {
							"vector": [-8.25408, -4.9305, -11.63453]
						},
						"1.2333": {
							"vector": [-8.16146, -4.57839, -12.69932]
						},
						"1.3667": {
							"vector": [-8.24821, -4.43568, -11.70652]
						},
						"1.5": {
							"vector": [-9.81207, -6.98249, -15.96269]
						},
						"1.6": {
							"vector": [-10.94342, -6.73702, -19.52945]
						},
						"1.7": {
							"vector": [-12.12493, -6.94067, -17.95027]
						},
						"1.7667": {
							"vector": [-11.4288, -7.47289, -20.35864]
						},
						"1.8667": {
							"vector": [-11.36507, -5.96325, -15.58067]
						},
						"1.9333": {
							"vector": [-11.04143, -6.30095, -18.58929]
						},
						"2.0": {
							"vector": [-11.22592, -5.963, -16.86235]
						},
						"2.1": {
							"vector": [-11.02528, -6.83955, -18.73996]
						},
						"2.2333": {
							"vector": [-10.78719, -6.64943, -16.4684]
						},
						"2.4333": {
							"vector": [-2.47656, 0.36274, -6.16031]
						},
						"2.5667": {
							"vector": [0, 0, 0]
						}
					},
					"position": {
						"0.0": {
							"vector": [0, 0, 0]
						},
						"0.1": {
							"vector": [-0.385, 0.15, -2.365]
						},
						"0.2": {
							"vector": [-0.585, 1.1, -2.54]
						},
						"0.3": {
							"vector": [-0.485, 1.6, -3.365]
						},
						"0.4": {
							"vector": [-0.45, 0, -4.88]
						},
						"0.6": {
							"vector": [-0.54, 0.485, -4.7],
							"easing": "easeInSine"
						},
						"0.7667": {
							"vector": [-0.455, 0.485, -5.095]
						},
						"0.9": {
							"vector": [-0.61, -0.525, -5.01]
						},
						"1.0": {
							"vector": [-0.615, -0.53, -4.84]
						},
						"1.2667": {
							"vector": [-0.71, -0.395, -5.26]
						},
						"1.3667": {
							"vector": [-0.615, -0.03, -5.465]
						},
						"1.4667": {
							"vector": [-0.43, 0.23, -6.41]
						},
						"1.5667": {
							"vector": [-0.25, 0.5, -6.98]
						},
						"1.6667": {
							"vector": [-0.25, 0.5, -6.98]
						},
						"1.9": {
							"vector": [-0.18, 0.485, -6.98]
						},
						"2.0": {
							"vector": [-0.225, 0.355, -6.98]
						},
						"2.1": {
							"vector": [-0.295, 0.225, -6.98]
						},
						"2.2": {
							"vector": [-0.125, -0.12, -6.98]
						},
						"2.3": {
							"vector": [-0.1, -0.13, -5.915]
						},
						"2.4": {
							"vector": [-0.08, -0.15, -3.6]
						},
						"2.5333": {
							"vector": [0, 0, 0]
						}
					}
				},
				"leftarm": {
					"rotation": {
						"0.0": {
							"vector": [0, 0, 0]
						},
						"0.3667": {
							"vector": [-84.55137, 7.06322, 3.17741]
						},
						"0.4333": {
							"vector": [-84.55137, 7.06322, 3.17741]
						},
						"0.5667": {
							"vector": [-58.71112, 1.84836, 14.14967]
						},
						"0.7": {
							"vector": [-39.18772, -1.89681, 4.89599]
						},
						"0.8": {
							"vector": [-39.16114, 1.13313, 6.072]
						},
						"0.8667": {
							"vector": [-41.17721, -3.54945, 4.32032]
						},
						"1.0": {
							"vector": [-32.67701, -9.91211, 5.18601]
						},
						"1.1333": {
							"vector": [-32.67701, -9.91211, 5.18601]
						},
						"1.3667": {
							"vector": [-32.67701, -9.91211, 5.18601]
						},
						"1.5": {
							"vector": [-32.67701, -9.91211, 5.18601]
						},
						"1.5667": {
							"vector": [-32.84304, -10.49173, 6.30588]
						},
						"1.6333": {
							"vector": [-33.28322, -5.21589, -4.25753]
						},
						"1.7": {
							"vector": [-33.21997, -4.64579, -5.37175]
						},
						"1.7667": {
							"vector": [-36.39919, -12.85197, 11.60195]
						},
						"2.1": {
							"vector": [-36.92197, -13.9586, 14.1732]
						},
						"2.4": {
							"vector": [0, 0, 0]
						}
					},
					"position": {
						"0.0": {
							"vector": [0, 0, 0]
						},
						"0.1667": {
							"vector": [14.08059, -7.46273, 7.35278]
						},
						"0.3667": {
							"vector": [-0.9136, -15.2918, 17.47423]
						},
						"0.4333": {
							"vector": [-0.9136, -15.2918, 17.47423]
						},
						"0.5667": {
							"vector": [10.30154, -11.474, 10.15208]
						},
						"0.7": {
							"vector": [7.775, -5.525, 4.95]
						},
						"0.8": {
							"vector": [7.775, -5.525, 4.95]
						},
						"0.8667": {
							"vector": [8.645, -8.32, 4.95]
						},
						"1.0": {
							"vector": [7.83611, -17.48025, 5.63228]
						},
						"1.1333": {
							"vector": [4.7943, -31.2784, 8.73854]
						},
						"1.3667": {
							"vector": [4.7943, -31.2784, 8.73854]
						},
						"1.5": {
							"vector": [7.55601, -16.85438, 6.94312]
						},
						"1.5333": {
							"vector": [7.64762, -12.20942, 7.43236]
						},
						"1.5667": {
							"vector": [7.34625, -8.82933, 8.19412]
						},
						"1.6333": {
							"vector": [11.61973, -6.36016, 7.78009]
						},
						"1.7": {
							"vector": [11.78834, -5.91139, 8.10069]
						},
						"1.7667": {
							"vector": [5.03004, -9.26976, 6.85514]
						},
						"2.1": {
							"vector": [3.97337, -9.70711, 6.52269]
						},
						"2.2333": {
							"vector": [6.25925, -8.43877, 2.44254]
						},
						"2.4": {
							"vector": [0, 0, 0]
						}
					}
				},
				"belt": {
					"rotation": {
						"0.0": {
							"vector": [0, 0, 0]
						},
						"1.0": {
							"vector": [-1, 0, 0]
						},
						"1.1333": {
							"vector": [-1, 0, 0]
						},
						"1.4": {
							"vector": [-1, 0, 0]
						},
						"1.5333": {
							"vector": [0, 0, 0]
						}
					},
					"position": {
						"0.0": {
							"vector": [0, 0, 0]
						},
						"1.0": {
							"vector": [0, 0, 0]
						},
						"1.1333": {
							"vector": [-2.6446, -11.42565, 3.86959]
						},
						"1.4": {
							"vector": [-2.6446, -11.42565, 3.86959]
						},
						"1.5333": {
							"vector": [0, 0, 0]
						}
					}
				},
				"bullet1": {
					"rotation": {
						"0.2333": {
							"vector": [0, 0, 0]
						},
						"0.3333": {
							"vector": [0, 0, 0]
						},
						"1.8667": {
							"vector": [0, 0, 0]
						},
						"1.9667": {
							"vector": [0, 0, 0]
						}
					},
					"position": {
						"0.2333": {
							"vector": [0, 0, 0]
						},
						"0.3333": {
							"vector": [0.41875, -1.82466, 0.0768]
						},
						"1.8667": {
							"vector": [0.41875, -1.82466, 0.0768]
						},
						"1.9667": {
							"vector": [0, 0, 0]
						}
					},
					"scale": {
						"0.3333": {
							"vector": [1, 1, 1]
						},
						"0.3667": {
							"vector": [0, 0, 0]
						},
						"1.8": {
							"vector": [0, 0, 0]
						},
						"1.8333": {
							"vector": [1, 1, 1]
						}
					}
				},
				"bullet2": {
					"rotation": {
						"0.2333": {
							"vector": [0, 0, 0]
						},
						"0.3333": {
							"vector": [0, 0, 16.5]
						},
						"0.4": {
							"vector": [0, 0, 16.5]
						},
						"1.8333": {
							"vector": [0, 0, 16.5]
						},
						"1.9": {
							"vector": [0, 0, 16.5]
						},
						"1.9667": {
							"vector": [0, 0, 0]
						}
					},
					"position": {
						"0.2333": {
							"vector": [0, 0, 0]
						},
						"0.3333": {
							"vector": [1.03288, -1.71195, 0.04906]
						},
						"0.4": {
							"vector": [1.33156, -2.6214, 0.10846]
						},
						"1.8333": {
							"vector": [1.33156, -2.6214, 0.10846]
						},
						"1.9": {
							"vector": [1.03288, -1.71195, 0.04906]
						},
						"1.9667": {
							"vector": [0, 0, 0]
						}
					},
					"scale": {
						"0.4": {
							"vector": [1, 1, 1]
						},
						"0.4333": {
							"vector": [0, 0, 0]
						},
						"1.8": {
							"vector": [0, 0, 0]
						},
						"1.8333": {
							"vector": [1, 1, 1]
						}
					}
				},
				"bullet3": {
					"rotation": {
						"0.2333": {
							"vector": [0, 0, 0]
						},
						"0.3333": {
							"vector": [0, 0, 10.75]
						},
						"0.4": {
							"vector": [0, 0, 24]
						},
						"0.4667": {
							"vector": [0, 0, 24]
						},
						"1.8333": {
							"vector": [0, 0, 24]
						},
						"1.9667": {
							"vector": [0, 0, 0]
						}
					},
					"position": {
						"0.2333": {
							"vector": [0, 0, 0]
						},
						"0.3333": {
							"vector": [1.29668, -1.33747, 0.02074]
						},
						"0.4": {
							"vector": [2.11796, -2.49267, 0.06772]
						},
						"0.4667": {
							"vector": [2.73901, -2.89298, 0.07804]
						},
						"1.8333": {
							"vector": [2.73901, -2.89298, 0.07804]
						},
						"1.9667": {
							"vector": [0, 0, 0]
						}
					},
					"scale": {
						"0.4667": {
							"vector": [1, 1, 1]
						},
						"0.5": {
							"vector": [0, 0, 0]
						},
						"1.8": {
							"vector": [0, 0, 0]
						},
						"1.8333": {
							"vector": [1, 1, 1]
						}
					}
				},
				"belt1": {
					"rotation": {
						"0.0": {
							"vector": [0, 0, 0]
						},
						"0.8667": {
							"vector": [0, 0, 0]
						},
						"1.0": {
							"vector": [33.96722, 0.75967, -13.4421]
						},
						"1.1": {
							"vector": [56.46722, 0.75967, -13.4421]
						},
						"1.2": {
							"vector": [65.51752, 7.1367, -16.33728]
						},
						"1.3333": {
							"vector": [65.51752, 7.1367, -16.33728]
						},
						"1.4333": {
							"vector": [65.51752, 7.1367, -16.33728]
						},
						"1.5667": {
							"vector": [-2.91601, -1.74798, -1.50128]
						},
						"1.6333": {
							"vector": [-0.07632, -1.24767, -14.74917]
						},
						"1.7": {
							"vector": [-0.01963, -0.74974, -16.74987]
						},
						"1.7667": {
							"vector": [0, 0, -4.5]
						}
					},
					"position": {
						"0.0": {
							"vector": [0, 0, 0]
						},
						"0.8": {
							"vector": [0, 0, 0]
						},
						"0.8667": {
							"vector": [0, -1, 0]
						},
						"1.0": {
							"vector": [1.82939, -10.0738, -2.1014]
						},
						"1.1": {
							"vector": [0.87899, -13.49929, -3.6706]
						},
						"1.2": {
							"vector": [0.72469, -14.14608, -3.55131]
						},
						"1.3333": {
							"vector": [0.72469, -14.14608, -3.55131]
						},
						"1.4333": {
							"vector": [0.72469, -14.14608, -3.55131]
						},
						"1.5667": {
							"vector": [0.61274, -0.33349, -0.20325]
						},
						"1.6333": {
							"vector": [0.0939, -0.15312, -0.17541]
						},
						"1.7": {
							"vector": [0.0939, -0.15312, -0.17541]
						},
						"1.7667": {
							"vector": [0.0014, -0.11504, -0.17128]
						}
					}
				},
				"belt2": {
					"rotation": {
						"0.0": {
							"vector": [0, 0, 0]
						},
						"0.8": {
							"vector": [0, 0, 0]
						},
						"0.8667": {
							"vector": [1.5, 0, -4.5]
						},
						"0.9": {
							"vector": [11.36854, 0.73132, -4.84643]
						},
						"1.0": {
							"vector": [31.08733, -3.95508, -8.32371]
						},
						"1.1": {
							"vector": [48.16677, 6.13509, -13.8506]
						},
						"1.2": {
							"vector": [52.16677, 6.13509, -13.8506]
						},
						"1.4333": {
							"vector": [40.65991, 2.02995, -11.01398]
						},
						"1.5667": {
							"vector": [-0.87972, -0.31585, -9.39305]
						},
						"1.6333": {
							"vector": [-2.92824, 0.05179, -15.28729]
						},
						"1.7": {
							"vector": [-2.92676, 0.54409, -15.19985]
						},
						"1.7667": {
							"vector": [-2.87218, -0.06977, -11.75365]
						}
					},
					"position": {
						"0.0": {
							"vector": [0, 0, 0]
						},
						"0.8": {
							"vector": [0, 0, 0]
						},
						"0.8667": {
							"vector": [0, -1, 0]
						},
						"1.0": {
							"vector": [2.42939, -9.4238, -0.3514]
						},
						"1.1": {
							"vector": [1.28182, -11.81005, -1.35559]
						},
						"1.4333": {
							"vector": [-0.07184, -11.92413, -1.37552]
						},
						"1.5": {
							"vector": [1.34187, -6.48112, -0.8986]
						},
						"1.5667": {
							"vector": [0.69734, -0.39533, -0.29352]
						},
						"1.6333": {
							"vector": [0.77612, 0.50955, -0.24126]
						},
						"1.7": {
							"vector": [0.77612, 0.50955, -0.24126]
						},
						"1.7667": {
							"vector": [0.355, 0.285, -0.24]
						}
					}
				},
				"belt3": {
					"rotation": {
						"0.0": {
							"vector": [0, 0, 0]
						},
						"0.8": {
							"vector": [0, 0, 0]
						},
						"0.8667": {
							"vector": [2.60579, 4.68377, -8.57786]
						},
						"0.9": {
							"vector": [13.1198, 3.08616, -7.09806]
						},
						"0.9333": {
							"vector": [23.56267, 0.74812, -5.7516]
						},
						"1.0": {
							"vector": [33.8971, -4.20061, -7.43772]
						},
						"1.1": {
							"vector": [42.95552, 10.00348, -13.2291]
						},
						"1.5": {
							"vector": [17.77767, 7.65413, -15.51531]
						},
						"1.5667": {
							"vector": [-0.87931, 5.38688, -16.58038]
						},
						"1.6333": {
							"vector": [-1.01102, 2.66297, -17.84449]
						},
						"1.7": {
							"vector": [-1.01102, 2.66297, -17.84449]
						},
						"1.7667": {
							"vector": [-0.66881, -0.18003, -11.71224]
						}
					},
					"position": {
						"0.0": {
							"vector": [0, 0, 0]
						},
						"0.8": {
							"vector": [0, 0, 0]
						},
						"0.8667": {
							"vector": [0.15, -0.85, 0.05]
						},
						"1.0": {
							"vector": [2.60439, -8.6738, 1.4236]
						},
						"1.1": {
							"vector": [1.76888, -9.81758, 0.05717]
						},
						"1.4333": {
							"vector": [1.77, -9.82, 1.185]
						},
						"1.5": {
							"vector": [1.77, -5.645, 0.19]
						},
						"1.5667": {
							"vector": [1.095, -0.24, -0.36]
						},
						"1.6333": {
							"vector": [1.575, 0.46, -0.36]
						},
						"1.7": {
							"vector": [1.575, 0.46, -0.36]
						},
						"1.7667": {
							"vector": [0.98, 0.285, -0.36]
						}
					}
				},
				"belt4": {
					"rotation": {
						"0.0": {
							"vector": [0, 0, 0]
						},
						"0.8": {
							"vector": [0, 0, 0]
						},
						"0.8667": {
							"vector": [1.25, 0, -4]
						},
						"0.9333": {
							"vector": [18.19501, -0.68659, -6.35219]
						},
						"1.0": {
							"vector": [26.61149, -2.37466, -9.78338]
						},
						"1.1": {
							"vector": [40.35984, -2.48721, -10.52488]
						},
						"1.4333": {
							"vector": [40.35984, -2.48721, -10.52488]
						},
						"1.5": {
							"vector": [16.86135, -2.22128, -10.10146]
						},
						"1.5667": {
							"vector": [-1.63865, -2.22128, -10.10146]
						},
						"1.6333": {
							"vector": [-1.63904, -2.80109, -10.57721]
						},
						"1.7": {
							"vector": [-1.63904, -2.80109, -10.57721]
						}
					},
					"position": {
						"0.0": {
							"vector": [0, 0, 0]
						},
						"0.8": {
							"vector": [0, 0, 0]
						},
						"0.8667": {
							"vector": [0.575, -0.65, 0]
						},
						"1.0": {
							"vector": [2.53439, -7.1988, 2.0986]
						},
						"1.1": {
							"vector": [2.341, -7.82878, 1.55787]
						},
						"1.4333": {
							"vector": [2.341, -7.82878, 1.55787]
						},
						"1.5": {
							"vector": [2.49, -4.88, 0.585]
						},
						"1.5667": {
							"vector": [2.49, -0.03, -0.485]
						},
						"1.6333": {
							"vector": [2.39, 0.595, -0.49]
						},
						"1.7": {
							"vector": [2.39, 0.595, -0.49]
						},
						"1.7667": {
							"vector": [1.515, 0.6, -0.49]
						}
					}
				},
				"belt5": {
					"rotation": {
						"0.0": {
							"vector": [0, 0, 0]
						},
						"0.8": {
							"vector": [0, 0, 0]
						},
						"0.8667": {
							"vector": [4.80272, 4.30153, -5.87506]
						},
						"0.9": {
							"vector": [6.42683, 1.55, -6.17503]
						},
						"0.9333": {
							"vector": [13.57341, -1.09606, -5.56085]
						},
						"1.0": {
							"vector": [20.83555, -5.74475, -10.07048]
						},
						"1.1": {
							"vector": [27.83555, -5.74475, -10.07048]
						},
						"1.5333": {
							"vector": [27.83555, -5.74475, -10.07048]
						},
						"1.6667": {
							"vector": [-2.84281, -3.50912, -7.70469]
						},
						"1.7667": {
							"vector": [-2.83115, 2.61903, -12.45127]
						}
					},
					"position": {
						"0.0": {
							"vector": [0, 0, 0]
						},
						"0.8": {
							"vector": [0, 0, 0]
						},
						"0.8667": {
							"vector": [0.525, -0.675, 0.05]
						},
						"1.0": {
							"vector": [2.40939, -5.8688, 2.1236]
						},
						"1.1": {
							"vector": [2.327, -6.13653, 1.84014]
						},
						"1.5333": {
							"vector": [2.327, -6.13653, 1.84014]
						},
						"1.6667": {
							"vector": [2.09857, 0.87588, -0.74508]
						},
						"1.7667": {
							"vector": [1.7, 0.88, -0.75]
						}
					}
				},
				"belt6": {
					"rotation": {
						"0.0": {
							"vector": [0, 0, 0]
						},
						"0.8": {
							"vector": [0, 0, 0]
						},
						"0.8667": {
							"vector": [2.01745, 3.86595, -3.56258]
						},
						"0.9333": {
							"vector": [11.29993, 3.94565, -6.57616]
						},
						"1.0": {
							"vector": [18.83176, 3.8238, -9.57822]
						},
						"1.5333": {
							"vector": [18.83176, 3.8238, -9.57822]
						},
						"1.6667": {
							"vector": [-4.96775, -5.45842, -7.99709]
						}
					},
					"position": {
						"0.0": {
							"vector": [0, 0, 0]
						},
						"0.8": {
							"vector": [0, 0, 0]
						},
						"0.8667": {
							"vector": [0.6, -0.525, 0]
						},
						"1.0": {
							"vector": [2.20143, -4.7847, 2.06707]
						},
						"1.5333": {
							"vector": [2.20143, -4.7847, 2.06707]
						},
						"1.6667": {
							"vector": [2.3982, 0.64845, -0.92648]
						}
					}
				},
				"belt7": {
					"rotation": {
						"0.0": {
							"vector": [0, 0, 0]
						},
						"0.8": {
							"vector": [0, 0, 0]
						},
						"0.8667": {
							"vector": [3, 0, 0]
						},
						"1.0": {
							"vector": [18.22319, 1.59427, -8.12694]
						},
						"1.5333": {
							"vector": [18.22319, 1.59427, -8.12694]
						},
						"1.6667": {
							"vector": [-6.82168, -5.22625, -7.35847]
						}
					},
					"position": {
						"0.0": {
							"vector": [0, 0, 0]
						},
						"0.8": {
							"vector": [0, 0, 0]
						},
						"0.8667": {
							"vector": [0.4, -0.45, 0.225]
						},
						"1.0": {
							"vector": [1.8934, -3.89091, 2.27891]
						},
						"1.5333": {
							"vector": [1.8934, -3.89091, 2.27891]
						},
						"1.6667": {
							"vector": [2.27961, 0.30334, -1.03913]
						}
					}
				},
				"belt8": {
					"rotation": {
						"0.0": {
							"vector": [0, 0, 0]
						},
						"0.8": {
							"vector": [0, 0, 0]
						},
						"0.8667": {
							"vector": [0.74218, -4.02576, 3.01719]
						},
						"1.0": {
							"vector": [19.85124, -1.54824, -4.96893]
						},
						"1.5333": {
							"vector": [19.85124, -1.54824, -4.96893]
						},
						"1.6667": {
							"vector": [-9.04545, -13.76635, -2.29462]
						}
					},
					"position": {
						"0.0": {
							"vector": [0, 0, 0]
						},
						"0.8": {
							"vector": [0, 0, 0]
						},
						"0.8667": {
							"vector": [0, -0.15, 0]
						},
						"1.0": {
							"vector": [1.45924, -2.95463, 2.03354]
						},
						"1.5333": {
							"vector": [1.45924, -2.95463, 2.03354]
						},
						"1.6667": {
							"vector": [1.63449, -0.01906, -0.96788]
						}
					}
				},
				"belt9": {
					"rotation": {
						"0.0": {
							"vector": [0, 0, 0]
						},
						"0.8": {
							"vector": [0, 0, 0]
						},
						"0.8667": {
							"vector": [2.99718, -8.138, -1.54814]
						},
						"1.0": {
							"vector": [26.187, 0.12331, -11.87636]
						},
						"1.5333": {
							"vector": [26.187, 0.12331, -11.87636]
						},
						"1.6667": {
							"vector": [0.04201, 2.21118, -8.10545]
						}
					},
					"position": {
						"0.0": {
							"vector": [0, 0, 0]
						},
						"0.8": {
							"vector": [0, 0, 0]
						},
						"0.8667": {
							"vector": [0.35, 0, 0]
						},
						"1.0": {
							"vector": [1.17466, -1.95476, 2.02903]
						},
						"1.5333": {
							"vector": [1.17466, -1.95476, 2.02903]
						},
						"1.6667": {
							"vector": [1.55564, -0.2941, -0.36106]
						}
					}
				},
				"belt10": {
					"rotation": {
						"0.0": {
							"vector": [0, 0, 0]
						},
						"0.8667": {
							"vector": [0, 0, 0]
						},
						"1.0": {
							"vector": [16.49786, 4.66213, -10.89596]
						},
						"1.5333": {
							"vector": [16.49786, 4.66213, -10.89596]
						},
						"1.6667": {
							"vector": [4.78579, -2.4238, -4.21002]
						}
					},
					"position": {
						"0.0": {
							"vector": [0, 0, 0]
						},
						"0.8667": {
							"vector": [0, 0, 0]
						},
						"1.0": {
							"vector": [1.15252, -1.31682, 1.27826]
						},
						"1.5333": {
							"vector": [1.15252, -1.31682, 1.27826]
						},
						"1.6667": {
							"vector": [1.29484, -0.77013, 0.02809]
						}
					}
				},
				"belt11": {
					"rotation": {
						"0.0": {
							"vector": [0, 0, 0]
						},
						"0.8667": {
							"vector": [0, 0, 0]
						},
						"1.0": {
							"vector": [13.83669, 4.97976, -8.91806]
						},
						"1.5333": {
							"vector": [13.83669, 4.97976, -8.91806]
						},
						"1.6667": {
							"vector": [3.49815, -1.08247, -5.34018]
						}
					},
					"position": {
						"0.0": {
							"vector": [0, 0, 0]
						},
						"0.8667": {
							"vector": [0, 0, 0]
						},
						"1.0": {
							"vector": [1.12504, -0.96298, 1.14486]
						},
						"1.5333": {
							"vector": [1.12504, -0.96298, 1.14486]
						},
						"1.6667": {
							"vector": [1.13718, -0.80432, 0.08343]
						}
					}
				},
				"belt12": {
					"rotation": {
						"0.0": {
							"vector": [0, 0, 0]
						},
						"0.8667": {
							"vector": [0, 0, 0]
						},
						"1.0": {
							"vector": [8.41205, 3.11639, -7.62744]
						}
					},
					"position": {
						"0.0": {
							"vector": [0, 0, 0]
						},
						"0.8667": {
							"vector": [0, 0, 0]
						},
						"1.0": {
							"vector": [1.37668, -0.8881, 0.63574]
						}
					}
				},
				"belt13": {
					"rotation": {
						"0.0": {
							"vector": [0, 0, 0]
						},
						"0.8667": {
							"vector": [0, 0, 0]
						},
						"1.0": {
							"vector": [4.97139, 1.88327, -5.28223]
						}
					},
					"position": {
						"0.0": {
							"vector": [0, 0, 0]
						},
						"0.8667": {
							"vector": [0, 0, 0]
						},
						"1.0": {
							"vector": [1.37192, -0.89258, 0.46086]
						}
					}
				},
				"belt14": {
					"rotation": {
						"0.0": {
							"vector": [0, 0, 0]
						},
						"0.8667": {
							"vector": [0, 0, 0]
						},
						"1.0": {
							"vector": [5.68889, -7.40543, -6.46096]
						}
					},
					"position": {
						"0.0": {
							"vector": [0, 0, 0]
						},
						"0.8667": {
							"vector": [0, 0, 0]
						},
						"1.0": {
							"vector": [1.39805, -0.80941, -0.01731]
						}
					}
				}
			},
			"sound_effects": {
				"0.0": {
					"effect": "foley_start"
				},
				"0.1": {
					"effect": "heavycannon_beltfeed"
				},
				"0.6667": {
					"effect": "heavycannon_beltout"
				},
				"1.4333": {
					"effect": "heavycannon_beltin"
				},
				"1.6": {
					"effect": "heavycannon_beltfeed"
				},
				"2.0333": {
					"effect": "foley_end"
				}
			}
		}
	},
	"geckolib_format_version": 2
}