{
	"format_version": "1.8.0",
	"animations": {
		"animation.model.draw": {
			"loop": true,
			"animation_length": 1.2,
			"bones": {
				"main": {
					"rotation": {
						"0.0": {
							"vector": [18.3516, -10.6923, 15.19687]
						},
						"0.2": {
							"vector": [1.75167, -2.49883, -4.07639]
						},
						"0.35": {
							"vector": [0.58201, -1.04064, 2.6563]
						},
						"0.45": {
							"vector": [0.34258, 0.38164, 0.59987]
						},
						"0.55": {
							"vector": [0, 0, 0]
						}
					},
					"position": {
						"0.0": {
							"vector": [0, -17.3, 10]
						},
						"0.1": {
							"vector": [0, -7.41, -4.07]
						},
						"0.2": {
							"vector": [-0.4, -1.2, -7.75]
						},
						"0.3": {
							"vector": [0.4, 0, 1.6]
						},
						"0.5": {
							"vector": [0, 0, 0]
						}
					}
				},
				"leftarm": {
					"rotation": {
						"0.0": {
							"vector": [0, 0, 0]
						},
						"0.2": {
							"vector": [1, 0, -22]
						},
						"0.4": {
							"vector": [0, 0, 0]
						}
					},
					"position": {
						"0.0": {
							"vector": [0, 0, 0]
						},
						"0.2": {
							"vector": [3.53901, 3.6754, 5.59783]
						},
						"0.4": {
							"vector": [0, 0, 0]
						}
					}
				}
			},
			"sound_effects": {
				"0.0": {
					"effect": "pistol_draw"
				}
			}
		},
		"animation.model.inspect": {
			"loop": true,
			"animation_length": 4.8,
			"bones": {
				"main": {
					"rotation": {
						"0.0": {
							"vector": [0, 0, 0]
						},
						"0.1667": {
							"vector": [-9.10467, -25.95159, -19.19327],
							"easing": "linear"
						},
						"0.3": {
							"vector": [-9.18088, -30.72584, -29.96084]
						},
						"0.4333": {
							"vector": [-11.10933, -36.38799, -25.34713]
						},
						"0.5333": {
							"vector": [-10.06514, -35.52384, -28.03806]
						},
						"0.6667": {
							"vector": [-10.33412, -34.23121, -27.1616]
						},
						"0.7667": {
							"vector": [-9.41102, -33.79688, -30.35003]
						},
						"0.8667": {
							"vector": [-8.65017, -33.00362, -31.26821]
						},
						"1.0": {
							"vector": [-3.4941, -33.46148, -45.63456]
						},
						"1.1333": {
							"vector": [-5.10177, -33.18669, -41.26087]
						},
						"1.2333": {
							"vector": [-5.44096, -33.36535, -40.34312]
						},
						"1.3333": {
							"vector": [-5.12916, -33.43138, -41.1983]
						},
						"1.4667": {
							"vector": [-4.49196, -33.554, -42.93807]
						},
						"1.6": {
							"vector": [-4.91154, -33.47594, -41.79411]
						},
						"1.7": {
							"vector": [-4.68955, -33.51914, -42.40043],
							"easing": "linear"
						},
						"2.0333": {
							"vector": [-15.01528, 9.53318, 68.94603],
							"easing": "linear"
						},
						"2.1667": {
							"vector": [-13.25936, 9.51163, 74.71344]
						},
						"2.2333": {
							"vector": [-13.48829, 9.60137, 74.4199]
						},
						"2.3": {
							"vector": [-14.38344, 8.65885, 69.9501]
						},
						"2.4333": {
							"vector": [-13.30134, 11.29602, 79.10887]
						},
						"2.5667": {
							"vector": [-13.61291, 10.91624, 77.49153]
						},
						"2.7333": {
							"vector": [-13.29499, 11.30318, 79.14045]
						},
						"2.9": {
							"vector": [-13.06372, 11.56958, 80.30366]
						},
						"3.1": {
							"vector": [-13.14455, 11.47839, 79.90168]
						},
						"3.3": {
							"vector": [-8.79303, -8.93131, 13.72403]
						},
						"3.4667": {
							"vector": [-5.32205, -31.37417, -40.56519]
						},
						"3.5667": {
							"vector": [-5.12916, -33.43138, -41.1983]
						},
						"3.6333": {
							"vector": [-4.81056, -33.49269, -42.06818]
						},
						"3.7": {
							"vector": [-8.24023, -32.91556, -36.10484]
						},
						"3.8": {
							"vector": [-5.12449, -33.40938, -41.49292]
						},
						"3.8667": {
							"vector": [-2.09092, -33.73568, -46.88796]
						},
						"3.9667": {
							"vector": [-7.78877, -33.00244, -36.75283],
							"easing": "linear"
						},
						"4.1333": {
							"vector": [0, -1.75, -2.75]
						},
						"4.3": {
							"vector": [0, 0, 0]
						}
					},
					"position": {
						"0.0": {
							"vector": [0, 0, 0]
						},
						"0.2667": {
							"vector": [-0.475, 3.35, -8.7]
						},
						"0.4": {
							"vector": [-0.195, 0.25, -7.7]
						},
						"0.5667": {
							"vector": [-0.03, 1.5, -7.7]
						},
						"0.6667": {
							"vector": [-0.01, 1.41, -7.7]
						},
						"0.7333": {
							"vector": [-0.34, 1.21, -7.085]
						},
						"0.8333": {
							"vector": [0.055, 1.36, -8.72]
						},
						"0.9": {
							"vector": [-0.125, 1.4, -8.275]
						},
						"1.2": {
							"vector": [-0.52, 1.475, -8]
						},
						"1.4": {
							"vector": [-0.39, 1.425, -8.175]
						},
						"1.6667": {
							"vector": [-0.225, 1.25, -7.975]
						},
						"1.8": {
							"vector": [-0.63, -3.19, -7.65]
						},
						"1.9667": {
							"vector": [2.455, -4.725, -6.15]
						},
						"2.1333": {
							"vector": [2.585, -3.395, -5.545]
						},
						"2.2667": {
							"vector": [2.475, -3.63, -4.17]
						},
						"2.4": {
							"vector": [2.435, -3.43, -4.25]
						},
						"2.5667": {
							"vector": [2.545, -3.425, -4.24]
						},
						"2.7667": {
							"vector": [2.47, -3.5, -4.27]
						},
						"3.0": {
							"vector": [2.51, -3.41, -4.3]
						},
						"3.2333": {
							"vector": [2.455, -3.325, -4.325]
						},
						"3.4333": {
							"vector": [-0.52, 1.075, -8]
						},
						"3.6333": {
							"vector": [-0.39, 1.425, -8.175]
						},
						"3.7": {
							"vector": [-0.175, 1.38, -8.87]
						},
						"3.8": {
							"vector": [-0.46, 1.27, -7.57]
						},
						"3.9": {
							"vector": [-0.45, 1.15, -7.575]
						},
						"4.2333": {
							"vector": [0, 0, 0]
						}
					}
				},
				"leftarm": {
					"rotation": {
						"0.0": {
							"vector": [0, 0, 0]
						},
						"0.1667": {
							"vector": [0, 0, -2.5]
						},
						"1.7333": {
							"vector": [0, 0, -2.5]
						},
						"2.0333": {
							"vector": [40.04474, 32.12591, -85.41336]
						},
						"3.3": {
							"vector": [40.04474, 32.12591, -85.41336]
						},
						"3.5667": {
							"vector": [0, 0, 0]
						}
					},
					"position": {
						"0.0": {
							"vector": [0, 0, 0]
						},
						"0.1667": {
							"vector": [11.23986, -30.20851, 24.64864]
						},
						"1.7333": {
							"vector": [11.23986, -30.20851, 24.64864]
						},
						"2.0333": {
							"vector": [25.67676, 21.94955, 1.30539]
						},
						"3.3": {
							"vector": [25.67676, 21.94955, 1.30539]
						},
						"3.5667": {
							"vector": [0, 0, 0]
						}
					}
				},
				"rightarm": {
					"rotation": {
						"0.0": {
							"vector": [0, 0, 0]
						},
						"0.2333": {
							"vector": [-1.33627, 1.7593, 3.45399]
						},
						"0.5667": {
							"vector": [-1.33627, 1.7593, 3.45399]
						},
						"0.6667": {
							"vector": [-2.41989, 1.49658, 8.83911]
						},
						"0.7333": {
							"vector": [-2.41989, 1.49658, 8.83911]
						},
						"0.8667": {
							"vector": [-6.02043, 1.53282, 8.09633]
						},
						"1.7": {
							"vector": [-6.02043, 1.53282, 8.09633]
						},
						"2.0333": {
							"vector": [-4.86179, 33.49794, 3.19974]
						},
						"3.1667": {
							"vector": [-4.86179, 33.49794, 3.19974]
						},
						"3.4333": {
							"vector": [-6.02043, 1.53282, 8.09633]
						},
						"3.9667": {
							"vector": [-6.02043, 1.53282, 8.09633]
						},
						"4.1667": {
							"vector": [0, 0, 0]
						}
					},
					"position": {
						"0.0": {
							"vector": [0, 0, 0]
						},
						"0.1": {
							"vector": [-1.11225, -1.0752, 3.84361]
						},
						"0.2333": {
							"vector": [-2.75357, 0.56148, 1.68415]
						},
						"0.5667": {
							"vector": [-2.75357, 0.56148, 1.68415]
						},
						"0.6667": {
							"vector": [-2.95, 0.71, 0.255]
						},
						"0.7333": {
							"vector": [-2.95, 0.71, 1.68]
						},
						"0.8667": {
							"vector": [-2.92, -0.935, 1.68]
						},
						"1.7": {
							"vector": [-2.92, -0.935, 1.68]
						},
						"2.0333": {
							"vector": [11.9736, -1.44311, 0.89292]
						},
						"3.1667": {
							"vector": [11.9736, -1.44311, 0.89292]
						},
						"3.4333": {
							"vector": [-2.92, -0.935, 1.68]
						},
						"3.9667": {
							"vector": [-2.92, -0.935, 1.68]
						},
						"4.1667": {
							"vector": [0, 0, 0]
						}
					}
				},
				"slide": {
					"position": {
						"0.0": {
							"vector": [0, 0, 0]
						},
						"0.6667": {
							"vector": [0, 0, 0]
						},
						"0.7": {
							"vector": [0, 0, 6]
						},
						"3.6333": {
							"vector": [0, 0, 6]
						},
						"3.6667": {
							"vector": [0, 0, 0]
						}
					}
				},
				"sideleft": {
					"rotation": {
						"0.0": {
							"vector": [0, 0, 0]
						},
						"2.2333": {
							"vector": [0, 0, 0]
						},
						"2.2667": {
							"vector": [0, -3.75, 0]
						},
						"3.8": {
							"vector": [0, -3.75, 0]
						},
						"3.8333": {
							"vector": [0, 0, 0]
						}
					},
					"position": {
						"0.0": {
							"vector": [0, 0, 0]
						},
						"2.2333": {
							"vector": [0, 0, 0]
						},
						"2.2667": {
							"vector": [2, 0, 0]
						},
						"3.8": {
							"vector": [2, 0, 0]
						},
						"3.8333": {
							"vector": [0, 0, 0]
						}
					}
				},
				"sightright": {
					"rotation": {
						"0.0": {
							"vector": [0, 0, 0]
						},
						"2.2333": {
							"vector": [0, 0, 0]
						},
						"2.2667": {
							"vector": [0, 3.75, 0]
						},
						"3.8": {
							"vector": [0, 3.75, 0]
						},
						"3.8333": {
							"vector": [0, 0, 0]
						}
					},
					"position": {
						"0.0": {
							"vector": [0, 0, 0]
						},
						"2.2333": {
							"vector": [0, 0, 0]
						},
						"2.2667": {
							"vector": [-2, 0, 0]
						},
						"3.8": {
							"vector": [-2, 0, 0]
						},
						"3.8333": {
							"vector": [0, 0, 0]
						}
					}
				}
			},
			"sound_effects": {
				"0.0": {
					"effect": "pistol_inspectup"
				},
				"0.6333": {
					"effect": "doom_plasmapistol_back"
				},
				"1.7333": {
					"effect": "pistol_inspectturn"
				},
				"2.1333": {
					"effect": "doom_plasmapistol_out"
				},
				"3.2": {
					"effect": "pistol_inspectfoley"
				},
				"3.6333": {
					"effect": "doom_plasmapistol_forw"
				},
				"3.7333": {
					"effect": "doom_plasmapistol_in"
				},
				"3.8667": {
					"effect": "pistol_inspectdown"
				}
			}
		},
		"animation.model.reloadempty": {
			"loop": true,
			"animation_length": 2.2,
			"bones": {
				"main": {
					"rotation": {
						"0.0": {
							"vector": [0, 0, 0]
						},
						"0.1": {
							"vector": [-1.2236, -4.33696, -26.62181]
						},
						"0.2": {
							"vector": [-0.67725, -2.55586, -31.62963]
						},
						"0.3": {
							"vector": [-1.34155, 1.58397, 45.65304]
						},
						"0.4333": {
							"vector": [-4.47979, -1.97727, 38.30313]
						},
						"0.5333": {
							"vector": [-4.41876, -0.26086, 43.28005]
						},
						"0.8": {
							"vector": [-25.1938, -26.67717, -20.15016]
						},
						"0.9": {
							"vector": [-30.702, -20.76355, -14.65175]
						},
						"0.9667": {
							"vector": [-27.87519, -24.56047, -21.97597]
						},
						"1.0333": {
							"vector": [-30.22972, -20.19014, -15.01181]
						},
						"1.0667": {
							"vector": [-29.16044, -23.76891, -19.32882]
						},
						"1.1667": {
							"vector": [-30.4885, -20.24335, -14.67036]
						},
						"1.2333": {
							"vector": [-25.34622, -22.60855, -20.87957]
						},
						"1.3": {
							"vector": [-30.62923, -16.53549, -7.59956]
						},
						"1.4": {
							"vector": [-29.73454, -20.72269, -13.46365]
						},
						"1.5": {
							"vector": [-29.73263, -17.287, -8.29327]
						},
						"1.6": {
							"vector": [-14.43819, -11.55464, -2.60569]
						},
						"1.7": {
							"vector": [0, 0, 0]
						}
					},
					"position": {
						"0.0": {
							"vector": [0, 0, 0]
						},
						"0.0667": {
							"vector": [0, -0.625, -3.275]
						},
						"0.1667": {
							"vector": [-0.225, 1.4, -4.98]
						},
						"0.2667": {
							"vector": [-1.695, -6.525, -6.355]
						},
						"0.4": {
							"vector": [-1.99, -8.22, -6.35]
						},
						"0.5667": {
							"vector": [-2.17, -4.77, -6.85]
						},
						"0.7": {
							"vector": [-6.94, -1.09, -8.35]
						},
						"0.8333": {
							"vector": [-6.94, 0.235, -8.35]
						},
						"0.9667": {
							"vector": [-7.32, 1.665, -9.07]
						},
						"1.0333": {
							"vector": [-5.82, -0.535, -9.545]
						},
						"1.0667": {
							"vector": [-6.17, 0.145, -9.54]
						},
						"1.1667": {
							"vector": [-7.02, 0.915, -9.54]
						},
						"1.2333": {
							"vector": [-6.745, 1.235, -11.615]
						},
						"1.3333": {
							"vector": [-7.02, 0.31, -9.77]
						},
						"1.4333": {
							"vector": [-5.86, -2.25, -9.54]
						},
						"1.5667": {
							"vector": [-2.93, -2.23, -0.045]
						},
						"1.6667": {
							"vector": [0, 0, 0]
						}
					}
				},
				"leftarm": {
					"rotation": {
						"0.0": {
							"vector": [0, 0, 0]
						},
						"0.1": {
							"vector": [13.15907, -5.82536, -12.66519]
						},
						"0.2333": {
							"vector": [7.9251, 4.69749, -30.14925]
						},
						"0.5": {
							"vector": [7.9251, 4.69749, -30.14925]
						},
						"0.6667": {
							"vector": [-128.61835, -6.00777, -52.87136]
						},
						"0.7333": {
							"vector": [-128.94131, -20.46173, -21.3581]
						},
						"0.8": {
							"vector": [-128.94131, -20.46173, -21.3581]
						},
						"0.9": {
							"vector": [-128.94131, -20.46173, -21.3581]
						},
						"0.9667": {
							"vector": [-128.94131, -20.46173, -21.3581]
						},
						"1.0333": {
							"vector": [-129.23099, -19.33598, -18.56429]
						},
						"1.1333": {
							"vector": [-129.23099, -19.33598, -18.56429]
						},
						"1.2333": {
							"vector": [-133.77486, -15.4726, -27.8675]
						},
						"1.4333": {
							"vector": [-133.77486, -15.4726, -27.8675]
						},
						"1.5333": {
							"vector": [-94.9141, 6.34184, -36.54042]
						},
						"1.6667": {
							"vector": [0, 0, 0]
						}
					},
					"position": {
						"0.0": {
							"vector": [0, 0, 0]
						},
						"0.2333": {
							"vector": [12.44153, -16.23524, 16.17273]
						},
						"0.5": {
							"vector": [12.44153, -16.23524, 16.17273]
						},
						"0.6667": {
							"vector": [-14.19717, -27.98532, 8.20209]
						},
						"0.7333": {
							"vector": [-11.31934, -30.74242, -1.27784]
						},
						"0.8": {
							"vector": [-11.50158, -31.40759, -2.34787]
						},
						"0.9": {
							"vector": [-11.50158, -31.40759, -2.34787]
						},
						"0.9667": {
							"vector": [-10.75158, -27.90759, -3.14787]
						},
						"1.0333": {
							"vector": [-11.67658, -15.30759, -6.94787]
						},
						"1.1333": {
							"vector": [-11.67658, -15.30759, -6.94787]
						},
						"1.2333": {
							"vector": [-7.47658, -18.60759, -6.94787]
						},
						"1.4333": {
							"vector": [-7.47658, -18.60759, -6.94787]
						},
						"1.5333": {
							"vector": [2.385, -7.69, 3.5]
						},
						"1.6667": {
							"vector": [0, 0, 0]
						}
					}
				},
				"rightarm": {
					"rotation": {
						"0.0": {
							"vector": [0, 0, 0]
						},
						"0.2667": {
							"vector": [0, 0, 0]
						},
						"0.3": {
							"vector": [0.49921, 4.47925, -0.00759]
						},
						"0.4333": {
							"vector": [0, 0, 0]
						},
						"1.0667": {
							"vector": [3.25, 0, -6.5]
						},
						"1.1333": {
							"vector": [3.31625, -1.55991, -14.01702]
						},
						"1.2": {
							"vector": [1.30382, 0.08344, -5.20747]
						},
						"1.5333": {
							"vector": [0, 0, 0]
						}
					},
					"position": {
						"0.0": {
							"vector": [0, 0, 0]
						},
						"0.2667": {
							"vector": [0, 0, 0]
						},
						"0.3": {
							"vector": [1.475, 0, 0]
						},
						"0.4333": {
							"vector": [0, 0, 0]
						},
						"1.0667": {
							"vector": [1.39059, 1.16785, 2.67603]
						},
						"1.1333": {
							"vector": [1.27, 0.745, -0.025]
						},
						"1.2": {
							"vector": [1.04, -0.02, 1.48]
						},
						"1.3": {
							"vector": [0.08, -0.01, 2.115]
						},
						"1.5333": {
							"vector": [0, 0, 0]
						}
					}
				},
				"slide": {
					"position": {
						"0.0": {
							"vector": [0, 0, 6]
						},
						"1.2": {
							"vector": [0, 0, 6]
						},
						"1.2333": {
							"vector": [0, 0, 0]
						}
					}
				}
			},
			"sound_effects": {
				"0.0667": {
					"effect": "pistol_magout"
				},
				"0.7": {
					"effect": "pistol_magin"
				},
				"1.1333": {
					"effect": "pistol_slide"
				}
			}
		},
		"animation.model.reload": {
			"loop": true,
			"animation_length": 2.2,
			"bones": {
				"main": {
					"rotation": {
						"0.0": {
							"vector": [0, 0, 0]
						},
						"0.1": {
							"vector": [-1.95915, -4.05854, -16.59872]
						},
						"0.2": {
							"vector": [-1.111, -2.39941, -21.62147]
						},
						"0.3": {
							"vector": [-1.88517, 0.86873, 20.6573]
						},
						"0.4333": {
							"vector": [-3.22643, -3.68438, 13.32959]
						},
						"0.5333": {
							"vector": [-3.89613, -2.10247, 18.34151]
						},
						"0.8": {
							"vector": [-25.1938, -26.67717, -20.15016]
						},
						"0.9": {
							"vector": [-30.702, -20.76355, -14.65175]
						},
						"0.9667": {
							"vector": [-27.87519, -24.56047, -21.97597]
						},
						"1.0333": {
							"vector": [-30.22972, -20.19014, -15.01181]
						},
						"1.1": {
							"vector": [-29.16044, -23.76891, -19.32882]
						},
						"1.2": {
							"vector": [-29.73454, -20.72269, -13.46365]
						},
						"1.3": {
							"vector": [-29.73263, -17.287, -8.29327]
						},
						"1.4": {
							"vector": [-14.43819, -11.55464, -2.60569]
						},
						"1.5": {
							"vector": [0, 0, 0]
						}
					},
					"position": {
						"0.0": {
							"vector": [0, 0, 0]
						},
						"0.0667": {
							"vector": [0, -0.625, -3.275]
						},
						"0.1667": {
							"vector": [-0.225, 1.4, -4.98]
						},
						"0.2667": {
							"vector": [-1.695, -6.525, -6.355]
						},
						"0.4": {
							"vector": [-1.99, -8.22, -6.35]
						},
						"0.5667": {
							"vector": [-2.17, -4.77, -6.85]
						},
						"0.7": {
							"vector": [-6.94, -1.09, -8.35]
						},
						"0.8333": {
							"vector": [-6.94, 0.235, -8.35]
						},
						"0.9667": {
							"vector": [-7.32, 1.665, -9.07]
						},
						"1.0333": {
							"vector": [-5.82, -0.535, -9.545]
						},
						"1.1333": {
							"vector": [-6.17, 0.145, -9.54]
						},
						"1.2333": {
							"vector": [-5.86, -2.25, -9.54]
						},
						"1.3667": {
							"vector": [-2.93, -2.23, -0.045]
						},
						"1.4667": {
							"vector": [0, 0, 0]
						}
					}
				},
				"leftarm": {
					"rotation": {
						"0.0": {
							"vector": [0, 0, 0]
						},
						"0.1": {
							"vector": [13.15907, -5.82536, -12.66519]
						},
						"0.2333": {
							"vector": [-118.41235, -3.52678, 1.54852]
						},
						"0.5": {
							"vector": [7.9251, 4.69749, -30.14925]
						},
						"0.6667": {
							"vector": [-128.61835, -6.00777, -52.87136]
						},
						"0.7333": {
							"vector": [-128.94131, -20.46173, -21.3581]
						},
						"0.8": {
							"vector": [-128.94131, -20.46173, -21.3581]
						},
						"0.9": {
							"vector": [-128.94131, -20.46173, -21.3581]
						},
						"0.9667": {
							"vector": [-128.94131, -20.46173, -21.3581]
						},
						"1.0333": {
							"vector": [-129.23099, -19.33598, -18.56429]
						},
						"1.1333": {
							"vector": [-129.23099, -19.33598, -18.56429]
						},
						"1.2333": {
							"vector": [-133.77486, -15.4726, -27.8675]
						},
						"1.4333": {
							"vector": [-133.77486, -15.4726, -27.8675]
						},
						"1.5333": {
							"vector": [-94.9141, 6.34184, -36.54042]
						},
						"1.6667": {
							"vector": [0, 0, 0]
						}
					},
					"position": {
						"0.0": {
							"vector": [0, 0, 0]
						},
						"0.2333": {
							"vector": [12.44153, -16.23524, 16.17273]
						},
						"0.5": {
							"vector": [12.44153, -16.23524, 16.17273]
						},
						"0.6667": {
							"vector": [-14.19717, -27.98532, 8.20209]
						},
						"0.7333": {
							"vector": [-11.31934, -30.74242, -1.27784]
						},
						"0.8": {
							"vector": [-11.50158, -31.40759, -2.34787]
						},
						"0.9": {
							"vector": [-11.50158, -31.40759, -2.34787]
						},
						"0.9667": {
							"vector": [-10.75158, -27.90759, -3.14787]
						},
						"1.0333": {
							"vector": [-11.67658, -15.30759, -6.94787]
						},
						"1.1333": {
							"vector": [-11.67658, -15.30759, -6.94787]
						},
						"1.2333": {
							"vector": [-7.47658, -18.60759, -6.94787]
						},
						"1.4333": {
							"vector": [-7.47658, -18.60759, -6.94787]
						},
						"1.5333": {
							"vector": [2.385, -7.69, 3.5]
						},
						"1.6667": {
							"vector": [0, 0, 0]
						}
					}
				},
				"rightarm": {
					"rotation": {
						"0.0": {
							"vector": [0, 0, 0]
						},
						"0.2667": {
							"vector": [0, 0, 0]
						},
						"0.3": {
							"vector": [0.49921, 4.47925, -0.00759]
						},
						"0.4333": {
							"vector": [0, 0, 0]
						},
						"1.0667": {
							"vector": [3.25, 0, -6.5]
						},
						"1.3333": {
							"vector": [0, 0, 0]
						}
					},
					"position": {
						"0.0": {
							"vector": [0, 0, 0]
						},
						"0.2667": {
							"vector": [0, 0, 0]
						},
						"0.3": {
							"vector": [1.475, 0, 0]
						},
						"0.4333": {
							"vector": [0, 0, 0]
						},
						"1.0667": {
							"vector": [1.39059, 1.16785, 2.67603]
						},
						"1.3333": {
							"vector": [0, 0, 0]
						}
					}
				}
			},
			"sound_effects": {
				"0.0667": {
					"effect": "pistol_magout"
				},
				"0.7": {
					"effect": "pistol_magin"
				}
			}
		},
		"animation.model.fire": {
			"loop": true,
			"animation_length": 0.05,
			"bones": {
				"main": {
					"rotation": {
						"0.0": {
							"vector": [0, 0, 2.5]
						},
						"0.05": {
							"vector": [-8.23643, -0.69169, -0.6604]
						}
					},
					"position": {
						"0.0": {
							"vector": [0, 0, 0]
						},
						"0.05": {
							"vector": [0, 0, 2.225]
						}
					}
				},
				"slide": {
					"position": {
						"0.0": {
							"vector": [0, 0, 0]
						},
						"0.05": {
							"vector": [0, 0, 6]
						}
					}
				}
			}
		}
	},
	"geckolib_format_version": 2
}