{
	"format_version": "1.8.0",
	"animations": {
		"animation.model.draw": {
			"loop": true,
			"animation_length": 1.2,
			"bones": {
				"main": {
					"rotation": {
						"0.0": {
							"vector": [32.09413, -54.38778, -8.29667]
						},
						"0.35": {
							"vector": [0.50518, -5.08075, 6.8716],
							"easing": "easeOutSine"
						},
						"0.5": {
							"vector": [0.32389, -0.60235, -2.1558],
							"easing": "linear"
						},
						"0.6": {
							"vector": [0, 0, 0],
							"easing": "linear"
						}
					},
					"position": {
						"0.0": {
							"vector": [0, -17.3, 0]
						},
						"0.25": {
							"vector": [-0.4, -2.525, -1.625],
							"easing": "linear"
						},
						"0.4": {
							"vector": [-0.05, 0, -2.49],
							"easing": "linear"
						},
						"0.55": {
							"vector": [0, 0, 0],
							"easing": "linear"
						}
					}
				},
				"leftarm": {
					"rotation": {
						"0.0": {
							"vector": [0, 0, 0]
						},
						"0.2": {
							"vector": [1, 0, -22]
						},
						"0.4": {
							"vector": [0, 0, 0]
						}
					},
					"position": {
						"0.0": {
							"vector": [0, 0, 0]
						},
						"0.2": {
							"vector": [3.53901, 3.6754, 5.59783]
						},
						"0.4": {
							"vector": [0, 0, 0]
						}
					}
				}
			}
		},
		"animation.model.inspect": {
			"loop": true,
			"animation_length": 4.26667,
			"bones": {
				"main": {
					"rotation": {
						"0.0": {
							"vector": [0, 0, 0]
						},
						"0.1667": {
							"vector": [-8.41746, -13.59608, -21.21259],
							"easing": "linear"
						},
						"0.3": {
							"vector": [-8.39812, -20.10111, -31.77688]
						},
						"0.4333": {
							"vector": [-9.55676, -20.88889, -28.55629]
						},
						"0.5333": {
							"vector": [-8.77652, -21.21647, -30.72851]
						},
						"0.7667": {
							"vector": [-9.4227, -20.94881, -28.93303]
						},
						"1.0": {
							"vector": [-3.1216, -20.98207, -46.44405]
						},
						"1.1333": {
							"vector": [-4.564, -20.73064, -42.44007]
						},
						"1.2333": {
							"vector": [-4.86325, -20.9153, -41.60203]
						},
						"1.3333": {
							"vector": [-4.58308, -20.97575, -42.38574]
						},
						"1.4667": {
							"vector": [-4.01131, -21.08802, -43.97908]
						},
						"1.6": {
							"vector": [-4.38767, -21.01662, -42.9316]
						},
						"1.7": {
							"vector": [-4.18847, -21.05622, -43.48691],
							"easing": "linear"
						},
						"2.0333": {
							"vector": [-16.91438, 5.38499, 54.40399],
							"easing": "linear"
						},
						"2.1667": {
							"vector": [-15.22513, 5.80082, 60.04554]
						},
						"2.3": {
							"vector": [-15.70981, 5.86025, 59.48558]
						},
						"2.4333": {
							"vector": [-15.93602, 7.03904, 62.69373]
						},
						"2.5667": {
							"vector": [-15.60896, 7.75082, 65.23442]
						},
						"2.7333": {
							"vector": [-15.71675, 7.52491, 64.42194]
						},
						"2.9": {
							"vector": [-15.56389, 7.84019, 65.55973]
						},
						"3.1": {
							"vector": [-15.61778, 7.73186, 65.16659]
						},
						"3.2667": {
							"vector": [-15.9801, 6.93689, 62.33342]
						},
						"3.4": {
							"vector": [-8.86998, 2.42135, 33.56191]
						},
						"3.5333": {
							"vector": [0, -1.75, -2.75]
						},
						"3.7": {
							"vector": [0, 0, 0]
						}
					},
					"position": {
						"0.0": {
							"vector": [0, 0, 0]
						},
						"0.3": {
							"vector": [-0.475, 1.475, -8.7]
						},
						"0.4": {
							"vector": [-0.195, 1, -7.7]
						},
						"0.5333": {
							"vector": [-0.03, 0.725, -7.7]
						},
						"0.7": {
							"vector": [0, 1.125, -7.7]
						},
						"0.9": {
							"vector": [0.125, 1.4, -8.275]
						},
						"1.2": {
							"vector": [-0.02, 1.475, -8]
						},
						"1.4": {
							"vector": [0.11, 1.425, -8.175]
						},
						"1.6667": {
							"vector": [0.275, 1.25, -7.975]
						},
						"1.8": {
							"vector": [-0.13, -1.19, -8.65]
						},
						"1.9667": {
							"vector": [-0.545, -1.325, -11.15]
						},
						"2.1333": {
							"vector": [-0.415, -1.395, -10.545]
						},
						"2.2667": {
							"vector": [-0.525, -1.455, -9.17]
						},
						"2.4": {
							"vector": [-0.49, -1.43, -9.85]
						},
						"2.5667": {
							"vector": [-0.455, -1.5, -9.24]
						},
						"2.7667": {
							"vector": [-0.53, -1.5, -9.27]
						},
						"3.0": {
							"vector": [-0.49, -1.41, -9.3]
						},
						"3.2333": {
							"vector": [-0.545, -1.325, -9.325]
						},
						"3.3667": {
							"vector": [-1.005, -0.61, -7.41]
						},
						"3.6333": {
							"vector": [0, 0, 0]
						}
					}
				},
				"leftarm": {
					"rotation": {
						"0.0": {
							"vector": [0, 0, 0]
						},
						"0.1667": {
							"vector": [0, 0, -2.5]
						},
						"1.7333": {
							"vector": [0, 0, -2.5]
						},
						"2.0333": {
							"vector": [-20, 0, -45]
						},
						"3.3": {
							"vector": [-20, 0, -45]
						},
						"3.5667": {
							"vector": [0, 0, 0]
						}
					},
					"position": {
						"0.0": {
							"vector": [0, 0, 0]
						},
						"0.1667": {
							"vector": [11.23986, -30.20851, 24.64864]
						},
						"1.7333": {
							"vector": [11.23986, -30.20851, 24.64864]
						},
						"2.0333": {
							"vector": [7.91309, 4.51205, -3.38511]
						},
						"3.3": {
							"vector": [7.91309, 4.51205, -3.38511]
						},
						"3.5667": {
							"vector": [0, 0, 0]
						}
					}
				}
			}
		},
		"animation.model.prepare": {
			"loop": true,
			"animation_length": 1.26667,
			"bones": {
				"main": {
					"rotation": {
						"0.0": {
							"vector": [0, 0, 0]
						},
						"0.1": {
							"vector": [-7.5, -3.75, -6]
						},
						"0.1667": {
							"vector": [-7.60452, -3.00729, -7.99384]
						},
						"0.2333": {
							"vector": [-7.87505, -2.19852, -2.0424]
						},
						"0.3": {
							"vector": [-7.54873, -4.13039, -8.85494]
						},
						"0.4": {
							"vector": [-7.8243, -2.12109, -3.31589]
						},
						"0.5333": {
							"vector": [-9.66855, -3.67349, -2.88186]
						},
						"0.7": {
							"vector": [-11.77435, -7.55163, 4.32786]
						}
					},
					"position": {
						"0.0": {
							"vector": [0, 0, 0]
						},
						"0.1333": {
							"vector": [0.2, -0.1, -4.5]
						},
						"0.2": {
							"vector": [0.35, -1.925, -7.575]
						},
						"0.2667": {
							"vector": [0.28, -1.97, -6.745]
						},
						"0.3333": {
							"vector": [0.2, -0.605, -5.46]
						},
						"0.4333": {
							"vector": [-0.18, -0.555, -3.4]
						},
						"0.5": {
							"vector": [-0.95, -2.045, -2.05]
						},
						"0.6333": {
							"vector": [-0.425, -4.795, -0.695]
						}
					}
				},
				"barrel": {
					"position": {
						"0.0": {
							"vector": [0, 0, 0]
						},
						"0.1667": {
							"vector": [0, 0, 0]
						},
						"0.2333": {
							"vector": [0, 0, -8]
						}
					}
				},
				"insert": {
					"rotation": {
						"0.0": {
							"vector": [-22.75, 0, 0]
						},
						"0.3": {
							"vector": [-22.75, 0, 0]
						},
						"0.4": {
							"vector": [0, 0, 0]
						}
					},
					"position": {
						"0.0": {
							"vector": [0, 0.975, -0.275]
						},
						"0.3": {
							"vector": [0, 0.975, -0.275]
						},
						"0.4": {
							"vector": [0, 0.325, 0.875]
						}
					}
				},
				"leftarm": {
					"rotation": {
						"0.0": {
							"vector": [0, 0, 0]
						},
						"0.2333": {
							"vector": [31.07449, 17.95905, 9.77515]
						},
						"0.7": {
							"vector": [-19.61652, -2.50263, -3.63002]
						}
					},
					"position": {
						"0.0": {
							"vector": [0, 0, 0]
						},
						"0.2333": {
							"vector": [15.55, -12.14, 34.9]
						},
						"0.7": {
							"vector": [8.36, 0.765, 7.67]
						}
					}
				}
			},
			"sound_effects": {
				"0.1": {
					"effect": "combatshotgun_open"
				}
			}
		},
		"animation.model.prepareempty": {
			"loop": true,
			"animation_length": 1.06667,
			"bones": {
				"main": {
					"rotation": {
						"0.0": {
							"vector": [0, 0, 0]
						},
						"0.1": {
							"vector": [-7.5, -3.75, -6]
						},
						"0.1667": {
							"vector": [-7.60452, -3.00729, -7.99384]
						},
						"0.2333": {
							"vector": [-7.87505, -2.19852, -2.0424]
						},
						"0.3": {
							"vector": [-7.54873, -4.13039, -8.85494]
						},
						"0.4": {
							"vector": [-7.8243, -2.12109, -3.31589]
						},
						"0.5333": {
							"vector": [-9.66855, -3.67349, -2.88186]
						},
						"0.7": {
							"vector": [-11.77435, -7.55163, 4.32786]
						}
					},
					"position": {
						"0.0": {
							"vector": [0, 0, 0]
						},
						"0.1333": {
							"vector": [0.2, -0.1, -4.5]
						},
						"0.2": {
							"vector": [0.35, -1.925, -7.575]
						},
						"0.2667": {
							"vector": [0.28, -1.97, -6.745]
						},
						"0.3333": {
							"vector": [0.2, -0.605, -5.46]
						},
						"0.4333": {
							"vector": [-0.18, -0.555, -3.4]
						},
						"0.5": {
							"vector": [-0.95, -2.045, -2.05]
						},
						"0.6333": {
							"vector": [-0.425, -4.795, -0.695]
						}
					}
				},
				"barrel": {
					"position": {
						"0.0": {
							"vector": [0, 0, 0]
						},
						"0.1667": {
							"vector": [0, 0, 0]
						},
						"0.2333": {
							"vector": [0, 0, -8]
						}
					}
				},
				"insert": {
					"rotation": {
						"0.0": {
							"vector": [-22.75, 0, 0]
						},
						"0.3": {
							"vector": [-22.75, 0, 0]
						},
						"0.4": {
							"vector": [0, 0, 0]
						}
					},
					"position": {
						"0.0": {
							"vector": [0, 0.975, -0.275]
						},
						"0.3": {
							"vector": [0, 0.975, -0.275]
						},
						"0.4": {
							"vector": [0, 0.325, 0.875]
						}
					}
				},
				"leftarm": {
					"rotation": {
						"0.0": {
							"vector": [0, 0, 0]
						},
						"0.2333": {
							"vector": [31.07449, 17.95905, 9.77515]
						},
						"0.7": {
							"vector": [-19.61652, -2.50263, -3.63002]
						}
					},
					"position": {
						"0.0": {
							"vector": [0, 0, 0]
						},
						"0.2333": {
							"vector": [15.55, -12.14, 34.9]
						},
						"0.7": {
							"vector": [8.36, 0.765, 7.67]
						}
					}
				},
				"shell": {
					"scale": {
						"vector": [0, 0, 0]
					}
				},
				"shell2": {
					"scale": {
						"vector": [0, 0, 0]
					}
				}
			},
			"sound_effects": {
				"0.1": {
					"effect": "combatshotgun_open"
				}
			}
		},
		"animation.model.loaditerationfirst": {
			"loop": true,
			"animation_length": 0.5,
			"bones": {
				"main": {
					"rotation": {
						"0.0": {
							"vector": [-11.77435, -7.55163, 4.32786]
						},
						"0.1333": {
							"vector": [-12.02664, -6.30245, 6.63633]
						},
						"0.2333": {
							"vector": [-11.62619, -7.50956, 3.2889]
						},
						"0.3": {
							"vector": [-12.14236, -6.63394, 7.47966]
						},
						"0.4": {
							"vector": [-11.56376, -7.21491, 2.84102]
						},
						"0.5": {
							"vector": [-11.77435, -7.55163, 4.32786]
						}
					},
					"position": {
						"0.0": {
							"vector": [-0.425, -4.795, -0.695]
						},
						"0.1": {
							"vector": [-0.58, -4.95, -1.39]
						},
						"0.2": {
							"vector": [-0.43, -4.95, -1.84]
						},
						"0.3": {
							"vector": [-0.43, -5.15, -2.74]
						},
						"0.3667": {
							"vector": [-0.355, -4.625, -0.985]
						},
						"0.4667": {
							"vector": [-0.425, -4.795, -0.695]
						}
					}
				},
				"barrel": {
					"position": {
						"vector": [0, 0, -8]
					}
				},
				"insert": {
					"rotation": {
						"vector": [0, 0, 0]
					},
					"position": {
						"vector": [0, 0.325, 0.875]
					}
				},
				"leftarm": {
					"rotation": {
						"0.0": {
							"vector": [-19.61652, -2.50263, -3.63002]
						},
						"0.0667": {
							"vector": [-19.34153, -7.94691, -12.64046]
						},
						"0.1": {
							"vector": [-24.30755, -14.44849, -17.36984]
						},
						"0.1333": {
							"vector": [-23.56772, -18.27025, -20.2865]
						},
						"0.1667": {
							"vector": [-20.13103, -21.05992, -22.50913]
						},
						"0.2333": {
							"vector": [-19.2681, -23.71439, -24.94825]
						},
						"0.3": {
							"vector": [-15.11669, -23.80124, -27.91786]
						},
						"0.3667": {
							"vector": [-13.69624, -26.92947, -31.45111]
						},
						"0.5": {
							"vector": [-19.61652, -2.50263, -3.63002]
						}
					},
					"position": {
						"0.0": {
							"vector": [8.36, 0.765, 7.67]
						},
						"0.0667": {
							"vector": [8.885, 0.77, 7.67]
						},
						"0.1": {
							"vector": [8.88, 3.22, 9.645]
						},
						"0.1333": {
							"vector": [8.605, 4.745, 9.65]
						},
						"0.1667": {
							"vector": [6.16, 6.9, 11.325]
						},
						"0.2333": {
							"vector": [6.16, 6.9, 10.875]
						},
						"0.3": {
							"vector": [6.16, 6.225, 8.6]
						},
						"0.3667": {
							"vector": [6.16, 6.225, 8.6]
						},
						"0.4333": {
							"vector": [8.785, 3.5, 10.33]
						},
						"0.5": {
							"vector": [8.36, 0.765, 7.67]
						}
					}
				},
				"shell": {
					"rotation": {
						"0.0": {
							"vector": [0, 0, 0]
						},
						"0.0333": {
							"vector": [-4.87993, -17.36557, -5.05237]
						},
						"0.0667": {
							"vector": [-8.94795, -3.76034, -0.7481]
						},
						"0.1333": {
							"vector": [-4.08088, -11.4968, 0.68844]
						},
						"0.1667": {
							"vector": [0.03946, -3.20327, 7.83892]
						},
						"0.2333": {
							"vector": [0, 0, 0]
						},
						"0.3": {
							"vector": [0, 0, 0]
						}
					},
					"position": {
						"0.0": {
							"vector": [7.25, -1.6, 8.15]
						},
						"0.0333": {
							"vector": [4.75, -5.375, -0.775]
						},
						"0.0667": {
							"vector": [3.825, -4.17, 0.345]
						},
						"0.1": {
							"vector": [2.43, -1.11, 4.62]
						},
						"0.1333": {
							"vector": [1.73, 0.42, 5.66]
						},
						"0.1667": {
							"vector": [0, 2.125, 5.025]
						},
						"0.2333": {
							"vector": [0, 2, 4.625]
						},
						"0.3": {
							"vector": [0, 0, 0]
						}
					},
					"scale": {
						"0.0": {
							"vector": [0, 0, 0]
						},
						"0.0333": {
							"vector": [1, 1, 1]
						}
					}
				},
				"shell2": {
					"scale": {
						"vector": [0, 0, 0]
					}
				}
			},
			"sound_effects": {
				"0.0": {
					"effect": "shell_chamber"
				}
			}
		},
		"animation.model.loaditeration": {
			"loop": true,
			"animation_length": 0.5,
			"bones": {
				"main": {
					"rotation": {
						"0.0": {
							"vector": [-11.77435, -7.55163, 4.32786]
						},
						"0.1333": {
							"vector": [-12.02664, -6.30245, 6.63633]
						},
						"0.2333": {
							"vector": [-11.62619, -7.50956, 3.2889]
						},
						"0.3": {
							"vector": [-12.14236, -6.63394, 7.47966]
						},
						"0.4": {
							"vector": [-11.56376, -7.21491, 2.84102]
						},
						"0.5": {
							"vector": [-11.77435, -7.55163, 4.32786]
						}
					},
					"position": {
						"0.0": {
							"vector": [-0.425, -4.795, -0.695]
						},
						"0.1": {
							"vector": [-0.58, -4.95, -1.39]
						},
						"0.2": {
							"vector": [-0.43, -4.95, -1.84]
						},
						"0.3": {
							"vector": [-0.43, -5.15, -2.74]
						},
						"0.3667": {
							"vector": [-0.355, -4.625, -0.985]
						},
						"0.4667": {
							"vector": [-0.425, -4.795, -0.695]
						}
					}
				},
				"barrel": {
					"position": {
						"vector": [0, 0, -8]
					}
				},
				"insert": {
					"rotation": {
						"vector": [0, 0, 0]
					},
					"position": {
						"vector": [0, 0.325, 0.875]
					}
				},
				"leftarm": {
					"rotation": {
						"0.0": {
							"vector": [-19.61652, -2.50263, -3.63002]
						},
						"0.0667": {
							"vector": [-19.34153, -7.94691, -12.64046]
						},
						"0.1": {
							"vector": [-24.30755, -14.44849, -17.36984]
						},
						"0.1333": {
							"vector": [-23.56772, -18.27025, -20.2865]
						},
						"0.1667": {
							"vector": [-20.13103, -21.05992, -22.50913]
						},
						"0.2333": {
							"vector": [-19.2681, -23.71439, -24.94825]
						},
						"0.3": {
							"vector": [-15.11669, -23.80124, -27.91786]
						},
						"0.3667": {
							"vector": [-13.69624, -26.92947, -31.45111]
						},
						"0.5": {
							"vector": [-19.61652, -2.50263, -3.63002]
						}
					},
					"position": {
						"0.0": {
							"vector": [8.36, 0.765, 7.67]
						},
						"0.0667": {
							"vector": [8.885, 0.77, 7.67]
						},
						"0.1": {
							"vector": [8.88, 3.22, 9.645]
						},
						"0.1333": {
							"vector": [8.605, 4.745, 9.65]
						},
						"0.1667": {
							"vector": [6.16, 6.9, 11.325]
						},
						"0.2333": {
							"vector": [6.16, 6.9, 10.875]
						},
						"0.3": {
							"vector": [6.16, 6.225, 8.6]
						},
						"0.3667": {
							"vector": [6.16, 6.225, 8.6]
						},
						"0.4333": {
							"vector": [8.785, 3.5, 10.33]
						},
						"0.5": {
							"vector": [8.36, 0.765, 7.67]
						}
					}
				},
				"shell": {
					"rotation": {
						"0.0": {
							"vector": [0, 0, 0]
						},
						"0.1667": {
							"vector": [0, 0, 0]
						},
						"0.2333": {
							"vector": [0, 0, 0]
						}
					},
					"position": {
						"0.0": {
							"vector": [0, 0, 0]
						},
						"0.1667": {
							"vector": [0, 0, 0]
						},
						"0.2333": {
							"vector": [0, -0.175, -0.45]
						}
					}
				},
				"shell2": {
					"rotation": {
						"0.0": {
							"vector": [0, 0, 0]
						},
						"0.0333": {
							"vector": [-4.87993, -17.36557, -5.05237]
						},
						"0.0667": {
							"vector": [-8.94795, -3.76034, -0.7481]
						},
						"0.1333": {
							"vector": [-4.08088, -11.4968, 0.68844]
						},
						"0.1667": {
							"vector": [0.03946, -3.20327, 7.83892]
						},
						"0.2333": {
							"vector": [0, 0, 0]
						},
						"0.3": {
							"vector": [0, 0, 0]
						}
					},
					"position": {
						"0.0": {
							"vector": [7.25, -1.6, 8.15]
						},
						"0.0333": {
							"vector": [4.75, -5.375, -0.775]
						},
						"0.0667": {
							"vector": [3.825, -4.17, 0.345]
						},
						"0.1": {
							"vector": [2.43, -1.11, 4.62]
						},
						"0.1333": {
							"vector": [1.73, 0.42, 5.66]
						},
						"0.1667": {
							"vector": [0, 2.125, 5.025]
						},
						"0.2333": {
							"vector": [0, 2, 4.625]
						},
						"0.3": {
							"vector": [0, 0, 0]
						}
					},
					"scale": {
						"0.0": {
							"vector": [0, 0, 0]
						},
						"0.0333": {
							"vector": [1, 1, 1]
						}
					}
				}
			},
			"sound_effects": {
				"0.0": {
					"effect": "shell_chamber"
				}
			}
		},
		"animation.model.finish": {
			"loop": true,
			"animation_length": 1.5,
			"bones": {
				"main": {
					"rotation": {
						"0.0": {
							"vector": [-11.77435, -7.55163, 4.32786]
						},
						"0.1": {
							"vector": [-12.91754, -7.66294, 7.44555]
						},
						"0.2": {
							"vector": [-10.51185, -8.56115, 1.23871]
						},
						"0.2667": {
							"vector": [-11.58666, -6.66836, 5.97421]
						},
						"0.3667": {
							"vector": [-11.58567, -9.81381, 3.25167]
						},
						"0.4667": {
							"vector": [-16.11696, -11.64247, 14.73204]
						},
						"0.5667": {
							"vector": [-15.63017, -11.77702, 12.3822]
						},
						"0.7": {
							"vector": [-17.89353, -10.67324, 16.30198]
						},
						"0.7667": {
							"vector": [-17.57132, -11.20628, 14.60427]
						},
						"0.8667": {
							"vector": [-18.21285, -9.50152, 18.31772]
						},
						"0.9333": {
							"vector": [-17.828, -8.14091, 16.00779]
						},
						"1.0333": {
							"vector": [-10.15067, -6.28845, 8.43855]
						},
						"1.1333": {
							"vector": [-2.87792, 0.79282, 4.50954]
						},
						"1.2333": {
							"vector": [0, 0, 0],
							"easing": "linear"
						}
					},
					"position": {
						"0.0": {
							"vector": [-0.425, -4.795, -0.695]
						},
						"0.0667": {
							"vector": [-0.28, -5.075, -0.415]
						},
						"0.1": {
							"vector": [-0.3, -4.99, 0.01]
						},
						"0.1667": {
							"vector": [-0.34, -4.835, 2.02]
						},
						"0.2667": {
							"vector": [-0.39, -4.81, -0.76]
						},
						"0.3333": {
							"vector": [-0.425, -4.795, -0.695]
						},
						"0.4333": {
							"vector": [-0.905, -5.35, -0.69]
						},
						"0.5333": {
							"vector": [-0.71, -6.275, 0.685]
						},
						"0.6": {
							"vector": [-0.71, -6.27, 0.69]
						},
						"0.6667": {
							"vector": [-0.71, -6.62, 2.59]
						},
						"0.7667": {
							"vector": [-0.71, -6.62, 3.49]
						},
						"0.8333": {
							"vector": [-0.71, -6.52, 1.165]
						},
						"0.9": {
							"vector": [-1.135, -6.72, -0.13]
						},
						"1.1": {
							"vector": [0.225, -1.1, -1.025],
							"easing": "linear"
						},
						"1.2": {
							"vector": [0, 0, 0],
							"easing": "linear"
						}
					}
				},
				"barrel": {
					"position": {
						"0.0": {
							"vector": [0, 0, -8]
						},
						"0.1333": {
							"vector": [0, 0, -8]
						},
						"0.2": {
							"vector": [0, 0, 0]
						}
					}
				},
				"insert": {
					"rotation": {
						"0.0": {
							"vector": [0, 0, 0]
						},
						"0.0667": {
							"vector": [-22.75, 0, 0]
						}
					},
					"position": {
						"0.0": {
							"vector": [0, 0.325, 0.875]
						},
						"0.0667": {
							"vector": [0, 0.975, -0.275]
						}
					}
				},
				"leftarm": {
					"rotation": {
						"0.0": {
							"vector": [-19.61652, -2.50263, -3.63002]
						},
						"0.0667": {
							"vector": [-19.61652, -2.50263, -3.63002]
						},
						"0.2667": {
							"vector": [-19.61652, -2.50263, -3.63002]
						},
						"0.3667": {
							"vector": [-4.6545, 2.82614, -0.21513]
						},
						"0.4667": {
							"vector": [-12.19248, 8.1549, 3.19976]
						},
						"0.6": {
							"vector": [-21.19248, 8.1549, 3.19976]
						},
						"0.6667": {
							"vector": [-28.9288, 5.59886, 1.6114]
						},
						"0.7667": {
							"vector": [-29.41645, 5.09966, -1.9326]
						},
						"0.8333": {
							"vector": [-21.19248, 8.1549, 3.19976]
						},
						"1.1": {
							"vector": [0, 0, 0]
						}
					},
					"position": {
						"0.0": {
							"vector": [8.36, 0.765, 7.67]
						},
						"0.0667": {
							"vector": [11.26, -5.01, 7.67]
						},
						"0.2667": {
							"vector": [11.26, -5.01, 7.67]
						},
						"0.3667": {
							"vector": [7.525, -0.48, 1.27]
						},
						"0.4667": {
							"vector": [2.935, -1.735, -5.13]
						},
						"0.6": {
							"vector": [3.655, -3.705, -7.555]
						},
						"0.6667": {
							"vector": [4.335, -4.65, -2.625]
						},
						"0.7667": {
							"vector": [5.34206, -4.30744, -2.94276]
						},
						"0.8333": {
							"vector": [3.655, -3.705, -7.555]
						},
						"1.1": {
							"vector": [0, 0, 0]
						}
					}
				},
				"pump": {
					"position": {
						"0.0": {
							"vector": [0, 0, 0]
						},
						"0.6": {
							"vector": [0, 0, 0]
						},
						"0.6667": {
							"vector": [0, 0, 7.5]
						},
						"0.7667": {
							"vector": [0, 0, 7.5]
						},
						"0.8333": {
							"vector": [0, 0, 0]
						}
					}
				}
			},
			"sound_effects": {
				"0.0333": {
					"effect": "combatshotgun_close"
				},
				"0.4333": {
					"effect": "pump1"
				},
				"0.7": {
					"effect": "pump2"
				}
			}
		},
		"animation.model.fire": {
			"loop": true,
			"animation_length": 0.675,
			"bones": {
				"main": {
					"rotation": {
						"0.0": {
							"vector": [0, 0, 0]
						},
						"0.05": {
							"vector": [-8.70704, -2.00287, -6.82365]
						},
						"0.175": {
							"vector": [-4.73303, -1.97055, -6.0739]
						},
						"0.225": {
							"vector": [-4.60652, -1.80399, -2.32556]
						},
						"0.3": {
							"vector": [-4.38312, -0.94992, 5.14611]
						},
						"0.375": {
							"vector": [-3.70511, -0.81923, 0.79288]
						},
						"0.475": {
							"vector": [-1.24175, -0.61979, 2.35169]
						},
						"0.575": {
							"vector": [-0.61934, 0.1901, 0.17584]
						},
						"0.675": {
							"vector": [0, 0, 0]
						}
					},
					"position": {
						"0.0": {
							"vector": [0, 0, 0]
						},
						"0.05": {
							"vector": [-0.375, -0.9, 6.575]
						},
						"0.125": {
							"vector": [-0.63, -0.4, 3.375]
						},
						"0.225": {
							"vector": [-0.39, -0.44, 4.71]
						},
						"0.3": {
							"vector": [-0.155, -0.475, 5.95]
						},
						"0.425": {
							"vector": [-0.06, -0.19, 4.73]
						},
						"0.525": {
							"vector": [-0.03, -0.11, 1.075]
						},
						"0.625": {
							"vector": [0, 0, 0]
						}
					}
				},
				"action": {
					"rotation": {
						"0.0": {
							"vector": [0, 0, 0]
						},
						"0.2": {
							"vector": [0, 0, 0]
						},
						"0.525": {
							"vector": [0, 0, 0]
						}
					},
					"position": {
						"0.0": {
							"vector": [0, 0, 0]
						},
						"0.2": {
							"vector": [0, 0, 0]
						},
						"0.275": {
							"vector": [0, 0, 8.6]
						},
						"0.45": {
							"vector": [0, 0, 8.6]
						},
						"0.525": {
							"vector": [0, 0, 0]
						}
					}
				},
				"leftarm": {
					"rotation": {
						"0.0": {
							"vector": [0, 0, 0]
						},
						"0.2": {
							"vector": [0, 0, 0]
						},
						"0.275": {
							"vector": [-13.59079, 2.94012, -2.73376]
						},
						"0.45": {
							"vector": [-13.59079, 2.94012, -2.73376]
						},
						"0.525": {
							"vector": [0, 0, 0]
						}
					},
					"position": {
						"0.0": {
							"vector": [0, 0, 0]
						},
						"0.2": {
							"vector": [0, 0, 0]
						},
						"0.275": {
							"vector": [3.29358, -2.47138, 6.51077]
						},
						"0.45": {
							"vector": [3.29358, -2.47138, 6.51077]
						},
						"0.525": {
							"vector": [0, 0, 0]
						}
					}
				},
				"pump": {
					"rotation": {
						"0.0": {
							"vector": [0, 0, 0]
						},
						"0.2": {
							"vector": [0, 0, 0]
						},
						"0.525": {
							"vector": [0, 0, 0]
						}
					},
					"position": {
						"0.0": {
							"vector": [0, 0, 0]
						},
						"0.2": {
							"vector": [0, 0, 0]
						},
						"0.275": {
							"vector": [0, 0, 7.5]
						},
						"0.45": {
							"vector": [0, 0, 7.5]
						},
						"0.525": {
							"vector": [0, 0, 0]
						}
					}
				},
				"shell": {
					"rotation": {
						"0.0": {
							"vector": [0, 0, 0]
						},
						"0.2": {
							"vector": [0, 0, 0]
						},
						"0.25": {
							"vector": [-13, 0, 0]
						},
						"0.3": {
							"vector": [1.04852, 17.49725, 0.31528]
						},
						"0.35": {
							"vector": [40.13672, -11.72631, -51.54685]
						},
						"0.4": {
							"vector": [77.01537, 30.7905, -125.02275]
						},
						"0.5": {
							"vector": [0, 0, 0]
						},
						"0.6": {
							"vector": [0, 0, 0]
						}
					},
					"position": {
						"0.0": {
							"vector": [0, 0, 0]
						},
						"0.2": {
							"vector": [-0.3, -1.825, 0]
						},
						"0.25": {
							"vector": [-3.25, -2.075, 2.95]
						},
						"0.3": {
							"vector": [-6.995, -1.8, 4.675]
						},
						"0.35": {
							"vector": [-22.37, -0.775, 7.05]
						},
						"0.4": {
							"vector": [-58.615, -23.625, 7.05]
						},
						"0.45": {
							"vector": [-58.62, -42.175, 7.05]
						},
						"0.5": {
							"vector": [3.105, -42.18, 35.15]
						},
						"0.55": {
							"vector": [0.125, -0.79, 25.455]
						},
						"0.6": {
							"vector": [0, 0, 0]
						}
					},
					"scale": {
						"0.0": {
							"vector": [1, 1, 1]
						},
						"0.2": {
							"vector": [1, 1, 1]
						},
						"0.45": {
							"vector": [1, 1, 1]
						},
						"0.5": {
							"vector": [0.2625, 0.19, 0.0575]
						},
						"0.55": {
							"vector": [0.2625, 0.19, 0.0575]
						},
						"0.6": {
							"vector": [1, 1, 1]
						}
					}
				}
			},
			"sound_effects": {
				"0.05": {
					"effect": "pump1"
				},
				"0.375": {
					"effect": "pump2"
				}
			}
		}
	},
	"geckolib_format_version": 2
}