{
	"format_version": "1.8.0",
	"animations": {
		"animation.model.reloadempty": {
			"loop": true,
			"animation_length": 3.3,
			"bones": {
				"main": {
					"rotation": {
						"0.0": {
							"vector": [0, 0, 0]
						},
						"0.3333": {
							"vector": [0, 0, 15],
							"easing": "easeInOutSine"
						},
						"0.4667": {
							"vector": [-1, 0, 15],
							"easing": "easeInOutBack",
							"easingArgs": [-2]
						},
						"0.5667": {
							"vector": [-1, 0, 15]
						},
						"0.7333": {
							"vector": [-3.43, 0, 15],
							"easing": "easeOutBack"
						},
						"0.9": {
							"vector": [0, 0, 15],
							"easing": "easeInOutSine"
						},
						"1.5": {
							"vector": [-2, 0, 13],
							"easing": "easeInOutBack",
							"easingArgs": [-2]
						},
						"1.6": {
							"vector": [-2, 0, 15]
						},
						"1.7667": {
							"vector": [-1, 0, 15],
							"easing": "easeInQuad"
						},
						"2.0": {
							"vector": [2.21429, 0, 15],
							"easing": "easeOutBack"
						},
						"2.3333": {
							"vector": [-4.91567, -22.80695, -20.5068],
							"easing": "easeInOutCubic"
						},
						"2.9333": {
							"vector": [-5.41017, -23.69351, -20.22443],
							"easing": "easeInOutBack",
							"easingArgs": [-3]
						},
						"3.2667": {
							"vector": [0, 0, 0],
							"easing": "easeInOutBack",
							"easingArgs": [0.75]
						}
					},
					"position": {
						"0.0": {
							"vector": [0, 0, 0]
						},
						"0.2667": {
							"vector": [0, 2, 0],
							"easing": "easeInOutSine"
						},
						"0.4333": {
							"vector": [0.1, 2, 0],
							"easing": "easeInOutBack",
							"easingArgs": [-2]
						},
						"0.5333": {
							"vector": [0, 2, 0.25]
						},
						"0.6667": {
							"vector": [0, 2, 1.23],
							"easing": "easeOutBack"
						},
						"0.8333": {
							"vector": [0, 2, 0],
							"easing": "easeInOutSine"
						},
						"1.4667": {
							"vector": [0.2, 1.9, 0],
							"easing": "easeInOutBack",
							"easingArgs": [-2]
						},
						"1.5667": {
							"vector": [0, 1.5, 0]
						},
						"1.7333": {
							"vector": [0, 1.5, -0.5],
							"easing": "easeInQuad"
						},
						"1.9333": {
							"vector": [0, 2, -2],
							"easing": "easeOutBack"
						},
						"2.2667": {
							"vector": [-2, 4, -3],
							"easing": "easeInOutCubic"
						},
						"2.8667": {
							"vector": [-2.1, 3.9, -3],
							"easing": "easeInOutBack",
							"easingArgs": [-3]
						},
						"3.2": {
							"vector": [0, 0, 0],
							"easing": "easeInOutBack",
							"easingArgs": [0.75]
						}
					}
				},
				"rightarm": {
					"rotation": {
						"2.2667": {
							"vector": [0, 0, 0]
						},
						"2.5": {
							"vector": [-5, 0, 0],
							"easing": "easeInOutSine"
						},
						"2.6333": {
							"vector": [-6, 0, 0],
							"easing": "easeInOutSine"
						},
						"2.7333": {
							"vector": [0, 0, 0],
							"easing": "easeInOutQuad"
						}
					},
					"position": {
						"2.2": {
							"vector": [0, 0, 0]
						},
						"2.4333": {
							"vector": [-0.36094, -0.84339, -2.03922],
							"easing": "easeInOutSine"
						},
						"2.5667": {
							"vector": [-0.35223, -0.84339, -2.13884],
							"easing": "easeInOutSine"
						},
						"2.8": {
							"vector": [0, 0, 0],
							"easing": "easeInOutQuad"
						}
					}
				},
				"image": {
					"rotation": {
						"1.8": {
							"vector": [0, 0, 0]
						},
						"1.8333": {
							"vector": [0, 0, 45]
						},
						"2.0333": {
							"vector": [0, 0, 10],
							"easing": "easeOutBack",
							"easingArgs": [1]
						},
						"2.3": {
							"vector": [0, 20, 10],
							"easing": "easeInOutCubic"
						},
						"2.9": {
							"vector": [0, 20, 10],
							"easing": "easeInOutCubic"
						},
						"3.1333": {
							"vector": [0, 0, 45],
							"easing": "easeInBack",
							"easingArgs": [2]
						},
						"3.1667": {
							"vector": [0, 0, 0]
						}
					},
					"position": {
						"1.8": {
							"vector": [0, 0, 0]
						},
						"1.8333": {
							"vector": [2, 2, 0]
						},
						"2.1333": {
							"vector": [6, 5, 0],
							"easing": "easeOutBack",
							"easingArgs": [3]
						},
						"2.8333": {
							"vector": [6, 5, 0],
							"easing": "easeOutBack",
							"easingArgs": [3]
						},
						"3.1333": {
							"vector": [-2, 2, 0],
							"easing": "easeInBack",
							"easingArgs": [3]
						},
						"3.1667": {
							"vector": [0, 0, 0]
						}
					},
					"scale": {
						"1.8333": {
							"vector": [0, 0, 0]
						},
						"2.1333": {
							"vector": [1.5, 1.5, 1.5],
							"easing": "easeInElastic",
							"easingArgs": [2]
						},
						"2.8333": {
							"vector": [1.5, 1.5, 1.5],
							"easing": "easeInElastic",
							"easingArgs": [2]
						},
						"3.1333": {
							"vector": [0, 0, 0],
							"easing": "easeOutElastic",
							"easingArgs": [2]
						}
					}
				},
				"slide": {
					"position": {
						"0.0": {
							"vector": [0, 0, 2.1]
						},
						"2.5": {
							"vector": [0, 0, 2.1]
						},
						"2.8333": {
							"vector": [0, 0, 0],
							"easing": "easeInQuart"
						}
					}
				},
				"armL_mag": {
					"rotation": {
						"0.5667": {
							"vector": [0, 0, 0]
						},
						"0.7": {
							"vector": [0, 0, 0],
							"easing": "easeOutQuad"
						},
						"1.0333": {
							"vector": [-4.44875, 26.62519, -28.65962],
							"easing": "easeInOutQuad"
						},
						"1.1": {
							"vector": [-4.51495, -28.22636, -24.52337]
						},
						"1.5": {
							"vector": [0, 0, 0],
							"easing": "easeInOutBack",
							"easingArgs": [0.5]
						}
					},
					"position": {
						"0.5333": {
							"vector": [0, 0, 0]
						},
						"0.6667": {
							"vector": [0, 0, 12],
							"easing": "easeOutQuad"
						},
						"1.0": {
							"vector": [26.37598, -25.02614, 17],
							"easing": "easeInOutQuad"
						},
						"1.0333": {
							"vector": [26.38055, -25.02741, 17]
						},
						"1.0667": {
							"vector": [22.77567, -27.02861, 17]
						},
						"1.4667": {
							"vector": [0.0089, -0.00266, 7],
							"easing": "easeInOutBack",
							"easingArgs": [0.5]
						},
						"1.7333": {
							"vector": [0, 0, 0],
							"easing": "easeInCubic"
						}
					}
				},
				"leftarm": {
					"rotation": {
						"0.0": {
							"vector": [0, 0, 0]
						},
						"0.2333": {
							"vector": [-11.70954, -6.93822, -26.56756],
							"easing": "easeInOutSine"
						},
						"0.4333": {
							"vector": [-39.19257, -49.47638, -69.98097],
							"easing": "easeInOutSine"
						},
						"0.5": {
							"vector": [-41.74017, -49.1949, -69.80417]
						},
						"1.0333": {
							"vector": [-39.19, -45.44, -76.78]
						},
						"1.0667": {
							"vector": [-69.63402, -28.12185, -66.3912]
						},
						"1.4667": {
							"vector": [-69.63402, -28.12185, -66.3912]
						},
						"1.7333": {
							"vector": [-54.32831, -46.46791, -66.0737],
							"easing": "easeInCubic"
						},
						"2.2": {
							"vector": [0, 0, 0],
							"easing": "easeInOutQuad"
						}
					},
					"position": {
						"0.0": {
							"vector": [0, 0, 0]
						},
						"0.2": {
							"vector": [11.4214, 3.68125, 0],
							"easing": "easeInOutSine"
						},
						"0.4": {
							"vector": [10.38472, 7.5437, -3],
							"easing": "easeInOutSine"
						},
						"1.0333": {
							"vector": [9.61, 10.44, -3]
						},
						"1.0667": {
							"vector": [12.95835, 9.58962, -13.92657]
						},
						"1.4667": {
							"vector": [12.95835, 9.58962, -13.92657]
						},
						"1.7333": {
							"vector": [12.41514, 6.92799, -9.24],
							"easing": "easeInCubic"
						},
						"2.2": {
							"vector": [0, 0, 0],
							"easing": "easeInOutQuad"
						}
					}
				},
				"magazine": {
					"position": {
						"0.0": {
							"vector": [0, 0, 0]
						},
						"0.4333": {
							"vector": [0, 0, 0]
						},
						"0.5": {
							"vector": [0, 0, 1]
						},
						"1.0333": {
							"vector": [0, 0, 1]
						},
						"1.4667": {
							"vector": [0, 0, 1]
						},
						"1.7333": {
							"vector": [0, 0, 0],
							"easing": "easeInCubic"
						}
					}
				},
				"_camera_": {
					"rotation": {
						"0.0": {
							"vector": [0, 0, 0]
						},
						"0.3667": {
							"vector": [2, 3, -0.6],
							"easing": "easeInOutQuad"
						},
						"0.5667": {
							"vector": [3, 4, -0.9],
							"easing": "easeInQuad"
						},
						"0.9": {
							"vector": [4, 4.5, -1.4],
							"easing": "easeOutBack",
							"easingArgs": [2]
						},
						"1.5333": {
							"vector": [3, 4, -0.9],
							"easing": "easeInOutQuad"
						},
						"1.8333": {
							"vector": [2, 2, -0.9],
							"easing": "easeInOutCubic"
						},
						"2.6": {
							"vector": [-2, 1, 0],
							"easing": "easeInOutBack",
							"easingArgs": [1]
						},
						"3.1": {
							"vector": [0, 0, 0],
							"easing": "easeInOutQuad"
						}
					}
				}
			},
			"sound_effects": {
				"0.4333": {
					"effect": "yukimura_magout"
				},
				"1.4667": {
					"effect": "yukimura_magin"
				},
				"1.8333": {
					"effect": "skippy_dialogue_2"
				},
				"2.5": {
					"effect": "yukimura_load"
				}
			}
		},
		"animation.model.reload": {
			"loop": true,
			"animation_length": 3.1,
			"bones": {
				"main": {
					"rotation": {
						"0.0": {
							"vector": [0, 0, 0]
						},
						"0.3333": {
							"vector": [0, 0, 15],
							"easing": "easeInOutSine"
						},
						"0.4667": {
							"vector": [-1, 0, 15],
							"easing": "easeInOutBack",
							"easingArgs": [-2]
						},
						"0.5667": {
							"vector": [-1, 0, 15]
						},
						"0.7333": {
							"vector": [-3.43, 0, 15],
							"easing": "easeOutBack"
						},
						"0.9": {
							"vector": [0, 0, 15],
							"easing": "easeInOutSine"
						},
						"1.5": {
							"vector": [-2, 0, 13],
							"easing": "easeInOutBack",
							"easingArgs": [-2]
						},
						"1.6": {
							"vector": [-2, 0, 15]
						},
						"1.7667": {
							"vector": [-1, 0, 15],
							"easing": "easeInQuad"
						},
						"2.0": {
							"vector": [2.21429, 0, 15],
							"easing": "easeOutBack"
						},
						"2.3333": {
							"vector": [0, 0, 0],
							"easing": "easeInOutBack",
							"easingArgs": [0.75]
						}
					},
					"position": {
						"0.0": {
							"vector": [0, 0, 0]
						},
						"0.2667": {
							"vector": [0, 2, 0],
							"easing": "easeInOutSine"
						},
						"0.4333": {
							"vector": [0.1, 2, 0],
							"easing": "easeInOutBack",
							"easingArgs": [-2]
						},
						"0.5333": {
							"vector": [0, 2, 0.25]
						},
						"0.6667": {
							"vector": [0, 2, 1.23],
							"easing": "easeOutBack"
						},
						"0.8333": {
							"vector": [0, 2, 0],
							"easing": "easeInOutSine"
						},
						"1.4667": {
							"vector": [0.2, 1.9, 0],
							"easing": "easeInOutBack",
							"easingArgs": [-2]
						},
						"1.5667": {
							"vector": [0, 1.5, 0]
						},
						"1.7333": {
							"vector": [0, 1.5, -0.5],
							"easing": "easeInQuad"
						},
						"1.9333": {
							"vector": [0, 2, -2],
							"easing": "easeOutBack"
						},
						"2.2667": {
							"vector": [0, 0, 0],
							"easing": "easeInOutBack",
							"easingArgs": [0.75]
						}
					}
				},
				"image": {
					"rotation": {
						"1.6": {
							"vector": [0, 0, 0]
						},
						"1.6333": {
							"vector": [0, 0, 45]
						},
						"2.0": {
							"vector": [0, 0, 10],
							"easing": "easeOutBack",
							"easingArgs": [1]
						},
						"2.7": {
							"vector": [0, 0, 10],
							"easing": "easeOutBack",
							"easingArgs": [2]
						},
						"2.9333": {
							"vector": [0, 0, 45],
							"easing": "easeInBack",
							"easingArgs": [2]
						},
						"2.9667": {
							"vector": [0, 0, 0]
						}
					},
					"position": {
						"1.6": {
							"vector": [0, 0, 0]
						},
						"1.6333": {
							"vector": [2, 2, 0]
						},
						"1.9333": {
							"vector": [6, 5, 0],
							"easing": "easeOutBack",
							"easingArgs": [3]
						},
						"2.6333": {
							"vector": [6, 5, 0],
							"easing": "easeOutBack",
							"easingArgs": [3]
						},
						"2.9333": {
							"vector": [-2, 2, 0],
							"easing": "easeInBack",
							"easingArgs": [3]
						},
						"2.9667": {
							"vector": [0, 0, 0]
						}
					},
					"scale": {
						"1.6333": {
							"vector": [0, 0, 0]
						},
						"1.9333": {
							"vector": [1.5, 1.5, 1.5],
							"easing": "easeInElastic",
							"easingArgs": [2]
						},
						"2.6333": {
							"vector": [1.5, 1.5, 1.5],
							"easing": "easeInElastic",
							"easingArgs": [2]
						},
						"2.9333": {
							"vector": [0, 0, 0],
							"easing": "easeOutElastic",
							"easingArgs": [2]
						}
					}
				},
				"armL_mag": {
					"rotation": {
						"0.5667": {
							"vector": [0, 0, 0]
						},
						"0.7": {
							"vector": [0, 0, 0],
							"easing": "easeOutQuad"
						},
						"1.0333": {
							"vector": [-4.44875, 26.62519, -28.65962],
							"easing": "easeInOutQuad"
						},
						"1.1": {
							"vector": [-4.51495, -28.22636, -24.52337]
						},
						"1.5": {
							"vector": [0, 0, 0],
							"easing": "easeInOutBack",
							"easingArgs": [0.5]
						}
					},
					"position": {
						"0.5333": {
							"vector": [0, 0, 0]
						},
						"0.6667": {
							"vector": [0, 0, 12],
							"easing": "easeOutQuad"
						},
						"1.0": {
							"vector": [26.37598, -25.02614, 17],
							"easing": "easeInOutQuad"
						},
						"1.0333": {
							"vector": [26.38055, -25.02741, 17]
						},
						"1.0667": {
							"vector": [22.77567, -27.02861, 17]
						},
						"1.4667": {
							"vector": [0.0089, -0.00266, 7],
							"easing": "easeInOutBack",
							"easingArgs": [0.5]
						},
						"1.7333": {
							"vector": [0, 0, 0],
							"easing": "easeInCubic"
						}
					}
				},
				"leftarm": {
					"rotation": {
						"0.0": {
							"vector": [0, 0, 0]
						},
						"0.2333": {
							"vector": [-11.70954, -6.93822, -26.56756],
							"easing": "easeInOutSine"
						},
						"0.4333": {
							"vector": [-39.19257, -49.47638, -69.98097],
							"easing": "easeInOutSine"
						},
						"0.5": {
							"vector": [-41.74017, -49.1949, -69.80417]
						},
						"1.0333": {
							"vector": [-39.19, -45.44, -76.78]
						},
						"1.0667": {
							"vector": [-69.63402, -28.12185, -66.3912]
						},
						"1.4667": {
							"vector": [-69.63402, -28.12185, -66.3912]
						},
						"1.7333": {
							"vector": [-54.32831, -46.46791, -66.0737],
							"easing": "easeInCubic"
						},
						"2.2": {
							"vector": [0, 0, 0],
							"easing": "easeInOutQuad"
						}
					},
					"position": {
						"0.0": {
							"vector": [0, 0, 0]
						},
						"0.2": {
							"vector": [11.4214, 3.68125, 0],
							"easing": "easeInOutSine"
						},
						"0.4": {
							"vector": [10.38472, 7.5437, -3],
							"easing": "easeInOutSine"
						},
						"1.0333": {
							"vector": [9.61, 10.44, -3]
						},
						"1.0667": {
							"vector": [12.95835, 9.58962, -13.92657]
						},
						"1.4667": {
							"vector": [12.95835, 9.58962, -13.92657]
						},
						"1.7333": {
							"vector": [12.41514, 6.92799, -9.24],
							"easing": "easeInCubic"
						},
						"2.2": {
							"vector": [0, 0, 0],
							"easing": "easeInOutQuad"
						}
					}
				},
				"magazine": {
					"position": {
						"0.0": {
							"vector": [0, 0, 0]
						},
						"0.4333": {
							"vector": [0, 0, 0]
						},
						"0.5": {
							"vector": [0, 0, 1]
						},
						"1.0333": {
							"vector": [0, 0, 1]
						},
						"1.4667": {
							"vector": [0, 0, 1]
						},
						"1.7333": {
							"vector": [0, 0, 0],
							"easing": "easeInCubic"
						}
					}
				},
				"_camera_": {
					"rotation": {
						"0.0": {
							"vector": [0, 0, 0]
						},
						"0.3667": {
							"vector": [2, 3, 0],
							"easing": "easeInOutQuad"
						},
						"0.5667": {
							"vector": [3, 4, 0],
							"easing": "easeInQuad"
						},
						"0.7667": {
							"vector": [4, 4.5, 0],
							"easing": "easeOutBack"
						},
						"1.5333": {
							"vector": [3, 4, 0],
							"easing": "easeInOutCubic"
						},
						"1.8": {
							"vector": [2, 3, 0],
							"easing": "easeInQuad"
						},
						"2.3": {
							"vector": [0, 0, 0],
							"easing": "easeOutBack",
							"easingArgs": [1]
						}
					}
				}
			},
			"sound_effects": {
				"0.4333": {
					"effect": "yukimura_magout"
				},
				"1.4667": {
					"effect": "yukimura_magin"
				},
				"1.6333": {
					"effect": "skippy_dialogue_1"
				}
			}
		},
		"animation.model.fire": {
			"loop": true,
			"animation_length": 0.1333,
			"bones": {
				"main": {
					"rotation": {
						"0.0": {
							"vector": [0, 0, 0]
						},
						"0.1": {
							"vector": [-1, 0, 0]
						}
					},
					"position": {
						"0.0": {
							"vector": [0, 0, 0]
						},
						"0.0667": {
							"vector": [0, 0, 2]
						}
					}
				},
				"slide": {
					"position": {
						"0.0": {
							"vector": [0, 0, 0]
						},
						"0.0667": {
							"vector": [0, 0, 2.1]
						}
					}
				}
			}
		},
		"animation.model.inspect": {
			"loop": true,
			"animation_length": 5,
			"bones": {
				"main": {
					"rotation": {
						"0.0": {
							"vector": [0, 0, 0]
						},
						"0.4667": {
							"vector": [-4.30963, -29.7174, -36.35612],
							"easing": "easeInOutQuad"
						},
						"1.0": {
							"vector": [-3.77, -29.56, -34.94],
							"easing": "easeInOutBack",
							"easingArgs": [-2]
						},
						"1.1667": {
							"vector": [-8.67, -29.53, -34.69],
							"easing": "easeOutBack"
						},
						"1.3333": {
							"vector": [-3.77, -29.56, -34.94]
						},
						"1.5333": {
							"vector": [-3.21578, -29.39305, -33.51061],
							"easing": "easeInOutBack",
							"easingArgs": [-2]
						},
						"2.0667": {
							"vector": [-3.9546, -16.6834, -38.08182],
							"easing": "easeInOutQuad"
						},
						"3.2667": {
							"vector": [-5.42933, -16.52361, -36.59249],
							"easing": "easeInOutBack",
							"easingArgs": [1]
						},
						"4.3": {
							"vector": [-5.49019, -16.29381, -34.08657],
							"easing": "easeInOutBack",
							"easingArgs": [-2]
						},
						"4.5667": {
							"vector": [-16.6365, -4.12479, 16.00855],
							"easing": "easeInQuad"
						},
						"4.9333": {
							"vector": [0, 0, 0],
							"easing": "easeInOutBack"
						}
					},
					"position": {
						"0.0": {
							"vector": [0, 0, 0]
						},
						"0.4": {
							"vector": [-1, 3, -3],
							"easing": "easeInOutQuad"
						},
						"0.9333": {
							"vector": [-0.76, 2.76, -3],
							"easing": "easeInOutBack",
							"easingArgs": [-2]
						},
						"1.1": {
							"vector": [-1.41599, 2.01479, -1.26339],
							"easing": "easeOutBack"
						},
						"1.2667": {
							"vector": [-0.76, 2.76, -3]
						},
						"1.4667": {
							"vector": [-0.55, 2.55, -3],
							"easing": "easeInOutBack",
							"easingArgs": [-2]
						},
						"2.0": {
							"vector": [-1.55, 0.55, -5],
							"easing": "easeInOutQuad"
						},
						"3.2": {
							"vector": [-1.3, 2.3, 1],
							"easing": "easeInOutBack"
						},
						"4.2333": {
							"vector": [-0.3, 1.8, 0.5],
							"easing": "easeInOutBack",
							"easingArgs": [-2]
						},
						"4.5": {
							"vector": [6.7, 3.8, 4.5],
							"easing": "easeInBack",
							"easingArgs": [1]
						},
						"4.9": {
							"vector": [0, 0, 0],
							"easing": "easeInOutBack"
						}
					}
				},
				"rightarm": {
					"rotation": {
						"1.4667": {
							"vector": [0, 0, 0]
						},
						"4.2667": {
							"vector": [0, 0, 0]
						},
						"4.7667": {
							"vector": [0, 0, 0],
							"easing": "easeInOutCubic"
						}
					},
					"position": {
						"1.4667": {
							"vector": [0, 0, 0]
						},
						"4.2": {
							"vector": [0, 0, 0]
						},
						"4.7": {
							"vector": [0, 0, 0],
							"easing": "easeInOutCubic"
						}
					}
				},
				"gun": {
					"rotation": {
						"0.0": {
							"vector": [0, 0, 0]
						},
						"0.3": {
							"vector": [0, 0, 0],
							"easing": "easeInOutSine"
						},
						"1.7": {
							"vector": [0, 0, 0]
						},
						"4.4333": {
							"vector": [0, 0, 0]
						},
						"4.5667": {
							"vector": [0, 0, 0]
						}
					},
					"position": {
						"0.0": {
							"vector": [0, 0, 0]
						},
						"0.3": {
							"vector": [4, 0, 0],
							"easing": "easeInOutSine"
						},
						"1.7": {
							"vector": [4, 0, 0]
						},
						"4.4333": {
							"vector": [4, 0, 0]
						},
						"4.5667": {
							"vector": [0, 0, 0]
						}
					}
				},
				"image": {
					"rotation": {
						"1.7": {
							"vector": [0, 0, 0]
						},
						"1.7333": {
							"vector": [0, 0, 45]
						},
						"2.1": {
							"vector": [0, 15, 45],
							"easing": "easeOutBack",
							"easingArgs": [1]
						},
						"3.4333": {
							"vector": [0, 15, 47.5],
							"easing": "easeInOutBack",
							"easingArgs": [2]
						},
						"3.6667": {
							"vector": [0, 0, 45],
							"easing": "easeInBack",
							"easingArgs": [2]
						},
						"3.7": {
							"vector": [0, 0, 0]
						}
					},
					"position": {
						"1.7": {
							"vector": [0, 0, 0]
						},
						"1.7333": {
							"vector": [2, 2, 0]
						},
						"2.0333": {
							"vector": [6, 5, 0],
							"easing": "easeOutBack",
							"easingArgs": [3]
						},
						"3.3667": {
							"vector": [6, 5, 0],
							"easing": "easeOutBack",
							"easingArgs": [3]
						},
						"3.6667": {
							"vector": [-2, 2, 0],
							"easing": "easeInBack",
							"easingArgs": [3]
						},
						"3.7": {
							"vector": [0, 0, 0]
						}
					},
					"scale": {
						"1.7333": {
							"vector": [0, 0, 0]
						},
						"2.0333": {
							"vector": [1.5, 1.5, 1.5],
							"easing": "easeInElastic",
							"easingArgs": [2]
						},
						"3.3667": {
							"vector": [1.5, 1.5, 1.5],
							"easing": "easeInElastic",
							"easingArgs": [2]
						},
						"3.6667": {
							"vector": [0, 0, 0],
							"easing": "easeOutElastic",
							"easingArgs": [2]
						}
					}
				},
				"slide": {
					"position": {
						"0.9333": {
							"vector": [0, 0, 0]
						},
						"1.0333": {
							"vector": [0, 0, 2.1]
						},
						"1.1333": {
							"vector": [0, 0, 0]
						}
					}
				},
				"leftarm": {
					"rotation": {
						"0.0": {
							"vector": [0, 0, 0]
						},
						"0.4": {
							"vector": [18.59429, 10.24412, 35.69348]
						},
						"2.4": {
							"vector": [18.59, 10.24, 35.69]
						},
						"2.9": {
							"vector": [-58.65262, 35.77593, 46.88265]
						},
						"3.3": {
							"vector": [-12.02275, 16.27332, 89.65792],
							"easing": "easeInOutBack",
							"easingArgs": [2]
						},
						"3.5": {
							"vector": [-16.39083, 20.1866, 85.82856],
							"easing": "easeInBounce",
							"easingArgs": [0.2]
						},
						"4.2333": {
							"vector": [-14.56419, 18.34449, 87.49162],
							"easing": "easeInOutBack",
							"easingArgs": [-2]
						},
						"4.7": {
							"vector": [0, 0, 0],
							"easing": "easeInOutBack",
							"easingArgs": [1]
						}
					},
					"position": {
						"0.0": {
							"vector": [0, 0, 0]
						},
						"0.4": {
							"vector": [25.64027, -43.89369, -10.43649]
						},
						"2.3333": {
							"vector": [12.24425, -52.16266, -5.93847]
						},
						"2.8": {
							"vector": [7.51665, -18.08307, -6.89589]
						},
						"3.1333": {
							"vector": [4.95235, -18.09612, -16.83402],
							"easing": "easeInQuint"
						},
						"4.1667": {
							"vector": [5.35615, -17.96082, -16.9371],
							"easing": "easeInOutBack",
							"easingArgs": [-2]
						},
						"4.4333": {
							"vector": [5.31926, -7.71155, -5.58752],
							"easing": "easeInBack"
						},
						"4.7": {
							"vector": [0, 0, 0],
							"easing": "easeOutBack"
						}
					},
					"scale": {
						"0.0": {
							"vector": [1, 1, 1]
						},
						"0.4": {
							"vector": [0, 0, 0],
							"easing": "easeInQuart"
						},
						"2.3333": {
							"vector": [0, 0, 0]
						},
						"2.8": {
							"vector": [1, 1, 1]
						}
					}
				},
				"magazine": {
					"rotation": {
						"0.0": {
							"vector": [0, 0, 0]
						},
						"1.7": {
							"vector": [0, 0, 0]
						},
						"4.4333": {
							"vector": [0, 0, 0]
						},
						"4.5667": {
							"vector": [0, 0, 0]
						}
					},
					"position": {
						"0.0": {
							"vector": [0, 0, 0]
						},
						"0.3": {
							"vector": [4, 0, 0],
							"easing": "easeInOutSine"
						},
						"1.7": {
							"vector": [4, 0, 0]
						},
						"4.4333": {
							"vector": [4, 0, 0]
						},
						"4.5667": {
							"vector": [0, 0, 0]
						}
					}
				},
				"image2": {
					"rotation": {
						"3.6333": {
							"vector": [0, 0, 0]
						},
						"3.6667": {
							"vector": [0, 0, 45]
						},
						"4.0333": {
							"vector": [0, 15, 35],
							"easing": "easeOutBack",
							"easingArgs": [1]
						},
						"4.4333": {
							"vector": [0, 15, 45],
							"easing": "easeInOutBack",
							"easingArgs": [2]
						},
						"4.6667": {
							"vector": [0, 0, 45],
							"easing": "easeInBack",
							"easingArgs": [2]
						},
						"4.7": {
							"vector": [0, 0, 0]
						}
					},
					"position": {
						"3.6333": {
							"vector": [0, 0, 0]
						},
						"3.6667": {
							"vector": [2, 2, 0]
						},
						"3.9667": {
							"vector": [6, 5, 0],
							"easing": "easeOutBack",
							"easingArgs": [3]
						},
						"4.3667": {
							"vector": [6, 5, 0],
							"easing": "easeOutBack",
							"easingArgs": [3]
						},
						"4.6667": {
							"vector": [2, 2, 0],
							"easing": "easeInBack",
							"easingArgs": [3]
						},
						"4.7": {
							"vector": [0, 0, 0]
						}
					},
					"scale": {
						"3.6667": {
							"vector": [0, 0, 0]
						},
						"3.9667": {
							"vector": [1.5, 1.5, 1.5],
							"easing": "easeInElastic",
							"easingArgs": [2]
						},
						"4.3667": {
							"vector": [1.5, 1.5, 1.5],
							"easing": "easeInElastic",
							"easingArgs": [2]
						},
						"4.6667": {
							"vector": [0, 0, 0],
							"easing": "easeOutElastic",
							"easingArgs": [2]
						}
					}
				},
				"image3": {
					"rotation": {
						"0.9": {
							"vector": [0, 0, 0]
						},
						"0.9333": {
							"vector": [0, 0, 0]
						},
						"1.0": {
							"vector": [0, 0, 0],
							"easing": "easeOutBack"
						},
						"1.0667": {
							"vector": [0, 0, 0],
							"easing": "easeInBack"
						},
						"1.1": {
							"vector": [0, 0, 0]
						}
					},
					"position": {
						"0.9": {
							"vector": [0, 0, 0]
						},
						"0.9333": {
							"vector": [0, 0, -4]
						},
						"1.0": {
							"vector": [0, 0, -4],
							"easing": "easeOutBack"
						},
						"1.0667": {
							"vector": [0, 0, -4],
							"easing": "easeInBack"
						},
						"1.1": {
							"vector": [0, 0, 0]
						}
					},
					"scale": {
						"0.9333": {
							"vector": [0, 0, 0]
						},
						"1.0": {
							"vector": [3, 3, 3],
							"easing": "linear"
						},
						"1.0667": {
							"vector": [0, 0, 0],
							"easing": "linear"
						}
					}
				},
				"_camera_": {
					"rotation": {
						"0.0": {
							"vector": [0, 0, 0]
						},
						"0.6": {
							"vector": [2, 3, 0.5],
							"easing": "easeInOutQuad"
						},
						"0.9333": {
							"vector": [2.5, 3.3, 0.5],
							"easing": "easeInOutQuad"
						},
						"1.2": {
							"vector": [3.5, 4.3, 2],
							"easing": "easeOutBack"
						},
						"1.6": {
							"vector": [2.5, 3.3, 0.5],
							"easing": "easeOutQuad"
						},
						"2.2": {
							"vector": [-1, 4, 0],
							"easing": "easeInOutQuad"
						},
						"2.6": {
							"vector": [-1.2, 4.5, 0],
							"easing": "easeInOutSine"
						},
						"3.0333": {
							"vector": [-3, 4.5, 0],
							"easing": "easeInOutBack",
							"easingArgs": [3]
						},
						"3.4": {
							"vector": [-1.2, 4.5, 0],
							"easing": "easeOutBack",
							"easingArgs": [5]
						},
						"4.4": {
							"vector": [-1.6, "4 + math.sin(query.anim_time * 650) * 1.5", 0],
							"easing": "easeInOutCubic"
						},
						"4.9333": {
							"vector": [0, 0, 0],
							"easing": "easeOutQuad"
						}
					}
				}
			},
			"sound_effects": {
				"0.9333": {
					"effect": "yukimura_fire"
				},
				"1.7333": {
					"effect": "skippy_dialogue_3"
				},
				"4.4667": {
					"effect": "unity_draw"
				}
			}
		},
		"animation.model.draw": {
			"loop": true,
			"animation_length": 0.6333,
			"bones": {
				"main": {
					"rotation": {
						"0.0": {
							"vector": [-75.0908, -17.04679, 47.75318]
						},
						"0.5": {
							"vector": [0, 0, 0],
							"easing": "easeInOutBack"
						}
					},
					"position": {
						"0.0": {
							"vector": [10, -22, 19]
						},
						"0.4333": {
							"vector": [0, 0, 0],
							"easing": "easeInOutBack"
						}
					}
				},
				"unity": {
					"rotation": {
						"0.1667": {
							"vector": [0, -30, 0]
						},
						"0.4333": {
							"vector": [0, 0, 0],
							"easing": "easeInOutBack"
						}
					},
					"position": {
						"0.1667": {
							"vector": [5.76111, 0, 0.01618]
						},
						"0.4333": {
							"vector": [0, 0, 0],
							"easing": "easeInOutBack"
						}
					}
				},
				"leftarm": {
					"position": {
						"0.1667": {
							"vector": [26, 0, 0]
						},
						"0.4333": {
							"vector": [0, 0, 0],
							"easing": "easeInOutCubic"
						}
					}
				},
				"_camera_": {
					"rotation": {
						"0.0": {
							"vector": [0, 0, 0]
						},
						"0.1667": {
							"vector": [2, -1, 0],
							"easing": "easeInOutQuad"
						},
						"0.5": {
							"vector": [0, 0, 0],
							"easing": "easeInOutQuad"
						}
					}
				}
			},
			"sound_effects": {
				"0.0": {
					"effect": "unity_draw"
				},
				"0.5": {
					"effect": "skippy_singing"
				}
			}
		}
	},
	"geckolib_format_version": 2
}