{
	"format_version": "1.8.0",
	"animations": {
		"animation.model.draw": {
			"loop": true,
			"animation_length": 0.6333,
			"bones": {
				"main": {
					"rotation": {
						"0.0": {
							"vector": [-75.0908, -17.04679, 47.75318]
						},
						"0.5": {
							"vector": [0, 0, 0],
							"easing": "easeInOutBack"
						}
					},
					"position": {
						"0.0": {
							"vector": [10, -22, 19]
						},
						"0.4333": {
							"vector": [0, 0, 0],
							"easing": "easeInOutBack"
						}
					}
				},
				"unity": {
					"rotation": {
						"0.1667": {
							"vector": [0, -30, 0]
						},
						"0.4333": {
							"vector": [0, 0, 0],
							"easing": "easeInOutBack"
						}
					},
					"position": {
						"0.1667": {
							"vector": [5.76111, 0, 0.01618]
						},
						"0.4333": {
							"vector": [0, 0, 0],
							"easing": "easeInOutBack"
						}
					}
				},
				"leftarm": {
					"position": {
						"0.1667": {
							"vector": [26, 0, 0]
						},
						"0.4333": {
							"vector": [0, 0, 0],
							"easing": "easeInOutCubic"
						}
					}
				},
				"_camera_": {
					"rotation": {
						"0.0": {
							"vector": [0, 0, 0]
						},
						"0.1667": {
							"vector": [2, -1, 0],
							"easing": "easeInOutQuad"
						},
						"0.5": {
							"vector": [0, 0, 0],
							"easing": "easeInOutQuad"
						}
					}
				}
			},
			"sound_effects": {
				"0.0": {
					"effect": "unity_draw"
				}
			}
		},
		"animation.model.inspect": {
			"loop": true,
			"animation_length": 5.1,
			"bones": {
				"main": {
					"rotation": {
						"0.0": {
							"vector": [0, 0, 0]
						},
						"0.5333": {
							"vector": [-22.86869, -38.65481, -24.364],
							"easing": "easeInOutBack",
							"easingArgs": [0.6]
						},
						"0.9333": {
							"vector": [-22.12605, -39.03267, -25.54618],
							"easing": "easeInOutBack",
							"easingArgs": [-1]
						},
						"1.4333": {
							"vector": [-22.87, -38.65, -24.36],
							"easing": "easeInOutBack",
							"easingArgs": [-2]
						},
						"2.1": {
							"vector": [-45.97316, 44.97013, 7.75905],
							"easing": "easeInOutQuart"
						},
						"2.8": {
							"vector": [-45.52792, 46.39053, 9.77536],
							"easing": "easeInOutBack",
							"easingArgs": [-2]
						},
						"3.2": {
							"vector": [-57.07368, 6.61626, -5.19003],
							"easing": "easeInOutCubic"
						},
						"3.6": {
							"vector": [-57.28433, 2.41746, -7.90806],
							"easing": "easeInOutQuad"
						},
						"4.0667": {
							"vector": [-59.78, 2.42, -7.91],
							"easing": "easeInOutBack",
							"easingArgs": [-2]
						},
						"4.3": {
							"vector": [-47.28, 2.42, -7.91],
							"easing": "easeOutBack"
						},
						"4.6667": {
							"vector": [7.5, 0, 0],
							"easing": "easeInBack",
							"easingArgs": [2]
						},
						"5.0333": {
							"vector": [0, 0, 0],
							"easing": "easeInOutBack",
							"easingArgs": [2]
						}
					},
					"position": {
						"0.0": {
							"vector": [0, 0, 0]
						},
						"0.4667": {
							"vector": [5, 7, 0],
							"easing": "easeInOutBack",
							"easingArgs": [0.6]
						},
						"1.0": {
							"vector": [5, 7.15, 0],
							"easing": "easeInOutBack",
							"easingArgs": [-1]
						},
						"1.5": {
							"vector": [5, 7, 0],
							"easing": "easeInOutBack",
							"easingArgs": [-2]
						},
						"1.7667": {
							"vector": [3.5, 4, 0],
							"easing": "easeInQuart"
						},
						"2.0333": {
							"vector": [2, 7, 0],
							"easing": "easeOutQuart"
						},
						"2.7333": {
							"vector": [2.3, 6.9, 0],
							"easing": "easeInOutBack",
							"easingArgs": [-2]
						},
						"3.1333": {
							"vector": [-1, 0, 0],
							"easing": "easeInOutCubic"
						},
						"3.5333": {
							"vector": [-1, -0.5, 0],
							"easing": "easeInOutQuad"
						},
						"4.0333": {
							"vector": [-0.9, -0.75, 0],
							"easing": "easeInOutBack",
							"easingArgs": [-2]
						},
						"4.2667": {
							"vector": [-1, 3.5, 0],
							"easing": "easeOutBack"
						},
						"4.6333": {
							"vector": [0, -5, -5],
							"easing": "easeInBack",
							"easingArgs": [2]
						},
						"5.0": {
							"vector": [0, 0, 0],
							"easing": "easeInOutBack",
							"easingArgs": [2]
						}
					}
				},
				"unity": {
					"rotation": {
						"0.0": {
							"vector": [0, 0, 0]
						},
						"0.4333": {
							"vector": [-15, -7.5, 0],
							"easing": "easeInOutQuad"
						},
						"1.1333": {
							"vector": [-15, -7.5, 0]
						},
						"1.5": {
							"vector": [-15, -7.5, 0]
						},
						"1.9667": {
							"vector": [-20, -7.5, 0],
							"easing": "easeInOutQuart"
						},
						"4.3333": {
							"vector": [-20, -7.5, 0]
						},
						"4.9333": {
							"vector": [0, 0, 0],
							"easing": "easeInOutBack"
						}
					},
					"position": {
						"0.0": {
							"vector": [0, 0, 0]
						},
						"0.4333": {
							"vector": [5, 1, 0],
							"easing": "easeInOutQuad"
						},
						"1.1333": {
							"vector": [5, 1, 0]
						},
						"1.5": {
							"vector": [5, 1, 0]
						},
						"4.3333": {
							"vector": [5, 1, 0]
						},
						"4.6667": {
							"vector": [0, 0, 0],
							"easing": "easeInOutQuad"
						},
						"5.0333": {
							"vector": [0, 0, 0]
						}
					}
				},
				"slide": {
					"rotation": {
						"vector": [0, 0, 0]
					},
					"position": {
						"0.0": {
							"vector": [0, 0, 0]
						},
						"3.3333": {
							"vector": [0, 0, 0]
						},
						"3.7": {
							"vector": [0, 0, 4.9],
							"easing": "easeInOutQuad"
						},
						"4.0667": {
							"vector": [0, 0, 4.9]
						},
						"4.1333": {
							"vector": [0, 0, 0],
							"easing": "linear"
						}
					}
				},
				"rightarm": {
					"rotation": {
						"2.8": {
							"vector": [0, 0, 0]
						},
						"3.4": {
							"vector": [-52.5, 0, 0],
							"easing": "easeInOutQuart"
						},
						"3.7": {
							"vector": [-60, 0, 0],
							"easing": "easeInOutQuad"
						},
						"4.0667": {
							"vector": [-60, 0, 0]
						},
						"4.2333": {
							"vector": [-35, 0, 0],
							"easing": "easeOutBack"
						},
						"4.5333": {
							"vector": [0, 0, 0],
							"easing": "easeInBack"
						}
					},
					"position": {
						"2.8": {
							"vector": [0, 0, 0]
						},
						"3.3333": {
							"vector": [0.92713, -6.71113, -7.95934],
							"easing": "easeInOutQuart"
						},
						"3.6333": {
							"vector": [0.93, -8.71, -6.96],
							"easing": "easeInOutQuad"
						},
						"4.0667": {
							"vector": [0.93, -8.71, -6.96]
						},
						"4.2333": {
							"vector": [0.51752, -7.73869, -6.78876],
							"easing": "easeOutBack"
						},
						"4.5333": {
							"vector": [0, 0, 0],
							"easing": "easeInBack"
						}
					}
				},
				"leftarm": {
					"rotation": {
						"0.0": {
							"vector": [0, 0, 0]
						},
						"0.4333": {
							"vector": [20.22599, 30.77199, 19.88997],
							"easing": "easeInOutQuad"
						},
						"4.3333": {
							"vector": [7.4966, 8.27107, 19.56867]
						},
						"4.7667": {
							"vector": [0, 0, 0],
							"easing": "easeInOutBack"
						}
					},
					"position": {
						"0.0": {
							"vector": [0, 0, 0]
						},
						"0.4333": {
							"vector": [8, -24, 0],
							"easing": "easeInOutQuad"
						},
						"4.3333": {
							"vector": [15.02869, -15.88227, 16.62527]
						},
						"4.7667": {
							"vector": [0, 0, 0],
							"easing": "easeInOutBack"
						}
					},
					"scale": {
						"0.0": {
							"vector": [1, 1, 1]
						},
						"0.4333": {
							"vector": [0, 0, 0],
							"easing": "easeInQuart"
						},
						"4.2667": {
							"vector": [0, 0, 0]
						},
						"4.3333": {
							"vector": [1, 1, 1]
						}
					}
				},
				"_camera_": {
					"rotation": {
						"0.0": {
							"vector": [0, 0, 0]
						},
						"0.4667": {
							"vector": [-2, 0, 0.5],
							"easing": "easeInOutBack"
						},
						"1.5333": {
							"vector": [-2, 0, 0],
							"easing": "easeInOutBack",
							"easingArgs": [-2]
						},
						"2.0667": {
							"vector": [-1, 2, -1],
							"easing": "easeInOutQuad"
						},
						"2.7667": {
							"vector": [-1.3, 2.2, -1.1],
							"easing": "easeInOutBack",
							"easingArgs": [-2]
						},
						"3.1667": {
							"vector": [2, 2, -0.5],
							"easing": "easeInOutSine"
						},
						"3.6333": {
							"vector": [3, 3, -1],
							"easing": "easeInOutQuad"
						},
						"4.0": {
							"vector": [2.7, 3.2, -1],
							"easing": "easeInOutBack",
							"easingArgs": [-2]
						},
						"4.2667": {
							"vector": [1.3, 3, -0.4],
							"easing": "easeOutBack",
							"easingArgs": [2]
						},
						"4.5333": {
							"vector": [3, 3, -0.16],
							"easing": "easeInOutQuad"
						},
						"5.0": {
							"vector": [0, 0, 0],
							"easing": "easeInOutBack"
						}
					}
				}
			},
			"sound_effects": {
				"3.4333": {
					"effect": "unity_slidedown"
				},
				"4.0667": {
					"effect": "unity_slideup"
				},
				"4.6333": {
					"effect": "unity_draw"
				}
			}
		},
		"animation.model.reload": {
			"loop": true,
			"animation_length": 2.2,
			"bones": {
				"main": {
					"rotation": {
						"0.0": {
							"vector": [0, 0, 0]
						},
						"0.3333": {
							"vector": [-23.46646, -22.39682, -22.19197],
							"easing": "easeInOutBack"
						},
						"0.6": {
							"vector": [-19.26916, -21.84913, -20.68445],
							"easing": "easeOutBack",
							"easingArgs": [3]
						},
						"1.0667": {
							"vector": [13.68858, -28.58572, -55.96231],
							"easing": "easeInOutCubic"
						},
						"1.2": {
							"vector": [12.19, -28.59, -55.96],
							"easing": "easeOutBack",
							"easingArgs": [3]
						},
						"1.5": {
							"vector": [13.69, -28.59, -55.96]
						},
						"1.7": {
							"vector": [7.19, -28.59, -55.96],
							"easing": "easeOutBack",
							"easingArgs": [3]
						},
						"2.1": {
							"vector": [0, 0, 0],
							"easing": "easeInOutBack",
							"easingArgs": [0.6]
						}
					},
					"position": {
						"0.0": {
							"vector": [0, 0, 0]
						},
						"0.3": {
							"vector": [-2, 5, -5],
							"easing": "easeInOutBack"
						},
						"0.5667": {
							"vector": [-1, 4, -5],
							"easing": "easeOutBack",
							"easingArgs": [3]
						},
						"1.0333": {
							"vector": [-1, 3, -3],
							"easing": "easeInOutCubic"
						},
						"1.1667": {
							"vector": [-1.3, 3, -3],
							"easing": "easeOutBack",
							"easingArgs": [3]
						},
						"1.4667": {
							"vector": [-1, 3, -3]
						},
						"1.6667": {
							"vector": [-2.3, 4, -3],
							"easing": "easeOutBack",
							"easingArgs": [3]
						},
						"2.1667": {
							"vector": [0, 0, 0],
							"easing": "easeInOutBack",
							"easingArgs": [0.6]
						}
					}
				},
				"unity": {
					"rotation": {
						"0.0": {
							"vector": [0, 0, 0]
						},
						"0.3333": {
							"vector": [-7.5, -5, 0],
							"easing": "easeInOutBack"
						},
						"0.6": {
							"vector": [-5, -5, 0],
							"easing": "easeOutBack",
							"easingArgs": [5]
						},
						"1.0667": {
							"vector": [-5, -5, 0]
						},
						"1.2": {
							"vector": [-6.5, -5, 0],
							"easing": "easeOutBack",
							"easingArgs": [1]
						},
						"1.4667": {
							"vector": [-6.5, -5, 0]
						},
						"1.7667": {
							"vector": [-6.5, -5, 0]
						},
						"1.9333": {
							"vector": [-13.25, -2.5, 0],
							"easing": "easeOutQuad"
						},
						"2.1": {
							"vector": [0, 0, 0],
							"easing": "easeInOutQuad"
						}
					},
					"position": {
						"0.0": {
							"vector": [0, 0, 0]
						},
						"0.3": {
							"vector": [4.69234, 0.04052, -1.43573],
							"easing": "easeInOutBack"
						},
						"0.5667": {
							"vector": [4.69, 0.04, -1.44]
						},
						"1.4333": {
							"vector": [4.69, 0.04, -1.44]
						},
						"1.7333": {
							"vector": [4.69, 0.04, -1.44]
						},
						"2.1": {
							"vector": [0, 0, 0],
							"easing": "easeInOutQuad"
						}
					}
				},
				"magazine": {
					"rotation": {
						"0.0": {
							"vector": [0, 0, 0]
						},
						"0.4": {
							"vector": [0, 0, 0]
						},
						"0.6333": {
							"vector": [0, 0, 0]
						},
						"0.7667": {
							"vector": [0, 0, 0]
						},
						"1.5": {
							"vector": [0, 0, 0]
						}
					},
					"position": {
						"0.0": {
							"vector": [0, 0, 0]
						},
						"0.3667": {
							"vector": [0, 0, 0]
						},
						"0.6": {
							"vector": [0, -32.25, 8.5]
						},
						"0.7333": {
							"vector": [0, -32.25, 8.5]
						},
						"0.8": {
							"vector": [0, -23.25, 8.5]
						},
						"1.0333": {
							"vector": [0, -13, 2]
						},
						"1.1": {
							"vector": [0, -13, 1.5]
						},
						"1.1667": {
							"vector": [0, -13.75, 2.5]
						},
						"1.2333": {
							"vector": [0, -12.08, 3.1]
						},
						"1.3": {
							"vector": [0, -9.78, 2.76]
						},
						"1.3333": {
							"vector": [0, -5.18, 1.38]
						},
						"1.4": {
							"vector": [0, -4.93, 1.355]
						},
						"1.4667": {
							"vector": [0, 0, 0]
						}
					}
				},
				"leftarm": {
					"rotation": {
						"0.0": {
							"vector": [0, 0, 0]
						},
						"0.3333": {
							"vector": [0, 0, 0]
						},
						"0.6333": {
							"vector": [0, 0, 0]
						},
						"0.7667": {
							"vector": [0, 0, 0]
						},
						"0.8": {
							"vector": [-37.53691, -13.81856, -6.72449]
						},
						"1.0667": {
							"vector": [-37.77, -13.82, -6.72]
						},
						"1.1333": {
							"vector": [-36.03691, -13.81856, -6.72449]
						},
						"1.2": {
							"vector": [-36.03691, -13.81856, -6.72449]
						},
						"1.2667": {
							"vector": [-37.04, -13.82, -6.72]
						},
						"1.5": {
							"vector": [14.43596, -3.70494, 70.45165]
						},
						"1.5667": {
							"vector": [14.44, -3.7, 70.45]
						},
						"1.6333": {
							"vector": [14.44, -3.7, 70.45]
						},
						"1.8": {
							"vector": [8.65434, -5.79897, 54.5156]
						},
						"2.1667": {
							"vector": [0, 0, 0],
							"easing": "easeInOutCubic"
						}
					},
					"position": {
						"0.0": {
							"vector": [0, 0, 0]
						},
						"0.2": {
							"vector": [9.59598, -30.63716, 7.69947]
						},
						"0.3": {
							"vector": [9.6, -30.64, 7.7]
						},
						"0.6": {
							"vector": [9.6, -30.64, 7.7]
						},
						"0.7333": {
							"vector": [9.6, -30.64, 7.7]
						},
						"0.7667": {
							"vector": [2.10393, -34.79682, 0.5893]
						},
						"0.8": {
							"vector": [2.10393, -34.79682, 0.5893]
						},
						"1.0333": {
							"vector": [2.1, -23.55, -5.66]
						},
						"1.1": {
							"vector": [2.1, -23.55, -6.16]
						},
						"1.1667": {
							"vector": [2.1, -24.55, -5.16]
						},
						"1.2333": {
							"vector": [2.1, -22.55, -4.16]
						},
						"1.3": {
							"vector": [-2.5213, -22.25483, -1.9835]
						},
						"1.3667": {
							"vector": [-4.01503, -17.02897, 0.24883]
						},
						"1.4667": {
							"vector": [-4.3088, -9.4066, 2.63545],
							"easing": "easeInSine"
						},
						"1.5333": {
							"vector": [-4.31, -9.41, 2.64]
						},
						"1.6": {
							"vector": [-4.31, -9.41, 2.64]
						},
						"1.7667": {
							"vector": [-2.46159, -11.57163, 1.51106]
						},
						"2.1333": {
							"vector": [0, 0, 0],
							"easing": "easeInOutCubic"
						}
					}
				},
				"_camera_": {
					"rotation": {
						"0.0": {
							"vector": [0, 0, 0]
						},
						"0.3333": {
							"vector": [-1, 2, 0],
							"easing": "easeInOutQuad"
						},
						"0.6667": {
							"vector": [0, 1.5, 0],
							"easing": "easeOutBack"
						},
						"1.0333": {
							"vector": [1, -0.5, 0],
							"easing": "easeInOutQuad"
						},
						"1.2333": {
							"vector": [1, -0.5, -1],
							"easing": "easeOutBack",
							"easingArgs": [5]
						},
						"1.4667": {
							"vector": [1, -0.5, 0],
							"easing": "easeInOutBack",
							"easingArgs": [5]
						},
						"1.7": {
							"vector": [-1, 0.3, 0],
							"easing": "easeOutBack",
							"easingArgs": [2]
						},
						"2.1": {
							"vector": [0, 0, 0],
							"easing": "easeInOutCubic"
						}
					}
				}
			},
			"sound_effects": {
				"0.3667": {
					"effect": "unity_magout"
				},
				"0.7667": {
					"effect": "unity_magin"
				}
			}
		},
		"animation.model.reloadempty": {
			"loop": true,
			"animation_length": 3.3333,
			"bones": {
				"main": {
					"rotation": {
						"0.0": {
							"vector": [0, 0, 0]
						},
						"0.3333": {
							"vector": [-23.46646, -22.39682, -22.19197],
							"easing": "easeInOutBack"
						},
						"0.6": {
							"vector": [-19.26916, -21.84913, -20.68445],
							"easing": "easeOutBack",
							"easingArgs": [3]
						},
						"1.0667": {
							"vector": [13.68858, -28.58572, -55.96231],
							"easing": "easeInOutCubic"
						},
						"1.2": {
							"vector": [12.19, -28.59, -55.96],
							"easing": "easeOutBack",
							"easingArgs": [3]
						},
						"1.5": {
							"vector": [13.69, -28.59, -55.96]
						},
						"1.7": {
							"vector": [7.19, -28.59, -55.96],
							"easing": "easeOutBack",
							"easingArgs": [3]
						},
						"2.0667": {
							"vector": [-29.39013, 1.01423, 50.6083],
							"easing": "easeInOutCubic"
						},
						"2.1667": {
							"vector": [-30.39, 1.01, 50.61]
						},
						"2.3": {
							"vector": [-30.16092, -4.04115, 41.97365],
							"easing": "easeOutBack",
							"easingArgs": [1]
						},
						"2.7333": {
							"vector": [0, 0, 0],
							"easing": "easeInOutBack"
						}
					},
					"position": {
						"0.0": {
							"vector": [0, 0, 0]
						},
						"0.3": {
							"vector": [-2, 5, -5],
							"easing": "easeInOutBack"
						},
						"0.5667": {
							"vector": [-1, 4, -5],
							"easing": "easeOutBack",
							"easingArgs": [3]
						},
						"1.0333": {
							"vector": [-1, 3, -3],
							"easing": "easeInOutCubic"
						},
						"1.1667": {
							"vector": [-1.3, 3, -3],
							"easing": "easeOutBack",
							"easingArgs": [3]
						},
						"1.4667": {
							"vector": [-1, 3, -3]
						},
						"1.6667": {
							"vector": [-2.3, 4, -3],
							"easing": "easeOutBack",
							"easingArgs": [3]
						},
						"2.0333": {
							"vector": [9.68, 4, 0],
							"easing": "easeInOutQuad"
						},
						"2.1333": {
							"vector": [9.45, 4, 0.25]
						},
						"2.2667": {
							"vector": [9.95, 4, 1.75],
							"easing": "easeOutBack"
						},
						"2.8": {
							"vector": [0, 0, 0],
							"easing": "easeInOutBack"
						}
					}
				},
				"unity": {
					"rotation": {
						"0.0": {
							"vector": [0, 0, 0]
						},
						"0.3333": {
							"vector": [-7.5, -5, 0],
							"easing": "easeInOutBack"
						},
						"0.6": {
							"vector": [-5, -5, 0],
							"easing": "easeOutBack",
							"easingArgs": [5]
						},
						"1.0667": {
							"vector": [-5, -5, 0]
						},
						"1.2": {
							"vector": [-6.5, -5, 0],
							"easing": "easeOutBack",
							"easingArgs": [1]
						},
						"1.4667": {
							"vector": [-6.5, -5, 0]
						},
						"2.0667": {
							"vector": [-6.5, -5, 0]
						},
						"2.1667": {
							"vector": [-14, -5, 0]
						},
						"2.4": {
							"vector": [-6.5, -5, 0],
							"easing": "easeOutBack",
							"easingArgs": [6]
						},
						"2.5667": {
							"vector": [-13.25, -2.5, 0],
							"easing": "easeOutQuad"
						},
						"2.7333": {
							"vector": [0, 0, 0],
							"easing": "easeInOutQuad"
						}
					},
					"position": {
						"0.0": {
							"vector": [0, 0, 0]
						},
						"0.3": {
							"vector": [4.69234, 0.04052, -1.43573],
							"easing": "easeInOutBack"
						},
						"0.5667": {
							"vector": [4.69, 0.04, -1.44]
						},
						"1.4333": {
							"vector": [4.69, 0.04, -1.44]
						},
						"2.3667": {
							"vector": [4.69, 0.04, -1.44]
						},
						"2.7333": {
							"vector": [0, 0, 0],
							"easing": "easeInOutQuad"
						}
					}
				},
				"magazine": {
					"rotation": {
						"0.0": {
							"vector": [0, 0, 0]
						},
						"0.4": {
							"vector": [0, 0, 0]
						},
						"0.6333": {
							"vector": [0, 0, 0]
						},
						"0.7667": {
							"vector": [0, 0, 0]
						},
						"1.5": {
							"vector": [0, 0, 0]
						}
					},
					"position": {
						"0.0": {
							"vector": [0, 0, 0]
						},
						"0.3667": {
							"vector": [0, 0, 0]
						},
						"0.6": {
							"vector": [0, -32.25, 8.5]
						},
						"0.7333": {
							"vector": [0, -32.25, 8.5]
						},
						"0.8": {
							"vector": [0, -23.25, 8.5]
						},
						"1.0333": {
							"vector": [0, -13, 2]
						},
						"1.1": {
							"vector": [0, -13, 1.5]
						},
						"1.1667": {
							"vector": [0, -13.75, 2.5]
						},
						"1.2333": {
							"vector": [0, -12.08, 3.1]
						},
						"1.3": {
							"vector": [0, -9.78, 2.76]
						},
						"1.3333": {
							"vector": [0, -5.18, 1.38]
						},
						"1.4": {
							"vector": [0, -4.93, 1.355]
						},
						"1.4667": {
							"vector": [0, 0, 0]
						}
					}
				},
				"leftarm": {
					"rotation": {
						"0.0": {
							"vector": [0, 0, 0]
						},
						"0.3": {
							"vector": [0, 0, 0]
						},
						"0.6": {
							"vector": [0, 0, 0]
						},
						"0.7333": {
							"vector": [0, 0, 0]
						},
						"0.7667": {
							"vector": [-37.53691, -13.81856, -6.72449]
						},
						"1.0333": {
							"vector": [-37.77, -13.82, -6.72]
						},
						"1.1": {
							"vector": [-36.03691, -13.81856, -6.72449]
						},
						"1.1667": {
							"vector": [-36.03691, -13.81856, -6.72449]
						},
						"1.2333": {
							"vector": [-37.04, -13.82, -6.72]
						},
						"1.4667": {
							"vector": [14.43596, -3.70494, 70.45165]
						},
						"1.5333": {
							"vector": [14.44, -3.7, 70.45]
						},
						"1.6": {
							"vector": [14.44, -3.7, 70.45]
						},
						"1.7667": {
							"vector": [8.65434, -5.79897, 54.5156]
						},
						"2.0667": {
							"vector": [-51.07726, -37.92186, -77.00276],
							"easing": "easeInOutQuad"
						},
						"2.1333": {
							"vector": [-53.58, -37.92, -77]
						},
						"2.2333": {
							"vector": [-71.08, -37.92, -77]
						},
						"2.2667": {
							"vector": [-71.08, -37.92, -77]
						},
						"2.4": {
							"vector": [-29.66567, 9.17898, -45.87818]
						},
						"2.6": {
							"vector": [-8.83, -7, -12.94]
						},
						"2.8": {
							"vector": [0, 0, 0],
							"easing": "easeInOutCubic"
						}
					},
					"position": {
						"0.0": {
							"vector": [0, 0, 0]
						},
						"0.2": {
							"vector": [9.59598, -30.63716, 7.69947]
						},
						"0.3": {
							"vector": [9.6, -30.64, 7.7]
						},
						"0.6": {
							"vector": [9.6, -30.64, 7.7]
						},
						"0.7333": {
							"vector": [9.6, -30.64, 7.7]
						},
						"0.7667": {
							"vector": [2.10393, -34.79682, 0.5893]
						},
						"0.8": {
							"vector": [2.10393, -34.79682, 0.5893]
						},
						"1.0333": {
							"vector": [2.1, -23.55, -5.66]
						},
						"1.1": {
							"vector": [2.1, -23.55, -6.16]
						},
						"1.1667": {
							"vector": [2.1, -24.55, -5.16]
						},
						"1.2333": {
							"vector": [2.1, -22.55, -4.16]
						},
						"1.3": {
							"vector": [-2.5213, -22.25483, -1.9835]
						},
						"1.3667": {
							"vector": [-4.01503, -17.02897, 0.24883]
						},
						"1.4667": {
							"vector": [-4.3088, -9.4066, 2.63545],
							"easing": "easeInSine"
						},
						"1.5333": {
							"vector": [-4.31, -9.41, 2.64]
						},
						"1.6": {
							"vector": [-4.31, -9.41, 2.64]
						},
						"1.7667": {
							"vector": [-2.46159, -11.57163, 1.51106]
						},
						"2.0333": {
							"vector": [14.23634, 13.6259, -2.01117],
							"easing": "easeInOutQuad"
						},
						"2.1333": {
							"vector": [14.24, 13.63, -2.01]
						},
						"2.2333": {
							"vector": [13.24, 13.63, 6.99]
						},
						"2.2667": {
							"vector": [19.31543, -2.78206, 16.03064]
						},
						"2.4": {
							"vector": [18.77029, 2.63309, 12.79084]
						},
						"2.7667": {
							"vector": [0, 0, 0],
							"easing": "easeInOutCubic"
						}
					}
				},
				"bullet": {
					"scale": {
						"0.0": {
							"vector": [0, 0, 0]
						},
						"0.7667": {
							"vector": [0, 0, 0]
						},
						"0.8": {
							"vector": [1, 1, 1]
						}
					}
				},
				"slide": {
					"rotation": {
						"vector": [0, 0, 0]
					},
					"position": {
						"0.0": {
							"vector": [0, 0, 4.9]
						},
						"2.1333": {
							"vector": [0, 0, 4.9]
						},
						"2.2333": {
							"vector": [0, 0, 0]
						}
					}
				},
				"_camera_": {
					"rotation": {
						"0.0": {
							"vector": [0, 0, 0]
						},
						"0.3333": {
							"vector": [-1, 2, 0],
							"easing": "easeInOutQuad"
						},
						"0.6667": {
							"vector": [0, 1.5, 0],
							"easing": "easeOutBack"
						},
						"1.0333": {
							"vector": [1, -0.5, -1],
							"easing": "easeInOutQuad"
						},
						"1.2333": {
							"vector": [1, -0.5, -1.5],
							"easing": "easeOutBack",
							"easingArgs": [5]
						},
						"1.4667": {
							"vector": [1, -0.5, -1],
							"easing": "easeInOutBack",
							"easingArgs": [5]
						},
						"1.7": {
							"vector": [-1, 0.3, 0],
							"easing": "easeOutBack",
							"easingArgs": [2]
						},
						"2.0333": {
							"vector": [0, -2, 2],
							"easing": "easeInOutQuad"
						},
						"2.1667": {
							"vector": [0.3, -1, 2.2],
							"easing": "easeInSine"
						},
						"2.4333": {
							"vector": [-1, -2, 1],
							"easing": "easeOutBack",
							"easingArgs": [4]
						},
						"2.7667": {
							"vector": [0, 0, 0],
							"easing": "easeInOutCubic"
						}
					}
				}
			},
			"sound_effects": {
				"0.3667": {
					"effect": "unity_magout"
				},
				"0.7667": {
					"effect": "unity_magin"
				},
				"2.0": {
					"effect": "unity_slidedown"
				},
				"2.1333": {
					"effect": "unity_slideup"
				}
			}
		},
		"animation.model.fire": {
			"loop": true,
			"animation_length": 0.0667,
			"bones": {
				"main": {
					"rotation": {
						"0.0": {
							"vector": [0, 0, 2.5]
						},
						"0.0667": {
							"vector": [-4.99527, -0.21782, 0.0095]
						}
					},
					"position": {
						"0.0": {
							"vector": [0, 0, 0]
						},
						"0.0667": {
							"vector": [0, 0, 2]
						}
					}
				},
				"slide": {
					"rotation": {
						"0.0": {
							"vector": [0, 0, 0]
						},
						"0.0667": {
							"vector": [0, 0, 0]
						}
					},
					"position": {
						"0.0": {
							"vector": [0, 0, 0]
						},
						"0.0667": {
							"vector": [0, 0, 4.9]
						}
					}
				},
				"trigger": {
					"rotation": {
						"0.0": {
							"vector": [10, 0, 0]
						},
						"0.0667": {
							"vector": [10, 0, 0]
						}
					}
				},
				"hammer": {
					"rotation": {
						"0.0": {
							"vector": [67.5, 0, 0]
						},
						"0.0667": {
							"vector": [0, 0, 0]
						}
					},
					"position": {
						"vector": [0, 0, 0]
					}
				}
			}
		}
	},
	"geckolib_format_version": 2
}