{
	"format_version": "1.8.0",
	"animations": {
		"animation.model.fire": {
			"loop": true,
			"animation_length": 1,
			"bones": {
				"main": {
					"rotation": {
						"0.0": {
							"vector": [0, 0, 1],
							"easing": "easeInOutElastic",
							"easingArgs": [5]
						},
						"0.0667": {
							"vector": [-2.5, 0, 0],
							"easing": "linear"
						},
						"0.9667": {
							"vector": [0, 0, 0],
							"easing": "easeOutBack"
						}
					},
					"position": {
						"0.0": {
							"vector": [0, 0, 1]
						},
						"0.0333": {
							"vector": [0, 0, 7.5],
							"easing": "linear"
						},
						"0.9333": {
							"vector": [0, 0, 0],
							"easing": "easeOutBack"
						}
					}
				},
				"rail1": {
					"position": {
						"0.0": {
							"vector": [0, 0, 3]
						},
						"0.0667": {
							"vector": [0, 0, 10]
						},
						"0.2": {
							"vector": [0, 0, 10]
						},
						"0.6667": {
							"vector": [0, 0, 0],
							"easing": "easeInBounce",
							"easingArgs": [0.1]
						}
					}
				},
				"rail2": {
					"position": {
						"0.0": {
							"vector": [0, 0, 3]
						},
						"0.0667": {
							"vector": [0, 0, 2]
						},
						"0.2": {
							"vector": [0, 0, 2]
						},
						"0.5": {
							"vector": [0, 0, 0],
							"easing": "easeInBounce",
							"easingArgs": [0.1]
						}
					}
				},
				"rail3": {
					"position": {
						"0.0": {
							"vector": [0, 0, 3]
						},
						"0.0667": {
							"vector": [0, 0, -5]
						},
						"0.2": {
							"vector": [0, 0, -5]
						},
						"0.8333": {
							"vector": [0, 0, 0],
							"easing": "easeInBounce",
							"easingArgs": [0.1]
						}
					}
				},
				"RB": {
					"rotation": {
						"0.0": {
							"vector": [-10, 0, 0]
						},
						"0.3": {
							"vector": [0, 0, 0],
							"easing": "easeInBack",
							"easingArgs": [5]
						}
					}
				},
				"RF": {
					"rotation": {
						"0.0": {
							"vector": [10, 0, 0]
						},
						"0.3": {
							"vector": [0, 0, 0],
							"easing": "easeInBack",
							"easingArgs": [5]
						}
					}
				},
				"LB": {
					"rotation": {
						"0.0": {
							"vector": [-10, 0, 0]
						},
						"0.3": {
							"vector": [0, 0, 0],
							"easing": "easeInBack",
							"easingArgs": [5]
						}
					}
				},
				"LF": {
					"rotation": {
						"0.0": {
							"vector": [10, 0, 0]
						},
						"0.3": {
							"vector": [0, 0, 0],
							"easing": "easeInBack",
							"easingArgs": [5]
						}
					}
				},
				"RB2": {
					"rotation": {
						"0.0": {
							"vector": [-10, 0, 0]
						},
						"0.3": {
							"vector": [0, 0, 0],
							"easing": "easeInBack",
							"easingArgs": [5]
						}
					}
				},
				"RF2": {
					"rotation": {
						"0.0": {
							"vector": [10, 0, 0]
						},
						"0.3": {
							"vector": [0, 0, 0],
							"easing": "easeInBack",
							"easingArgs": [5]
						}
					}
				},
				"LB2": {
					"rotation": {
						"0.0": {
							"vector": [-10, 0, 0]
						},
						"0.3": {
							"vector": [0, 0, 0],
							"easing": "easeInBack",
							"easingArgs": [5]
						}
					}
				},
				"LF2": {
					"rotation": {
						"0.0": {
							"vector": [10, 0, 0]
						},
						"0.3": {
							"vector": [0, 0, 0],
							"easing": "easeInBack",
							"easingArgs": [5]
						}
					}
				},
				"RB3": {
					"rotation": {
						"0.0": {
							"vector": [-10, 0, 0]
						},
						"0.3": {
							"vector": [0, 0, 0],
							"easing": "easeInBack",
							"easingArgs": [5]
						}
					}
				},
				"RF3": {
					"rotation": {
						"0.0": {
							"vector": [10, 0, 0]
						},
						"0.3": {
							"vector": [0, 0, 0],
							"easing": "easeInBack",
							"easingArgs": [5]
						}
					}
				},
				"LB3": {
					"rotation": {
						"0.0": {
							"vector": [-10, 0, 0]
						},
						"0.3": {
							"vector": [0, 0, 0],
							"easing": "easeInBack",
							"easingArgs": [5]
						}
					}
				},
				"LF3": {
					"rotation": {
						"0.0": {
							"vector": [10, 0, 0]
						},
						"0.3": {
							"vector": [0, 0, 0],
							"easing": "easeInBack",
							"easingArgs": [5]
						}
					}
				},
				"_camera_": {
					"rotation": {
						"0.0": {
							"vector": [0, 0, 0]
						},
						"0.2": {
							"vector": [-2, 0, 0],
							"easing": "easeOutCubic"
						},
						"0.5": {
							"vector": [0, 0, 0],
							"easing": "easeInOutQuad"
						}
					}
				}
			}
		},
		"animation.model.preparefire": {
			"loop": "hold_on_last_frame",
			"animation_length": 1.0333,
			"bones": {
				"main": {
					"rotation": {
						"0.0": {
							"vector": [0, 0, 0]
						},
						"1.0": {
							"vector": [0, 0, 1],
							"easing": "easeInOutElastic",
							"easingArgs": [5]
						}
					},
					"position": {
						"0.0": {
							"vector": [0, 0, 0]
						},
						"0.5": {
							"vector": [0, 0, 0.62],
							"easing": "easeInOutElastic"
						},
						"0.5667": {
							"vector": [-0.05, 0, 0.67]
						},
						"0.6333": {
							"vector": [0.035, 0.025, 0.72]
						},
						"0.7": {
							"vector": [0.03, -0.03, 0.77]
						},
						"0.7667": {
							"vector": [0.045, -0.02, 0.82]
						},
						"0.8333": {
							"vector": [0.03, 0.015, 0.87]
						},
						"0.9": {
							"vector": [-0.005, -0.04, 0.92]
						},
						"1.0": {
							"vector": [0, 0, 1]
						}
					}
				},
				"rail1": {
					"position": {
						"0.0": {
							"vector": [0, 0, 0]
						},
						"0.5": {
							"vector": [0, 0, 3],
							"easing": "easeInExpo"
						},
						"1.0": {
							"vector": [0, 0, 3]
						}
					}
				},
				"RB": {
					"rotation": {
						"0.0": {
							"vector": [0, 0, 0]
						},
						"0.5": {
							"vector": [-10, 0, 0],
							"easing": "easeInQuart"
						},
						"1.0": {
							"vector": [-10, 0, 0]
						}
					}
				},
				"RF": {
					"rotation": {
						"0.0": {
							"vector": [0, 0, 0]
						},
						"0.5": {
							"vector": [10, 0, 0],
							"easing": "easeInQuart"
						},
						"1.0": {
							"vector": [10, 0, 0]
						}
					}
				},
				"LB": {
					"rotation": {
						"0.0": {
							"vector": [0, 0, 0]
						},
						"0.5": {
							"vector": [-10, 0, 0],
							"easing": "easeInQuart"
						},
						"1.0": {
							"vector": [-10, 0, 0]
						}
					}
				},
				"LF": {
					"rotation": {
						"0.0": {
							"vector": [0, 0, 0]
						},
						"0.5": {
							"vector": [10, 0, 0],
							"easing": "easeInQuart"
						},
						"1.0": {
							"vector": [10, 0, 0]
						}
					}
				},
				"rail2": {
					"position": {
						"0.0": {
							"vector": [0, 0, 0]
						},
						"0.6667": {
							"vector": [0, 0, 3],
							"easing": "easeInExpo"
						},
						"1.0": {
							"vector": [0, 0, 3]
						}
					}
				},
				"RB2": {
					"rotation": {
						"0.0": {
							"vector": [0, 0, 0]
						},
						"0.6667": {
							"vector": [-10, 0, 0],
							"easing": "easeInQuart"
						},
						"1.0": {
							"vector": [-10, 0, 0]
						}
					}
				},
				"RF2": {
					"rotation": {
						"0.0": {
							"vector": [0, 0, 0]
						},
						"0.6667": {
							"vector": [10, 0, 0],
							"easing": "easeInQuart"
						},
						"1.0": {
							"vector": [10, 0, 0]
						}
					}
				},
				"LB2": {
					"rotation": {
						"0.0": {
							"vector": [0, 0, 0]
						},
						"0.6667": {
							"vector": [-10, 0, 0],
							"easing": "easeInQuart"
						},
						"1.0": {
							"vector": [-10, 0, 0]
						}
					}
				},
				"LF2": {
					"rotation": {
						"0.0": {
							"vector": [0, 0, 0]
						},
						"0.6667": {
							"vector": [10, 0, 0],
							"easing": "easeInQuart"
						},
						"1.0": {
							"vector": [10, 0, 0]
						}
					}
				},
				"rail3": {
					"position": {
						"0.0": {
							"vector": [0, 0, 0]
						},
						"0.8333": {
							"vector": [0, 0, 3],
							"easing": "easeInExpo"
						},
						"1.0": {
							"vector": [0, 0, 3]
						}
					}
				},
				"RB3": {
					"rotation": {
						"0.0": {
							"vector": [0, 0, 0]
						},
						"0.8333": {
							"vector": [-10, 0, 0],
							"easing": "easeInQuart"
						},
						"1.0": {
							"vector": [-10, 0, 0]
						}
					}
				},
				"RF3": {
					"rotation": {
						"0.0": {
							"vector": [0, 0, 0]
						},
						"0.8333": {
							"vector": [10, 0, 0],
							"easing": "easeInQuart"
						},
						"1.0": {
							"vector": [10, 0, 0]
						}
					}
				},
				"LB3": {
					"rotation": {
						"0.0": {
							"vector": [0, 0, 0]
						},
						"0.8333": {
							"vector": [-10, 0, 0],
							"easing": "easeInQuart"
						},
						"1.0": {
							"vector": [-10, 0, 0]
						}
					}
				},
				"LF3": {
					"rotation": {
						"0.0": {
							"vector": [0, 0, 0]
						},
						"0.8333": {
							"vector": [10, 0, 0],
							"easing": "easeInQuart"
						},
						"1.0": {
							"vector": [10, 0, 0]
						}
					}
				}
			},
			"sound_effects": {
				"0.0": {
					"effect": "techgun_charge2"
				}
			}
		},
		"animation.model.reloadempty": {
			"loop": true,
			"animation_length": 4.5,
			"bones": {
				"main": {
					"rotation": {
						"0.0": {
							"vector": [0, 0, 0]
						},
						"0.3333": {
							"vector": [-4.98107, -0.43523, -4.98107],
							"easing": "easeInOutQuad"
						},
						"0.5333": {
							"vector": [-4.98, -0.44, -4.98]
						},
						"0.7": {
							"vector": [-6.48, -0.44, -4.98],
							"easing": "easeOutBack"
						},
						"1.0333": {
							"vector": [-4.98, -0.44, -4.98]
						},
						"1.4": {
							"vector": [-4.92294, -0.87183, -9.96166],
							"easing": "easeInCubic"
						},
						"1.6333": {
							"vector": [-7.19502, -1.7102, -19.92726],
							"easing": "easeOutBack"
						},
						"2.5": {
							"vector": [-9.82076, -1.07771, -14.96865],
							"easing": "easeInOutElastic",
							"easingArgs": [0.2]
						},
						"2.8": {
							"vector": [-8.32, -1.08, -14.97]
						},
						"3.1667": {
							"vector": [-15.32, -1.08, -14.97],
							"easing": "easeOutBack",
							"easingArgs": [1]
						},
						"3.4": {
							"vector": [-8.32, -1.08, -14.97],
							"easing": "easeInBack",
							"easingArgs": [2]
						},
						"3.6667": {
							"vector": [-3.3403, 6.40737, -15.40583],
							"easing": "easeOutBack",
							"easingArgs": [2]
						},
						"4.3333": {
							"vector": [0, 0, 0],
							"easing": "easeInOutBack"
						}
					},
					"position": {
						"0.0": {
							"vector": [0, 0, 0]
						},
						"0.2667": {
							"vector": [0, -3, -5],
							"easing": "easeInOutQuad"
						},
						"0.4667": {
							"vector": [-0.00003, -3.02614, -4.70114]
						},
						"0.6667": {
							"vector": [-0.00017, -4.20429, -3.70761],
							"easing": "easeOutBack"
						},
						"0.9667": {
							"vector": [0.00009, -3.11286, -4.7062],
							"easing": "easeOutSine"
						},
						"1.3333": {
							"vector": [0, -3.11, -4.71]
						},
						"1.5667": {
							"vector": [0, -4.61, -4.71],
							"easing": "easeOutBack"
						},
						"2.4333": {
							"vector": [0, -3.61, -4.71],
							"easing": "easeInOutElastic",
							"easingArgs": [0.2]
						},
						"2.7667": {
							"vector": [0, -3.41, -4.71]
						},
						"3.1": {
							"vector": [0, -2.71, -4.71],
							"easing": "easeOutBack",
							"easingArgs": [6]
						},
						"3.3667": {
							"vector": [0, -2.41, -5.71],
							"easing": "easeInBack",
							"easingArgs": [2]
						},
						"3.6": {
							"vector": [-1, -3.41, -7.71],
							"easing": "easeOutBack",
							"easingArgs": [2]
						},
						"4.2667": {
							"vector": [0, 0, 0],
							"easing": "easeInOutBack"
						}
					}
				},
				"armL_mag": {
					"rotation": {
						"1.2": {
							"vector": [0, 0, 0]
						},
						"1.4333": {
							"vector": [0, 0, 0],
							"easing": "easeInCubic"
						},
						"1.7333": {
							"vector": [37.00847, -51.09792, -86.06972],
							"easing": "easeOutQuad"
						},
						"2.0": {
							"vector": [6.45748, -50.93061, -66.1416],
							"easing": "easeInOutSine"
						},
						"2.1667": {
							"vector": [6.46, -50.93, -66.14]
						},
						"2.5667": {
							"vector": [5, 0, 0],
							"easing": "easeInOutSine"
						},
						"2.7": {
							"vector": [0, 0, 0]
						}
					},
					"position": {
						"1.2": {
							"vector": [0, 0, 0]
						},
						"1.4333": {
							"vector": [0, -3, 0],
							"easing": "easeInCubic"
						},
						"1.6667": {
							"vector": [11.849, 4.12886, -6.48666],
							"easing": "easeOutQuad"
						},
						"2.0667": {
							"vector": [3.67177, -22.2291, -3.41833],
							"easing": "easeInOutSine"
						},
						"2.5": {
							"vector": [-0.06596, -3.91599, 0.99428],
							"easing": "easeInOutQuad"
						},
						"2.6667": {
							"vector": [0, -2, 0],
							"easing": "easeInQuad"
						},
						"2.8": {
							"vector": [0, 0, 0],
							"easing": "easeInCubic"
						}
					}
				},
				"leftarm": {
					"rotation": {
						"0.0": {
							"vector": [0, 0, 0]
						},
						"0.3": {
							"vector": [-56.58882, 23.36146, -34.20201]
						},
						"0.5": {
							"vector": [-69.08263, 24.4628, -44.25841],
							"easing": "easeInCubic"
						},
						"0.9667": {
							"vector": [23.93528, 2.9617, 41.64641],
							"easing": "easeInOutQuad"
						},
						"1.2": {
							"vector": [23.93528, 2.9617, 41.64641],
							"easing": "easeInOutQuad"
						},
						"1.4": {
							"vector": [24.6767, 5.20255, 42.97809]
						},
						"2.1": {
							"vector": [24.68, 5.2, 42.98]
						},
						"2.1333": {
							"vector": [20.37267, -15.34063, 32.79369]
						},
						"2.8333": {
							"vector": [20.37, -15.34, 32.79]
						},
						"3.2333": {
							"vector": [-84.65744, -5.54443, -62.63845],
							"easing": "easeInOutQuad"
						},
						"3.7": {
							"vector": [-36.72007, -60.13933, -69.55105],
							"easing": "easeInOutBack"
						},
						"4.1": {
							"vector": [0, 0, 0],
							"easing": "easeInOutQuad"
						}
					},
					"position": {
						"0.0": {
							"vector": [0, 0, 0]
						},
						"0.1667": {
							"vector": [3.34582, -2.50821, -0.91546],
							"easing": "easeInSine"
						},
						"0.3": {
							"vector": [0.63371, -4.23042, -1.64377],
							"easing": "easeInOutSine"
						},
						"0.5": {
							"vector": [1.63, -5.23, 5.36],
							"easing": "easeInCubic"
						},
						"0.9": {
							"vector": [-0.37, -5.23, 8.36],
							"easing": "easeInOutQuad"
						},
						"1.1333": {
							"vector": [-0.37, -5.23, 8.36],
							"easing": "easeInOutQuad"
						},
						"1.3333": {
							"vector": [-0.43706, -5.72357, 8.40353]
						},
						"2.1": {
							"vector": [-0.44, -5.72, 8.4]
						},
						"2.1333": {
							"vector": [-1.39772, 2.0111, 10.47675]
						},
						"2.7667": {
							"vector": [-1.4, 2.01, 10.48]
						},
						"3.1667": {
							"vector": [1.27357, -5.19263, 14.2182],
							"easing": "easeInOutQuad"
						},
						"3.6333": {
							"vector": [1.31992, -6.89357, -6.16782],
							"easing": "easeInOutBack"
						},
						"4.0": {
							"vector": [0, 0, 0],
							"easing": "easeInQuad"
						}
					}
				},
				"magazine": {
					"rotation": {
						"1.5667": {
							"vector": [0, 0, 0]
						},
						"2.1": {
							"vector": [145, 0, 0]
						},
						"2.1333": {
							"vector": [0, 0, 0]
						}
					},
					"position": {
						"1.5667": {
							"vector": [0, 0, 0]
						},
						"2.1": {
							"vector": [-45.10573, -17.53614, 7.93452],
							"easing": "linear"
						},
						"2.1333": {
							"vector": [0, 0, 0]
						}
					}
				},
				"bullet": {
					"scale": {
						"0.0": {
							"vector": [0, 0, 0]
						},
						"2.1": {
							"vector": [0, 0, 0]
						},
						"2.1333": {
							"vector": [1, 1, 1]
						}
					}
				},
				"bolt": {
					"position": {
						"0.0": {
							"vector": [0, 0, 0]
						},
						"0.3": {
							"vector": [0, 0, 0]
						},
						"0.5": {
							"vector": [0, 0, 9],
							"easing": "easeInCubic"
						},
						"3.3667": {
							"vector": [0, 0, 9]
						},
						"3.4333": {
							"vector": [0, 0, 0],
							"easing": "linear"
						}
					}
				},
				"bolt_lever_L": {
					"rotation": {
						"0.0": {
							"vector": [0, 0, 0]
						},
						"0.3": {
							"vector": [-90, 0, 0]
						},
						"4.1": {
							"vector": [-90, 0, 0]
						},
						"4.4": {
							"vector": [0, 0, 0]
						}
					}
				},
				"bolt_lever_R": {
					"rotation": {
						"0.0": {
							"vector": [0, 0, 0]
						},
						"0.3": {
							"vector": [-90, 0, 0]
						},
						"4.1": {
							"vector": [-90, 0, 0]
						},
						"4.4": {
							"vector": [0, 0, 0]
						}
					}
				},
				"spring": {
					"scale": {
						"0.3667": {
							"vector": [1, 1, 1]
						},
						"0.5": {
							"vector": [1, 1, 0.3],
							"easing": "easeInCubic"
						},
						"3.3667": {
							"vector": [1, 1, 0.3]
						},
						"3.4333": {
							"vector": [1, 1, 1]
						}
					}
				},
				"rail1": {
					"position": {
						"0.3": {
							"vector": [0, 0, 0]
						},
						"0.4333": {
							"vector": [0, 0, 10],
							"easing": "easeInSine"
						},
						"3.8333": {
							"vector": [0, 0, 10]
						},
						"4.1333": {
							"vector": [0, 0, -2],
							"easing": "easeInQuart"
						},
						"4.2667": {
							"vector": [0, 0, 0],
							"easing": "easeInQuint"
						}
					}
				},
				"rail2": {
					"position": {
						"0.3": {
							"vector": [0, 0, 0]
						},
						"0.5333": {
							"vector": [0, 0, 10],
							"easing": "easeInSine"
						},
						"3.8333": {
							"vector": [0, 0, 10]
						},
						"4.0667": {
							"vector": [0, 0, -4],
							"easing": "easeInQuart"
						},
						"4.3333": {
							"vector": [0, 0, 0],
							"easing": "easeInQuart"
						}
					}
				},
				"rail3": {
					"position": {
						"0.3": {
							"vector": [0, 0, 0]
						},
						"0.6333": {
							"vector": [0, 0, 10],
							"easing": "easeInSine"
						},
						"3.8333": {
							"vector": [0, 0, 10]
						},
						"4.0": {
							"vector": [0, 0, -6],
							"easing": "easeInQuart"
						},
						"4.4": {
							"vector": [0, 0, 0],
							"easing": "easeInQuint"
						}
					}
				},
				"RB": {
					"rotation": {
						"1.4": {
							"vector": [0, 0, 0]
						},
						"1.5": {
							"vector": [-20, 0, 0]
						},
						"3.7667": {
							"vector": [-20, 0, 0]
						},
						"3.8667": {
							"vector": [0, 0, 0]
						}
					}
				},
				"RF": {
					"rotation": {
						"1.5": {
							"vector": [0, 0, 0]
						},
						"1.6": {
							"vector": [20, 0, 0]
						},
						"3.8667": {
							"vector": [20, 0, 0]
						},
						"3.9667": {
							"vector": [0, 0, 0]
						}
					}
				},
				"LB": {
					"rotation": {
						"1.4": {
							"vector": [0, 0, 0]
						},
						"1.5": {
							"vector": [-20, 0, 0]
						},
						"3.7667": {
							"vector": [-20, 0, 0]
						},
						"3.8667": {
							"vector": [0, 0, 0]
						}
					}
				},
				"LF": {
					"rotation": {
						"1.5": {
							"vector": [0, 0, 0]
						},
						"1.6": {
							"vector": [20, 0, 0]
						},
						"3.8667": {
							"vector": [20, 0, 0]
						},
						"3.9667": {
							"vector": [0, 0, 0]
						}
					}
				},
				"RB2": {
					"rotation": {
						"1.6": {
							"vector": [0, 0, 0]
						},
						"1.7": {
							"vector": [-20, 0, 0]
						},
						"3.9667": {
							"vector": [-20, 0, 0]
						},
						"4.0667": {
							"vector": [0, 0, 0]
						}
					}
				},
				"RF2": {
					"rotation": {
						"1.7": {
							"vector": [0, 0, 0]
						},
						"1.8": {
							"vector": [20, 0, 0]
						},
						"4.0667": {
							"vector": [20, 0, 0]
						},
						"4.1667": {
							"vector": [0, 0, 0]
						}
					}
				},
				"LB2": {
					"rotation": {
						"1.6": {
							"vector": [0, 0, 0]
						},
						"1.7": {
							"vector": [-20, 0, 0]
						},
						"3.9667": {
							"vector": [-20, 0, 0]
						},
						"4.0667": {
							"vector": [0, 0, 0]
						}
					}
				},
				"LF2": {
					"rotation": {
						"1.7": {
							"vector": [0, 0, 0]
						},
						"1.8": {
							"vector": [20, 0, 0]
						},
						"4.0667": {
							"vector": [20, 0, 0]
						},
						"4.1667": {
							"vector": [0, 0, 0]
						}
					}
				},
				"RB3": {
					"rotation": {
						"1.8": {
							"vector": [0, 0, 0]
						},
						"1.9": {
							"vector": [-20, 0, 0]
						},
						"4.1667": {
							"vector": [-20, 0, 0]
						},
						"4.2667": {
							"vector": [0, 0, 0]
						}
					}
				},
				"RF3": {
					"rotation": {
						"1.9": {
							"vector": [0, 0, 0]
						},
						"2.0": {
							"vector": [20, 0, 0]
						},
						"4.2667": {
							"vector": [20, 0, 0]
						},
						"4.3667": {
							"vector": [0, 0, 0]
						}
					}
				},
				"LB3": {
					"rotation": {
						"1.8": {
							"vector": [0, 0, 0]
						},
						"1.9": {
							"vector": [-20, 0, 0]
						},
						"4.1667": {
							"vector": [-20, 0, 0]
						},
						"4.2667": {
							"vector": [0, 0, 0]
						}
					}
				},
				"LF3": {
					"rotation": {
						"1.9": {
							"vector": [0, 0, 0]
						},
						"2.0": {
							"vector": [20, 0, 0]
						},
						"4.2667": {
							"vector": [20, 0, 0]
						},
						"4.3667": {
							"vector": [0, 0, 0]
						}
					}
				},
				"_camera_": {
					"rotation": {
						"0.0": {
							"vector": [0, 0, 0]
						},
						"0.3": {
							"vector": [1, 1, -0.5],
							"easing": "easeInOutSine"
						},
						"0.5333": {
							"vector": [2, 2, -1],
							"easing": "easeInSine"
						},
						"1.0667": {
							"vector": [0.5, 1, -0.5],
							"easing": "easeInOutQuad"
						},
						"1.2667": {
							"vector": [1, 1, -0.5],
							"easing": "easeInSine"
						},
						"1.9": {
							"vector": [-0.5, -2, 1],
							"easing": "easeInOutBack",
							"easingArgs": [2]
						},
						"2.2333": {
							"vector": [2, 0, 0],
							"easing": "easeInOutSine"
						},
						"2.7333": {
							"vector": [0, 1.6, -1],
							"easing": "easeInOutQuad"
						},
						"3.0": {
							"vector": [-2, 2, -1.5],
							"easing": "easeOutBack"
						},
						"3.3667": {
							"vector": [1, 3, -1.5],
							"easing": "easeInOutQuad"
						},
						"3.8": {
							"vector": [0.3, 1, 0.3],
							"easing": "easeOutBack"
						},
						"4.3": {
							"vector": [0, 0, 0],
							"easing": "easeInOutQuad"
						}
					}
				}
			},
			"sound_effects": {
				"0.3": {
					"effect": "nekomata_boltback"
				},
				"1.2": {
					"effect": "nekomata_magout"
				},
				"2.5": {
					"effect": "nekomata_magin"
				},
				"3.2667": {
					"effect": "nekomata_boltforward"
				}
			}
		},
		"animation.model.reload": {
			"loop": true,
			"animation_length": 3,
			"bones": {
				"main": {
					"rotation": {
						"0.0": {
							"vector": [0, 0, 0]
						},
						"0.4667": {
							"vector": [-3.9705, -3.04137, -37.39455],
							"easing": "easeInOutBack"
						},
						"0.8333": {
							"vector": [-6.47011, -3.04031, -37.39101],
							"easing": "easeOutBack",
							"easingArgs": [3]
						},
						"1.4667": {
							"vector": [-10.91623, -3.22984, -38.37329],
							"easing": "easeInOutBack",
							"easingArgs": [-2]
						},
						"2.1667": {
							"vector": [-8.97011, -3.04031, -37.39101],
							"easing": "easeInOutBack",
							"easingArgs": [-2]
						},
						"2.3667": {
							"vector": [-13.97011, -3.04031, -37.39101],
							"easing": "easeOutBack",
							"easingArgs": [1]
						},
						"2.9667": {
							"vector": [0, 0, 0],
							"easing": "easeInOutBack",
							"easingArgs": [1]
						}
					},
					"position": {
						"0.0": {
							"vector": [0, 0, 0]
						},
						"0.4333": {
							"vector": [0, -3, -5],
							"easing": "easeInOutBack"
						},
						"0.7667": {
							"vector": [-0.79133, -1.97252, -4.91012],
							"easing": "easeOutBack",
							"easingArgs": [1]
						},
						"1.3333": {
							"vector": [-1.09, -2.27, -4.91],
							"easing": "easeInOutBack",
							"easingArgs": [-2]
						},
						"2.1": {
							"vector": [-0.79133, -2.97252, -4.91012],
							"easing": "easeInOutBack",
							"easingArgs": [-2]
						},
						"2.3": {
							"vector": [-1.39772, -1.19275, -4.75442],
							"easing": "easeOutBack",
							"easingArgs": [0.3]
						},
						"2.8333": {
							"vector": [0, 0, 0],
							"easing": "easeInOutBack",
							"easingArgs": [1]
						}
					}
				},
				"armL_mag": {
					"rotation": {
						"0.4": {
							"vector": [0, 0, 0]
						},
						"0.5333": {
							"vector": [0, 0, 0]
						},
						"0.7333": {
							"vector": [20, 0, 0],
							"easing": "easeInOutQuad"
						},
						"0.9333": {
							"vector": [20, 0, 0]
						},
						"1.0": {
							"vector": [33.60644, -12.0174, 35.79355]
						},
						"1.3": {
							"vector": [16.11, -12.02, 35.79],
							"easing": "easeInBack",
							"easingArgs": [3]
						},
						"1.6333": {
							"vector": [33.81384, -11.53819, 33.70169],
							"easing": "easeInBack",
							"easingArgs": [3]
						},
						"1.8333": {
							"vector": [0, 0, 0],
							"easing": "easeInOutQuad"
						}
					},
					"position": {
						"0.4": {
							"vector": [0, 0, 0]
						},
						"0.5333": {
							"vector": [0, -3, 0]
						},
						"0.7333": {
							"vector": [-7.36878, -24.45926, 1.74311],
							"easing": "easeInOutQuad"
						},
						"0.9333": {
							"vector": [-7.37, -24.46, 1.74]
						},
						"0.9667": {
							"vector": [-7.37, -24.46, 1.74]
						},
						"1.2333": {
							"vector": [5.96867, -7.06799, -0.17293],
							"easing": "easeInOutSine"
						},
						"1.5667": {
							"vector": [3.54644, -10.22967, 0.17284],
							"easing": "easeInQuint"
						},
						"1.8": {
							"vector": [0.51, -14.18, 0.61],
							"easing": "easeInOutQuad"
						},
						"1.9667": {
							"vector": [0, -2, 0]
						},
						"2.1667": {
							"vector": [0, 0, 0],
							"easing": "easeInQuint"
						}
					}
				},
				"leftarm": {
					"rotation": {
						"0.0": {
							"vector": [0, 0, 0]
						},
						"0.2667": {
							"vector": [23.93528, 2.9617, 41.64641],
							"easing": "easeInOutSine"
						},
						"0.4": {
							"vector": [24.6767, 5.20255, 42.97809],
							"easing": "easeInOutSine"
						},
						"0.9333": {
							"vector": [24.68, 5.2, 42.98]
						},
						"0.9667": {
							"vector": [23.28441, 0.70174, 40.38856]
						},
						"2.4": {
							"vector": [23.28, 0.7, 40.39]
						},
						"2.9": {
							"vector": [0, 0, 0],
							"easing": "easeInOutQuad"
						}
					},
					"position": {
						"0.0": {
							"vector": [0, 0, 0]
						},
						"0.2": {
							"vector": [-0.37, -5.23, 8.36],
							"easing": "easeInOutSine"
						},
						"0.3667": {
							"vector": [-0.37, -6.43, 7.86],
							"easing": "easeInOutSine"
						},
						"0.9333": {
							"vector": [-0.37, -6.43, 7.86]
						},
						"0.9667": {
							"vector": [0.78277, -3.71917, 8.73019]
						},
						"2.4": {
							"vector": [0.78277, -3.71917, 8.73019]
						},
						"2.8333": {
							"vector": [0, 0, 0],
							"easing": "easeInOutSine"
						}
					}
				},
				"magazine": {
					"rotation": {
						"0.9333": {
							"vector": [0, 0, 0]
						},
						"0.9667": {
							"vector": [-159.55418, -11.73507, 175.6639]
						},
						"1.2667": {
							"vector": [-159.55, -11.74, 175.66]
						},
						"1.6": {
							"vector": [0, 0, 0],
							"easing": "linear"
						}
					},
					"position": {
						"0.9333": {
							"vector": [0, 0, 0]
						},
						"0.9667": {
							"vector": [0, 0, 0]
						},
						"1.2667": {
							"vector": [0, 0, 0]
						},
						"1.4333": {
							"vector": [0.06895, 5.88903, 1.14644],
							"easing": "easeOutSine"
						},
						"1.6": {
							"vector": [0, 0, 0],
							"easing": "easeOutQuad"
						}
					}
				},
				"RB": {
					"rotation": {
						"0.0": {
							"vector": [0, 0, 0]
						},
						"0.4": {
							"vector": [0, 0, 0]
						},
						"0.5": {
							"vector": [-20, 0, 0]
						},
						"2.1": {
							"vector": [-20, 0, 0]
						},
						"2.2": {
							"vector": [0, 0, 0]
						}
					}
				},
				"RF": {
					"rotation": {
						"0.0": {
							"vector": [0, 0, 0]
						},
						"0.5": {
							"vector": [0, 0, 0]
						},
						"0.6": {
							"vector": [20, 0, 0]
						},
						"2.2": {
							"vector": [20, 0, 0]
						},
						"2.3": {
							"vector": [0, 0, 0]
						}
					}
				},
				"LB": {
					"rotation": {
						"0.0": {
							"vector": [0, 0, 0]
						},
						"0.4": {
							"vector": [0, 0, 0]
						},
						"0.5": {
							"vector": [-20, 0, 0]
						},
						"2.1": {
							"vector": [-20, 0, 0]
						},
						"2.2": {
							"vector": [0, 0, 0]
						}
					}
				},
				"LF": {
					"rotation": {
						"0.0": {
							"vector": [0, 0, 0]
						},
						"0.5": {
							"vector": [0, 0, 0]
						},
						"0.6": {
							"vector": [20, 0, 0]
						},
						"2.2": {
							"vector": [20, 0, 0]
						},
						"2.3": {
							"vector": [0, 0, 0]
						}
					}
				},
				"RB2": {
					"rotation": {
						"0.6": {
							"vector": [0, 0, 0]
						},
						"0.7": {
							"vector": [-20, 0, 0]
						},
						"2.3": {
							"vector": [-20, 0, 0]
						},
						"2.4": {
							"vector": [0, 0, 0]
						}
					}
				},
				"RF2": {
					"rotation": {
						"0.7": {
							"vector": [0, 0, 0]
						},
						"0.8": {
							"vector": [20, 0, 0]
						},
						"2.4": {
							"vector": [20, 0, 0]
						},
						"2.5": {
							"vector": [0, 0, 0]
						}
					}
				},
				"LB2": {
					"rotation": {
						"0.6": {
							"vector": [0, 0, 0]
						},
						"0.7": {
							"vector": [-20, 0, 0]
						},
						"2.3": {
							"vector": [-20, 0, 0]
						},
						"2.4": {
							"vector": [0, 0, 0]
						}
					}
				},
				"LF2": {
					"rotation": {
						"0.7": {
							"vector": [0, 0, 0]
						},
						"0.8": {
							"vector": [20, 0, 0]
						},
						"2.4": {
							"vector": [20, 0, 0]
						},
						"2.5": {
							"vector": [0, 0, 0]
						}
					}
				},
				"RB3": {
					"rotation": {
						"0.8": {
							"vector": [0, 0, 0]
						},
						"0.9": {
							"vector": [-20, 0, 0]
						},
						"2.5": {
							"vector": [-20, 0, 0]
						},
						"2.6": {
							"vector": [0, 0, 0]
						}
					}
				},
				"RF3": {
					"rotation": {
						"0.9": {
							"vector": [0, 0, 0]
						},
						"1.0": {
							"vector": [20, 0, 0]
						},
						"2.6": {
							"vector": [20, 0, 0]
						},
						"2.7": {
							"vector": [0, 0, 0]
						}
					}
				},
				"LB3": {
					"rotation": {
						"0.8": {
							"vector": [0, 0, 0]
						},
						"0.9": {
							"vector": [-20, 0, 0]
						},
						"2.5": {
							"vector": [-20, 0, 0]
						},
						"2.6": {
							"vector": [0, 0, 0]
						}
					}
				},
				"LF3": {
					"rotation": {
						"0.9": {
							"vector": [0, 0, 0]
						},
						"1.0": {
							"vector": [20, 0, 0]
						},
						"2.6": {
							"vector": [20, 0, 0]
						},
						"2.7": {
							"vector": [0, 0, 0]
						}
					}
				},
				"_camera_": {
					"rotation": {
						"0.0": {
							"vector": [0, 0, 0]
						},
						"0.3333": {
							"vector": [2, 3, -2],
							"easing": "easeInOutSine"
						},
						"0.8": {
							"vector": [3, 1, -1],
							"easing": "easeInOutBack",
							"easingArgs": [2]
						},
						"1.2333": {
							"vector": [0, 1, 0],
							"easing": "easeInQuad"
						},
						"1.6": {
							"vector": [-0.5, 1, 0],
							"easing": "easeOutBack",
							"easingArgs": [7]
						},
						"1.8333": {
							"vector": [2, 2, -2],
							"easing": "easeOutQuad"
						},
						"2.0333": {
							"vector": [1, 2.75, -1.6],
							"easing": "easeInOutSine"
						},
						"2.3667": {
							"vector": [-1, 3.6, -1.8],
							"easing": "easeOutBack",
							"easingArgs": [3]
						},
						"2.9667": {
							"vector": [0, 0, 0],
							"easing": "easeInOutBack"
						}
					}
				}
			},
			"sound_effects": {
				"0.3": {
					"effect": "nekomata_magout"
				},
				"1.8": {
					"effect": "nekomata_magin"
				}
			}
		},
		"animation.model.inspect": {
			"loop": true,
			"animation_length": 5,
			"bones": {
				"main": {
					"rotation": {
						"0.0": {
							"vector": [0, 0, 0]
						},
						"0.7333": {
							"vector": [5.77241, -43.9113, -31.35703],
							"easing": "easeInOutBack",
							"easingArgs": [1]
						},
						"1.5": {
							"vector": [3.27241, -43.9113, -31.35703],
							"easing": "easeInOutBack",
							"easingArgs": [-2]
						},
						"1.9": {
							"vector": [2.27241, -43.9113, -31.35703],
							"easing": "easeOutBack",
							"easingArgs": [4]
						},
						"2.8": {
							"vector": [-5.41207, 8.42145, 57.10125],
							"easing": "easeInOutBack"
						},
						"3.2667": {
							"vector": [-5.11393, 8.60492, 59.11501],
							"easing": "easeInOutBack",
							"easingArgs": [-2]
						},
						"3.6667": {
							"vector": [-5.11393, 8.60492, 59.11501],
							"easing": "easeInOutBack",
							"easingArgs": [-2]
						},
						"4.2333": {
							"vector": [-4.26383, 8.51448, 58.10789],
							"easing": "easeInOutBack",
							"easingArgs": [-2]
						},
						"4.9": {
							"vector": [0, 0, 0],
							"easing": "easeInOutBack"
						}
					},
					"position": {
						"0.0": {
							"vector": [0, 0, 0]
						},
						"0.6": {
							"vector": [4, 2, 0],
							"easing": "easeInOutBack",
							"easingArgs": [1]
						},
						"1.3667": {
							"vector": [3.85764, 1.68956, 0.28872],
							"easing": "easeInOutBack",
							"easingArgs": [-2]
						},
						"1.7667": {
							"vector": [3.38812, 1.37223, 0.71987],
							"easing": "easeOutBack",
							"easingArgs": [4]
						},
						"2.6333": {
							"vector": [5, 0, 0],
							"easing": "easeInOutBack"
						},
						"3.2": {
							"vector": [5.02614, -0.06029, -0.01063],
							"easing": "easeInOutBack",
							"easingArgs": [-2]
						},
						"3.6": {
							"vector": [5.19941, 1.55911, -2.77137],
							"easing": "easeInOutBack",
							"easingArgs": [-2]
						},
						"4.0667": {
							"vector": [5.1, 0.2, 0],
							"easing": "easeInOutBack",
							"easingArgs": [-2]
						},
						"4.8": {
							"vector": [0, 0, 0],
							"easing": "easeInOutBack"
						}
					}
				},
				"leftarm": {
					"rotation": {
						"2.0667": {
							"vector": [0, 0, 0]
						},
						"2.5667": {
							"vector": [9.17807, 7.14055, 1.73958],
							"easing": "easeInOutSine"
						},
						"4.4": {
							"vector": [9.18, 7.14, 1.74]
						},
						"4.7": {
							"vector": [0, 0, 0],
							"easing": "easeInOutSine"
						}
					},
					"position": {
						"1.9333": {
							"vector": [0, 0, 0]
						},
						"2.4333": {
							"vector": [2.06368, -1.40304, 3.43114],
							"easing": "easeInOutSine"
						},
						"4.2667": {
							"vector": [2.06, -1.4, 3.43]
						},
						"4.5667": {
							"vector": [0, 0, 0],
							"easing": "easeInOutSine"
						}
					}
				},
				"rail1": {
					"position": {
						"1.0": {
							"vector": [0, 0, 0]
						},
						"1.3333": {
							"vector": [0, 0, 10],
							"easing": "easeInQuint"
						},
						"3.1": {
							"vector": [0, 0, 10]
						},
						"3.4333": {
							"vector": [0, 0, -7],
							"easing": "easeInCubic"
						},
						"3.8667": {
							"vector": [0, 0, 0],
							"easing": "easeInExpo"
						}
					}
				},
				"rail2": {
					"position": {
						"1.1": {
							"vector": [0, 0, 0]
						},
						"1.4333": {
							"vector": [0, 0, 10],
							"easing": "easeInQuint"
						},
						"3.0": {
							"vector": [0, 0, 10]
						},
						"3.3333": {
							"vector": [0, 0, -7],
							"easing": "easeInCubic"
						},
						"3.9667": {
							"vector": [0, 0, 0],
							"easing": "easeInExpo"
						}
					}
				},
				"rail3": {
					"position": {
						"1.2": {
							"vector": [0, 0, 0]
						},
						"1.5333": {
							"vector": [0, 0, 10],
							"easing": "easeInQuint"
						},
						"2.9": {
							"vector": [0, 0, 10]
						},
						"3.2333": {
							"vector": [0, 0, -7],
							"easing": "easeInCubic"
						},
						"4.0667": {
							"vector": [0, 0, 0],
							"easing": "easeInExpo"
						}
					}
				},
				"RB": {
					"rotation": {
						"0.0": {
							"vector": [0, 0, 0]
						},
						"1.4333": {
							"vector": [0, 0, 0]
						},
						"1.5333": {
							"vector": [-20, 0, 0]
						},
						"4.2333": {
							"vector": [-20, 0, 0]
						},
						"4.3333": {
							"vector": [0, 0, 0]
						}
					}
				},
				"RF": {
					"rotation": {
						"0.0": {
							"vector": [0, 0, 0]
						},
						"1.5333": {
							"vector": [0, 0, 0]
						},
						"1.6333": {
							"vector": [20, 0, 0]
						},
						"4.3333": {
							"vector": [20, 0, 0]
						},
						"4.4333": {
							"vector": [0, 0, 0]
						}
					}
				},
				"LB": {
					"rotation": {
						"0.0": {
							"vector": [0, 0, 0]
						},
						"1.4333": {
							"vector": [0, 0, 0]
						},
						"1.5333": {
							"vector": [-20, 0, 0]
						},
						"4.2333": {
							"vector": [-20, 0, 0]
						},
						"4.3333": {
							"vector": [0, 0, 0]
						}
					}
				},
				"LF": {
					"rotation": {
						"0.0": {
							"vector": [0, 0, 0]
						},
						"1.5333": {
							"vector": [0, 0, 0]
						},
						"1.6333": {
							"vector": [20, 0, 0]
						},
						"4.3333": {
							"vector": [20, 0, 0]
						},
						"4.4333": {
							"vector": [0, 0, 0]
						}
					}
				},
				"RB2": {
					"rotation": {
						"1.6333": {
							"vector": [0, 0, 0]
						},
						"1.7333": {
							"vector": [-20, 0, 0]
						},
						"4.4333": {
							"vector": [-20, 0, 0]
						},
						"4.5333": {
							"vector": [0, 0, 0]
						}
					}
				},
				"RF2": {
					"rotation": {
						"1.7333": {
							"vector": [0, 0, 0]
						},
						"1.8333": {
							"vector": [20, 0, 0]
						},
						"4.5333": {
							"vector": [20, 0, 0]
						},
						"4.6333": {
							"vector": [0, 0, 0]
						}
					}
				},
				"LB2": {
					"rotation": {
						"1.6333": {
							"vector": [0, 0, 0]
						},
						"1.7333": {
							"vector": [-20, 0, 0]
						},
						"4.4333": {
							"vector": [-20, 0, 0]
						},
						"4.5333": {
							"vector": [0, 0, 0]
						}
					}
				},
				"LF2": {
					"rotation": {
						"1.7333": {
							"vector": [0, 0, 0]
						},
						"1.8333": {
							"vector": [20, 0, 0]
						},
						"4.5333": {
							"vector": [20, 0, 0]
						},
						"4.6333": {
							"vector": [0, 0, 0]
						}
					}
				},
				"RB3": {
					"rotation": {
						"1.8333": {
							"vector": [0, 0, 0]
						},
						"1.9333": {
							"vector": [-20, 0, 0]
						},
						"4.6333": {
							"vector": [-20, 0, 0]
						},
						"4.7333": {
							"vector": [0, 0, 0]
						}
					}
				},
				"RF3": {
					"rotation": {
						"1.9333": {
							"vector": [0, 0, 0]
						},
						"2.0333": {
							"vector": [20, 0, 0]
						},
						"4.7333": {
							"vector": [20, 0, 0]
						},
						"4.8333": {
							"vector": [0, 0, 0]
						}
					}
				},
				"LB3": {
					"rotation": {
						"1.8333": {
							"vector": [0, 0, 0]
						},
						"1.9333": {
							"vector": [-20, 0, 0]
						},
						"4.6333": {
							"vector": [-20, 0, 0]
						},
						"4.7333": {
							"vector": [0, 0, 0]
						}
					}
				},
				"LF3": {
					"rotation": {
						"1.9333": {
							"vector": [0, 0, 0]
						},
						"2.0333": {
							"vector": [20, 0, 0]
						},
						"4.7333": {
							"vector": [20, 0, 0]
						},
						"4.8333": {
							"vector": [0, 0, 0]
						}
					}
				},
				"_camera_": {
					"rotation": {
						"0.0": {
							"vector": [0, 0, 0]
						},
						"0.8": {
							"vector": [4, 4, -2],
							"easing": "easeInOutBack"
						},
						"1.8": {
							"vector": [-2, -2, -1],
							"easing": "easeInOutSine"
						},
						"3.0": {
							"vector": [1, 3, 1],
							"easing": "easeInOutQuint"
						},
						"3.7": {
							"vector": [-1, 2, 1],
							"easing": "easeInOutBack"
						},
						"4.3333": {
							"vector": [0, 3, 1],
							"easing": "easeInOutBack"
						},
						"4.9": {
							"vector": [0, 0, 0],
							"easing": "easeInOutQuad"
						}
					}
				}
			},
			"sound_effects": {
				"1.0": {
					"effect": "nekomata_inspect1"
				},
				"2.6333": {
					"effect": "nekomata_inspect2"
				}
			}
		},
		"animation.model.draw": {
			"animation_length": 1.3,
			"bones": {
				"main": {
					"rotation": {
						"0.0": {
							"vector": [-30, 5, 0]
						},
						"0.7": {
							"vector": [-10.4039, 1.80267, -6.7972],
							"easing": "easeInOutQuad"
						},
						"1.2333": {
							"vector": [0, 0, 0],
							"easing": "easeInOutBack",
							"easingArgs": [1]
						}
					},
					"position": {
						"0.0": {
							"vector": [-3, -36, 58]
						},
						"0.6667": {
							"vector": [0, 5, 0],
							"easing": "easeInOutQuad"
						},
						"1.1333": {
							"vector": [0, 0, 0],
							"easing": "easeInOutBack",
							"easingArgs": [1]
						}
					}
				},
				"leftarm": {
					"position": {
						"0.0": {
							"vector": [2.28424, -2.60381, 6.08296]
						},
						"0.8": {
							"vector": [2.28424, -2.60381, 6.08296]
						},
						"1.0": {
							"vector": [0, 0, 0],
							"easing": "easeInOutSine"
						}
					},
					"scale": {
						"0.0": {
							"vector": [1, 1.3, 1]
						},
						"0.8": {
							"vector": [1, 1.3, 1]
						},
						"1.0": {
							"vector": [1, 1, 1],
							"easing": "easeInOutSine"
						}
					}
				},
				"_camera_": {
					"rotation": {
						"0.0": {
							"vector": [0, 0, 0]
						},
						"0.2333": {
							"vector": [3, 3, 0],
							"easing": "easeInOutSine"
						},
						"0.5": {
							"vector": [-2, 1, 0],
							"easing": "easeInSine"
						},
						"1.2": {
							"vector": [0, 0, 0],
							"easing": "easeInOutBack",
							"easingArgs": [3]
						}
					}
				}
			},
			"sound_effects": {
				"0.1667": {
					"effect": "nekomata_draw"
				}
			}
		}
	},
	"geckolib_format_version": 2
}