{
	"format_version": "1.8.0",
	"animations": {
		"animation.model.reloadempty": {
			"loop": true,
			"animation_length": 3.3,
			"bones": {
				"main": {
					"rotation": {
						"0.0": {
							"vector": [0, 0, 0]
						},
						"0.3333": {
							"vector": [0, 0, 15],
							"easing": "easeInOutSine"
						},
						"0.4667": {
							"vector": [-1, 0, 15],
							"easing": "easeInOutBack",
							"easingArgs": [-2]
						},
						"0.5667": {
							"vector": [-1, 0, 15]
						},
						"0.7333": {
							"vector": [-3.43, 0, 15],
							"easing": "easeOutBack"
						},
						"0.9": {
							"vector": [0, 0, 15],
							"easing": "easeInOutSine"
						},
						"1.5": {
							"vector": [-2, 0, 13],
							"easing": "easeInOutBack",
							"easingArgs": [-2]
						},
						"1.6": {
							"vector": [-2, 0, 15]
						},
						"1.7667": {
							"vector": [-1, 0, 15],
							"easing": "easeInQuad"
						},
						"2.0": {
							"vector": [2.21429, 0, 15],
							"easing": "easeOutBack"
						},
						"2.3333": {
							"vector": [-4.91567, -22.80695, -20.5068],
							"easing": "easeInOutCubic"
						},
						"2.8667": {
							"vector": [-10.79052, -31.15786, -19.40042],
							"easing": "easeOutQuad"
						},
						"3.1": {
							"vector": [0, 0, 0],
							"easing": "easeInOutQuad"
						}
					},
					"position": {
						"0.0": {
							"vector": [0, 0, 0]
						},
						"0.2667": {
							"vector": [0, 2, 0],
							"easing": "easeInOutSine"
						},
						"0.4333": {
							"vector": [0.1, 2, 0],
							"easing": "easeInOutBack",
							"easingArgs": [-2]
						},
						"0.5333": {
							"vector": [0, 2, 0.25]
						},
						"0.6667": {
							"vector": [0, 2, 1.23],
							"easing": "easeOutBack"
						},
						"0.8333": {
							"vector": [0, 2, 0],
							"easing": "easeInOutSine"
						},
						"1.4667": {
							"vector": [0.2, 1.9, 0],
							"easing": "easeInOutBack",
							"easingArgs": [-2]
						},
						"1.5667": {
							"vector": [0, 1.5, 0]
						},
						"1.7333": {
							"vector": [0, 1.5, -0.5],
							"easing": "easeInQuad"
						},
						"1.9333": {
							"vector": [0, 2, -2],
							"easing": "easeOutBack"
						},
						"2.2667": {
							"vector": [-2, 4, -3],
							"easing": "easeInOutCubic"
						},
						"2.8": {
							"vector": [-2.1, 3.9, -3],
							"easing": "easeInOutQuad"
						},
						"3.0333": {
							"vector": [0, 0, 0],
							"easing": "easeInOutQuad"
						}
					}
				},
				"rightarm": {
					"rotation": {
						"2.2667": {
							"vector": [0, 0, 0]
						},
						"2.4667": {
							"vector": [-5, 0, 0],
							"easing": "easeInOutSine"
						},
						"2.6": {
							"vector": [-6, 0, 0],
							"easing": "easeInOutSine"
						},
						"2.6667": {
							"vector": [0, 0, 0],
							"easing": "easeInOutQuad"
						}
					},
					"position": {
						"2.2": {
							"vector": [0, 0, 0]
						},
						"2.4": {
							"vector": [-0.36094, -0.84339, -2.03922],
							"easing": "easeInOutSine"
						},
						"2.5333": {
							"vector": [-0.35223, -0.84339, -2.13884],
							"easing": "easeInOutSine"
						},
						"2.7333": {
							"vector": [0, 0, 0],
							"easing": "easeInOutQuad"
						}
					}
				},
				"image": {
					"rotation": {
						"1.8": {
							"vector": [0, 0, 0]
						},
						"1.8333": {
							"vector": [0, 0, 45]
						},
						"2.2": {
							"vector": [0, 0, -45],
							"easing": "easeOutBack",
							"easingArgs": [1]
						},
						"2.8333": {
							"vector": [0, 0, -45],
							"easing": "easeOutBack",
							"easingArgs": [2]
						},
						"3.0333": {
							"vector": [0, 0, 45],
							"easing": "easeInBack",
							"easingArgs": [2]
						},
						"3.0667": {
							"vector": [0, 0, 0]
						}
					},
					"position": {
						"1.8": {
							"vector": [0, 0, 0]
						},
						"1.8333": {
							"vector": [-2, 2, 0]
						},
						"2.1333": {
							"vector": [-5, 5, 0],
							"easing": "easeOutBack",
							"easingArgs": [3]
						},
						"2.7667": {
							"vector": [-5, 5, 0],
							"easing": "easeOutBack",
							"easingArgs": [3]
						},
						"3.0333": {
							"vector": [-2, 2, 0],
							"easing": "easeInBack",
							"easingArgs": [3]
						},
						"3.0667": {
							"vector": [0, 0, 0]
						}
					},
					"scale": {
						"1.8333": {
							"vector": [0, 0, 0]
						},
						"2.1333": {
							"vector": [1.5, 1.5, 1.5],
							"easing": "easeInElastic",
							"easingArgs": [2]
						},
						"2.7667": {
							"vector": [1.5, 1.5, 1.5],
							"easing": "easeInElastic",
							"easingArgs": [2]
						},
						"3.0333": {
							"vector": [0, 0, 0],
							"easing": "easeOutElastic",
							"easingArgs": [2]
						}
					}
				},
				"slide": {
					"position": {
						"0.0": {
							"vector": [0, 0, 2.1]
						},
						"2.4667": {
							"vector": [0, 0, 2.1]
						},
						"2.7667": {
							"vector": [0, 0, 0],
							"easing": "easeInQuart"
						}
					}
				},
				"armL_mag": {
					"rotation": {
						"0.5667": {
							"vector": [0, 0, 0]
						},
						"0.7": {
							"vector": [0, 0, 0],
							"easing": "easeOutQuad"
						},
						"1.0333": {
							"vector": [-4.44875, 26.62519, -28.65962],
							"easing": "easeInOutQuad"
						},
						"1.1": {
							"vector": [-4.51495, -28.22636, -24.52337]
						},
						"1.5": {
							"vector": [0, 0, 0],
							"easing": "easeInOutBack",
							"easingArgs": [0.5]
						}
					},
					"position": {
						"0.5333": {
							"vector": [0, 0, 0]
						},
						"0.6667": {
							"vector": [0, 0, 12],
							"easing": "easeOutQuad"
						},
						"1.0": {
							"vector": [26.37598, -25.02614, 17],
							"easing": "easeInOutQuad"
						},
						"1.0333": {
							"vector": [26.38055, -25.02741, 17]
						},
						"1.0667": {
							"vector": [22.77567, -27.02861, 17]
						},
						"1.4667": {
							"vector": [0.0089, -0.00266, 7],
							"easing": "easeInOutBack",
							"easingArgs": [0.5]
						},
						"1.7333": {
							"vector": [0, 0, 0],
							"easing": "easeInCubic"
						}
					}
				},
				"leftarm": {
					"rotation": {
						"0.0": {
							"vector": [0, 0, 0]
						},
						"0.2333": {
							"vector": [-11.70954, -6.93822, -26.56756],
							"easing": "easeInOutSine"
						},
						"0.4333": {
							"vector": [-39.19257, -49.47638, -69.98097],
							"easing": "easeInOutSine"
						},
						"0.5": {
							"vector": [-41.74017, -49.1949, -69.80417]
						},
						"1.0333": {
							"vector": [-39.19, -45.44, -76.78]
						},
						"1.0667": {
							"vector": [-69.63402, -28.12185, -66.3912]
						},
						"1.4667": {
							"vector": [-69.63402, -28.12185, -66.3912]
						},
						"1.7333": {
							"vector": [-54.32831, -46.46791, -66.0737],
							"easing": "easeInCubic"
						},
						"2.2": {
							"vector": [0, 0, 0],
							"easing": "easeInOutQuad"
						}
					},
					"position": {
						"0.0": {
							"vector": [0, 0, 0]
						},
						"0.2": {
							"vector": [11.4214, 3.68125, 0],
							"easing": "easeInOutSine"
						},
						"0.4": {
							"vector": [10.38472, 7.5437, -3],
							"easing": "easeInOutSine"
						},
						"1.0333": {
							"vector": [9.61, 10.44, -3]
						},
						"1.0667": {
							"vector": [12.95835, 9.58962, -13.92657]
						},
						"1.4667": {
							"vector": [12.95835, 9.58962, -13.92657]
						},
						"1.7333": {
							"vector": [12.41514, 6.92799, -9.24],
							"easing": "easeInCubic"
						},
						"2.2": {
							"vector": [0, 0, 0],
							"easing": "easeInOutQuad"
						}
					}
				},
				"magazine": {
					"position": {
						"0.0": {
							"vector": [0, 0, 0]
						},
						"0.4333": {
							"vector": [0, 0, 0]
						},
						"0.5": {
							"vector": [0, 0, 1]
						},
						"1.0333": {
							"vector": [0, 0, 1]
						},
						"1.4667": {
							"vector": [0, 0, 1]
						},
						"1.7333": {
							"vector": [0, 0, 0],
							"easing": "easeInCubic"
						}
					}
				},
				"_camera_": {
					"rotation": {
						"0.0": {
							"vector": [0, 0, 0]
						},
						"0.3667": {
							"vector": [2, 3, -0.6],
							"easing": "easeInOutQuad"
						},
						"0.5667": {
							"vector": [3, 4, -0.9],
							"easing": "easeInQuad"
						},
						"0.9": {
							"vector": [4, 4.5, -1.4],
							"easing": "easeOutBack",
							"easingArgs": [2]
						},
						"1.5333": {
							"vector": [3, 4, -0.9],
							"easing": "easeInOutQuad"
						},
						"1.8333": {
							"vector": [2, 2, -0.9],
							"easing": "easeInOutCubic"
						},
						"2.6": {
							"vector": [-2, 1, 0],
							"easing": "easeInOutBack",
							"easingArgs": [1]
						},
						"3.1": {
							"vector": [0, 0, 0],
							"easing": "easeInOutQuad"
						}
					}
				}
			},
			"sound_effects": {
				"0.4333": {
					"effect": "yukimura_magout"
				},
				"1.4667": {
					"effect": "yukimura_magin"
				},
				"2.4667": {
					"effect": "yukimura_load"
				}
			}
		},
		"animation.model.reload": {
			"loop": true,
			"animation_length": 3,
			"bones": {
				"main": {
					"rotation": {
						"0.0": {
							"vector": [0, 0, 0]
						},
						"0.3333": {
							"vector": [0, 0, 15],
							"easing": "easeInOutSine"
						},
						"0.4667": {
							"vector": [-1, 0, 15],
							"easing": "easeInOutBack",
							"easingArgs": [-2]
						},
						"0.5667": {
							"vector": [-1, 0, 15]
						},
						"0.7333": {
							"vector": [-3.43, 0, 15],
							"easing": "easeOutBack"
						},
						"0.9": {
							"vector": [0, 0, 15],
							"easing": "easeInOutSine"
						},
						"1.5": {
							"vector": [-2, 0, 13],
							"easing": "easeInOutBack",
							"easingArgs": [-2]
						},
						"1.6": {
							"vector": [-2, 0, 15]
						},
						"1.7667": {
							"vector": [-1, 0, 15],
							"easing": "easeInQuad"
						},
						"2.0": {
							"vector": [2.21429, 0, 15],
							"easing": "easeOutBack"
						},
						"2.3333": {
							"vector": [0, 0, 0],
							"easing": "easeInOutQuad"
						}
					},
					"position": {
						"0.0": {
							"vector": [0, 0, 0]
						},
						"0.2667": {
							"vector": [0, 2, 0],
							"easing": "easeInOutSine"
						},
						"0.4333": {
							"vector": [0.1, 2, 0],
							"easing": "easeInOutBack",
							"easingArgs": [-2]
						},
						"0.5333": {
							"vector": [0, 2, 0.25]
						},
						"0.6667": {
							"vector": [0, 2, 1.23],
							"easing": "easeOutBack"
						},
						"0.8333": {
							"vector": [0, 2, 0],
							"easing": "easeInOutSine"
						},
						"1.4667": {
							"vector": [0.2, 1.9, 0],
							"easing": "easeInOutBack",
							"easingArgs": [-2]
						},
						"1.5667": {
							"vector": [0, 1.5, 0]
						},
						"1.7333": {
							"vector": [0, 1.5, -0.5],
							"easing": "easeInQuad"
						},
						"1.9333": {
							"vector": [0, 2, -2],
							"easing": "easeOutBack"
						},
						"2.2667": {
							"vector": [0, 0, 0],
							"easing": "easeInOutQuad"
						}
					}
				},
				"image": {
					"rotation": {
						"1.6": {
							"vector": [0, 0, 0]
						},
						"1.6333": {
							"vector": [0, 0, 45]
						},
						"2.0": {
							"vector": [0, 0, -45],
							"easing": "easeOutBack",
							"easingArgs": [1]
						},
						"2.7": {
							"vector": [0, 0, -45],
							"easing": "easeOutBack",
							"easingArgs": [2]
						},
						"2.9333": {
							"vector": [0, 0, 45],
							"easing": "easeInBack",
							"easingArgs": [2]
						},
						"2.9667": {
							"vector": [0, 0, 0]
						}
					},
					"position": {
						"1.6": {
							"vector": [0, 0, 0]
						},
						"1.6333": {
							"vector": [-2, 2, 0]
						},
						"1.9333": {
							"vector": [-5, 5, 0],
							"easing": "easeOutBack",
							"easingArgs": [3]
						},
						"2.6333": {
							"vector": [-5, 5, 0],
							"easing": "easeOutBack",
							"easingArgs": [3]
						},
						"2.9333": {
							"vector": [-2, 2, 0],
							"easing": "easeInBack",
							"easingArgs": [3]
						},
						"2.9667": {
							"vector": [0, 0, 0]
						}
					},
					"scale": {
						"1.6333": {
							"vector": [0, 0, 0]
						},
						"1.9333": {
							"vector": [1.5, 1.5, 1.5],
							"easing": "easeInElastic",
							"easingArgs": [2]
						},
						"2.6333": {
							"vector": [1.5, 1.5, 1.5],
							"easing": "easeInElastic",
							"easingArgs": [2]
						},
						"2.9333": {
							"vector": [0, 0, 0],
							"easing": "easeOutElastic",
							"easingArgs": [2]
						}
					}
				},
				"armL_mag": {
					"rotation": {
						"0.5667": {
							"vector": [0, 0, 0]
						},
						"0.7": {
							"vector": [0, 0, 0],
							"easing": "easeOutQuad"
						},
						"1.0333": {
							"vector": [-4.44875, 26.62519, -28.65962],
							"easing": "easeInOutQuad"
						},
						"1.1": {
							"vector": [-4.51495, -28.22636, -24.52337]
						},
						"1.5": {
							"vector": [0, 0, 0],
							"easing": "easeInOutBack",
							"easingArgs": [0.5]
						}
					},
					"position": {
						"0.5333": {
							"vector": [0, 0, 0]
						},
						"0.6667": {
							"vector": [0, 0, 12],
							"easing": "easeOutQuad"
						},
						"1.0": {
							"vector": [26.37598, -25.02614, 17],
							"easing": "easeInOutQuad"
						},
						"1.0333": {
							"vector": [26.38055, -25.02741, 17]
						},
						"1.0667": {
							"vector": [22.77567, -27.02861, 17]
						},
						"1.4667": {
							"vector": [0.0089, -0.00266, 7],
							"easing": "easeInOutBack",
							"easingArgs": [0.5]
						},
						"1.7333": {
							"vector": [0, 0, 0],
							"easing": "easeInCubic"
						}
					}
				},
				"leftarm": {
					"rotation": {
						"0.0": {
							"vector": [0, 0, 0]
						},
						"0.2333": {
							"vector": [-11.70954, -6.93822, -26.56756],
							"easing": "easeInOutSine"
						},
						"0.4333": {
							"vector": [-39.19257, -49.47638, -69.98097],
							"easing": "easeInOutSine"
						},
						"0.5": {
							"vector": [-41.74017, -49.1949, -69.80417]
						},
						"1.0333": {
							"vector": [-39.19, -45.44, -76.78]
						},
						"1.0667": {
							"vector": [-69.63402, -28.12185, -66.3912]
						},
						"1.4667": {
							"vector": [-69.63402, -28.12185, -66.3912]
						},
						"1.7333": {
							"vector": [-54.32831, -46.46791, -66.0737],
							"easing": "easeInCubic"
						},
						"2.2": {
							"vector": [0, 0, 0],
							"easing": "easeInOutQuad"
						}
					},
					"position": {
						"0.0": {
							"vector": [0, 0, 0]
						},
						"0.2": {
							"vector": [11.4214, 3.68125, 0],
							"easing": "easeInOutSine"
						},
						"0.4": {
							"vector": [10.38472, 7.5437, -3],
							"easing": "easeInOutSine"
						},
						"1.0333": {
							"vector": [9.61, 10.44, -3]
						},
						"1.0667": {
							"vector": [12.95835, 9.58962, -13.92657]
						},
						"1.4667": {
							"vector": [12.95835, 9.58962, -13.92657]
						},
						"1.7333": {
							"vector": [12.41514, 6.92799, -9.24],
							"easing": "easeInCubic"
						},
						"2.2": {
							"vector": [0, 0, 0],
							"easing": "easeInOutQuad"
						}
					}
				},
				"magazine": {
					"position": {
						"0.0": {
							"vector": [0, 0, 0]
						},
						"0.4333": {
							"vector": [0, 0, 0]
						},
						"0.5": {
							"vector": [0, 0, 1]
						},
						"1.0333": {
							"vector": [0, 0, 1]
						},
						"1.4667": {
							"vector": [0, 0, 1]
						},
						"1.7333": {
							"vector": [0, 0, 0],
							"easing": "easeInCubic"
						}
					}
				},
				"_camera_": {
					"rotation": {
						"0.0": {
							"vector": [0, 0, 0]
						},
						"0.3667": {
							"vector": [2, 3, 0],
							"easing": "easeInOutQuad"
						},
						"0.5667": {
							"vector": [3, 4, 0],
							"easing": "easeInQuad"
						},
						"0.7667": {
							"vector": [4, 4.5, 0],
							"easing": "easeOutBack"
						},
						"1.5333": {
							"vector": [3, 4, 0],
							"easing": "easeInOutCubic"
						},
						"1.8": {
							"vector": [2, 3, 0],
							"easing": "easeInQuad"
						},
						"2.3": {
							"vector": [0, 0, 0],
							"easing": "easeOutBack",
							"easingArgs": [1]
						}
					}
				}
			},
			"sound_effects": {
				"0.4333": {
					"effect": "yukimura_magout"
				},
				"1.4667": {
					"effect": "yukimura_magin"
				}
			}
		},
		"animation.model.fire": {
			"loop": true,
			"animation_length": 0.1333,
			"bones": {
				"main": {
					"rotation": {
						"0.0": {
							"vector": [0, 0, 0]
						},
						"0.1": {
							"vector": [-1, 0, 0]
						}
					},
					"position": {
						"0.0": {
							"vector": [0, 0, 0]
						},
						"0.0667": {
							"vector": [0, 0, 2]
						}
					}
				},
				"slide": {
					"position": {
						"0.0": {
							"vector": [0, 0, 0]
						},
						"0.0667": {
							"vector": [0, 0, 2.1]
						}
					}
				}
			}
		},
		"animation.model.inspect": {
			"loop": true,
			"animation_length": 4.1,
			"bones": {
				"main": {
					"rotation": {
						"0.0": {
							"vector": [0, 0, 0]
						},
						"0.4667": {
							"vector": [-4.30963, -29.7174, -36.35612],
							"easing": "easeInOutQuad"
						},
						"1.5667": {
							"vector": [-3.21578, -29.39305, -33.51061],
							"easing": "easeInOutBack",
							"easingArgs": [-2]
						},
						"2.1": {
							"vector": [0.23032, 18.95171, 63.32072],
							"easing": "easeInOutQuad"
						},
						"3.2667": {
							"vector": [0.65159, 21.43282, 65.95369],
							"easing": "easeInOutBack",
							"easingArgs": [-3]
						},
						"3.7": {
							"vector": [-7.3329, 13.35473, 53.39979],
							"easing": "easeInBack",
							"easingArgs": [1]
						},
						"4.0667": {
							"vector": [0, 0, 0],
							"easing": "easeInOutBack"
						}
					},
					"position": {
						"0.0": {
							"vector": [0, 0, 0]
						},
						"0.3667": {
							"vector": [-1, 3, -3],
							"easing": "easeInOutQuad"
						},
						"1.5": {
							"vector": [-0.55, 2.55, -3],
							"easing": "easeInOutBack",
							"easingArgs": [-2]
						},
						"2.0333": {
							"vector": [11.45, 0.55, -2],
							"easing": "easeInOutQuad"
						},
						"3.2": {
							"vector": [11.7, 0.05, -2],
							"easing": "easeInOutBack",
							"easingArgs": [-3]
						},
						"3.6333": {
							"vector": [6.7, 3.8, -5.5],
							"easing": "easeInBack",
							"easingArgs": [1]
						},
						"4.0333": {
							"vector": [0, 0, 0],
							"easing": "easeInOutBack"
						}
					}
				},
				"rightarm": {
					"rotation": {
						"1.5": {
							"vector": [0, 0, 0]
						},
						"2.0333": {
							"vector": [-8.69015, 12.52203, -11.60845]
						},
						"3.4": {
							"vector": [-8.69, 12.52, -11.61]
						},
						"3.9": {
							"vector": [0, 0, 0],
							"easing": "easeInOutCubic"
						}
					},
					"position": {
						"1.5": {
							"vector": [0, 0, 0]
						},
						"2.0333": {
							"vector": [5.85602, -5.26478, 2.44726]
						},
						"3.3333": {
							"vector": [5.86, -5.26, 2.45]
						},
						"3.8333": {
							"vector": [0, 0, 0],
							"easing": "easeInOutCubic"
						}
					}
				},
				"gun": {
					"rotation": {
						"0.0": {
							"vector": [0, 0, 0]
						},
						"0.3": {
							"vector": [0, 0, 0],
							"easing": "easeInOutSine"
						},
						"1.7": {
							"vector": [0, 0, 0]
						},
						"1.9": {
							"vector": [0, 0, 0]
						}
					},
					"position": {
						"0.0": {
							"vector": [0, 0, 0]
						},
						"0.3": {
							"vector": [4, 0, 0],
							"easing": "easeInOutSine"
						},
						"1.7": {
							"vector": [4, 0, 0]
						},
						"1.9": {
							"vector": [0, 0, 0]
						}
					}
				},
				"leftarm": {
					"rotation": {
						"0.0": {
							"vector": [0, 0, 0]
						},
						"0.3": {
							"vector": [18.59429, 10.24412, 35.69348]
						},
						"3.3667": {
							"vector": [-8.63296, 24.91764, 2.13536],
							"easing": "easeInOutBack",
							"easingArgs": [-2]
						},
						"3.8333": {
							"vector": [0, 0, 0],
							"easing": "easeInOutBack",
							"easingArgs": [2]
						}
					},
					"position": {
						"0.0": {
							"vector": [0, 0, 0]
						},
						"0.3": {
							"vector": [25.64027, -43.89369, -10.43649]
						},
						"3.3": {
							"vector": [10.66973, 16.76281, 3.82947],
							"easing": "easeInOutBack",
							"easingArgs": [-2]
						},
						"3.5667": {
							"vector": [17.15915, 2.35551, -7.45063],
							"easing": "easeInBack"
						},
						"3.8333": {
							"vector": [0, 0, 0],
							"easing": "easeOutBack"
						}
					},
					"scale": {
						"0.0": {
							"vector": [1, 1, 1]
						},
						"0.3": {
							"vector": [0, 0, 0],
							"easing": "easeInQuart"
						},
						"3.3": {
							"vector": [0, 0, 0]
						},
						"3.5667": {
							"vector": [1, 1, 1]
						}
					}
				},
				"magazine": {
					"rotation": {
						"0.0": {
							"vector": [0, 0, 0]
						},
						"1.7": {
							"vector": [0, 0, 0]
						},
						"1.9": {
							"vector": [0, 0, 0]
						}
					},
					"position": {
						"0.0": {
							"vector": [0, 0, 0]
						},
						"0.3": {
							"vector": [4, 0, 0],
							"easing": "easeInOutSine"
						},
						"1.7": {
							"vector": [4, 0, 0]
						},
						"1.9": {
							"vector": [0, 0, 0]
						}
					}
				},
				"_camera_": {
					"rotation": {
						"0.0": {
							"vector": [0, 0, 0]
						},
						"0.6": {
							"vector": [2, 3, -0.5],
							"easing": "easeInOutQuad"
						},
						"1.5667": {
							"vector": [2.2, 3.3, -0.8],
							"easing": "easeInOutQuad"
						},
						"2.2": {
							"vector": [3, 1, -0.4],
							"easing": "easeInOutQuad"
						},
						"3.2667": {
							"vector": [3.3, 0.6, -0.4],
							"easing": "easeInOutCubic"
						},
						"3.7667": {
							"vector": [-2, 0.6, 1],
							"easing": "easeInOutQuad"
						},
						"4.0333": {
							"vector": [0, 0, 0],
							"easing": "easeInOutQuad"
						}
					}
				}
			},
			"sound_effects": {
				"3.6": {
					"effect": "unity_draw"
				}
			}
		},
		"animation.model.draw": {
			"animation_length": 0.6333,
			"bones": {
				"main": {
					"rotation": {
						"0.0": {
							"vector": [-75.0908, -17.04679, 47.75318]
						},
						"0.5": {
							"vector": [0, 0, 0],
							"easing": "easeInOutBack"
						}
					},
					"position": {
						"0.0": {
							"vector": [10, -22, 19]
						},
						"0.4333": {
							"vector": [0, 0, 0],
							"easing": "easeInOutBack"
						}
					}
				},
				"unity": {
					"rotation": {
						"0.1667": {
							"vector": [0, -30, 0]
						},
						"0.4333": {
							"vector": [0, 0, 0],
							"easing": "easeInOutBack"
						}
					},
					"position": {
						"0.1667": {
							"vector": [5.76111, 0, 0.01618]
						},
						"0.4333": {
							"vector": [0, 0, 0],
							"easing": "easeInOutBack"
						}
					}
				},
				"leftarm": {
					"position": {
						"0.1667": {
							"vector": [26, 0, 0]
						},
						"0.4333": {
							"vector": [0, 0, 0],
							"easing": "easeInOutCubic"
						}
					}
				},
				"_camera_": {
					"rotation": {
						"0.0": {
							"vector": [0, 0, 0]
						},
						"0.1667": {
							"vector": [2, -1, 0],
							"easing": "easeInOutQuad"
						},
						"0.5": {
							"vector": [0, 0, 0],
							"easing": "easeInOutQuad"
						}
					}
				}
			},
			"sound_effects": {
				"0.0": {
					"effect": "unity_draw"
				}
			}
		}
	},
	"geckolib_format_version": 2
}