{
	"format_version": "1.8.0",
	"animations": {
		"animation.model.preparefire": {
			"loop": "hold_on_last_frame",
			"animation_length": 0.4,
			"bones": {
				"rightarm": {
					"rotation": {
						"0.0": {
							"vector": [0, 0, 0]
						},
						"0.3": {
							"vector": [-4.54722, -3.53482, 35.53534],
							"easing": "easeInOutBack"
						},
						"0.3333": {
							"vector": [-4.54722, -3.53482, 35.53534],
							"easing": "easeInOutBack"
						}
					},
					"position": {
						"0.0": {
							"vector": [0, 0, 0]
						},
						"0.3333": {
							"vector": [-14, 9, 2],
							"easing": "easeInOutBack"
						}
					}
				},
				"blade_outer": {
					"position": {
						"0.0": {
							"vector": [0, 0, 0]
						},
						"0.2667": {
							"vector": [0, -3, 0]
						}
					}
				},
				"blade_inner": {
					"position": {
						"0.0": {
							"vector": [0, 0, 0]
						},
						"0.3": {
							"vector": [0, 5, 0],
							"easing": "easeInQuad"
						},
						"0.3333": {
							"vector": [0, 5, 0]
						}
					}
				},
				"leftarm": {
					"rotation": {
						"0.0": {
							"vector": [0, 0, 0]
						},
						"0.3": {
							"vector": [2.97617, 3.52056, -35.65029],
							"easing": "easeInOutBack"
						},
						"0.3333": {
							"vector": [2.98, 3.52, -35.65]
						}
					},
					"position": {
						"0.0": {
							"vector": [0, 0, 0]
						},
						"0.3333": {
							"vector": [14, 7, 5],
							"easing": "easeInOutBack"
						}
					}
				},
				"blade_outer2": {
					"position": {
						"0.0": {
							"vector": [0, 0, 0]
						},
						"0.2667": {
							"vector": [0, -3, 0]
						}
					}
				},
				"blade_inner2": {
					"position": {
						"0.0": {
							"vector": [0, 0, 0]
						},
						"0.3": {
							"vector": [0, 5, 0],
							"easing": "easeInQuad"
						},
						"0.3333": {
							"vector": [0, 5, 0]
						}
					}
				}
			},
			"sound_effects": {
				"0.0": {
					"effect": "mantis_blade_sfx3"
				}
			}
		},
		"animation.model.fire": {
			"animation_length": 1,
			"bones": {
				"rightarm": {
					"rotation": {
						"0.0333": {
							"vector": [-4.54722, -3.53482, 35.53534],
							"easing": "easeInOutBack"
						},
						"0.1667": {
							"vector": [-18.45589, 18.60465, -16.21606],
							"easing": "easeOutSine"
						},
						"0.3": {
							"vector": [-28.74073, -19.62465, 12.87631],
							"easing": "easeInQuad"
						},
						"0.5": {
							"vector": [-9.17, -6.61, 31.21],
							"easing": "easeInQuad"
						}
					},
					"position": {
						"0.0667": {
							"vector": [-14, 9, 2],
							"easing": "easeInOutBack"
						},
						"0.2": {
							"vector": [3, -2, -8],
							"easing": "easeOutSine"
						},
						"0.3333": {
							"vector": [-2, -12, -4],
							"easing": "easeInQuad"
						},
						"0.5": {
							"vector": [-10.26, 2.45, 0.13],
							"easing": "easeInQuad"
						}
					}
				},
				"arm": {
					"rotation": {
						"0.0": {
							"vector": [0, 0, 0]
						},
						"0.0667": {
							"vector": [70, 0, 0]
						},
						"0.1333": {
							"vector": [80, 0, 0]
						},
						"0.2": {
							"vector": [100, 0, 0]
						},
						"0.5": {
							"vector": [0, 0, 0],
							"easing": "easeInQuad"
						}
					}
				},
				"arm_upper": {
					"rotation": {
						"0.0": {
							"vector": [0, 0, 0]
						},
						"0.0667": {
							"vector": [-105, 0, 0]
						},
						"0.2": {
							"vector": [-105, 0, 0]
						},
						"0.2667": {
							"vector": [-75, 0, 0]
						},
						"0.3333": {
							"vector": [-55, 0, 0]
						},
						"0.5": {
							"vector": [0, 0, 0],
							"easing": "easeInQuad"
						}
					}
				},
				"blade_outer": {
					"position": {
						"vector": [0, -3, 0]
					}
				},
				"blade_inner": {
					"position": {
						"0.0": {
							"vector": [0, 5, 0]
						},
						"0.0667": {
							"vector": [0, -7, 0]
						}
					}
				},
				"leftarm": {
					"rotation": {
						"0.0": {
							"vector": [2.98, 3.52, -35.65]
						},
						"0.1333": {
							"vector": [-17.82749, -11.47639, 13.79951],
							"easing": "easeOutSine"
						},
						"0.2667": {
							"vector": [-32.26818, 34.09299, -15.29017],
							"easing": "easeInQuad"
						},
						"0.5": {
							"vector": [-10.58, 15.28, -27.82],
							"easing": "easeInQuad"
						}
					},
					"position": {
						"0.0333": {
							"vector": [14, 7, 5],
							"easing": "easeInOutBack"
						},
						"0.1667": {
							"vector": [-3, 0, -7],
							"easing": "easeOutSine"
						},
						"0.3": {
							"vector": [2, -11, -4],
							"easing": "easeInQuad"
						},
						"0.5": {
							"vector": [11.71, 3.56, 3.28],
							"easing": "easeInQuad"
						}
					}
				},
				"arm2": {
					"rotation": {
						"0.0": {
							"vector": [0, 0, 0]
						},
						"0.0667": {
							"vector": [70, 0, 0]
						},
						"0.1333": {
							"vector": [80, 0, 0]
						},
						"0.2": {
							"vector": [100, 0, 0]
						},
						"0.5": {
							"vector": [0, 0, 0],
							"easing": "easeInCubic"
						}
					}
				},
				"arm_upper2": {
					"rotation": {
						"0.0": {
							"vector": [0, 0, 0]
						},
						"0.0667": {
							"vector": [-105, 0, 0]
						},
						"0.2": {
							"vector": [-120, 0, 0]
						},
						"0.2667": {
							"vector": [-90, 0, 0]
						},
						"0.3333": {
							"vector": [-55, 0, 0]
						},
						"0.5": {
							"vector": [0, 0, 0],
							"easing": "easeInQuint"
						}
					}
				},
				"blade_outer2": {
					"position": {
						"vector": [0, -3, 0]
					}
				},
				"blade_inner2": {
					"position": {
						"0.0": {
							"vector": [0, 5, 0]
						},
						"0.0667": {
							"vector": [0, -7, 0]
						}
					}
				}
			}
		},
		"animation.model.completefire": {
			"animation_length": 0.6333,
			"bones": {
				"rightarm": {
					"rotation": {
						"0.0": {
							"vector": [-9.17, -6.61, 31.21],
							"easing": "easeInBack"
						},
						"0.2": {
							"vector": [-41.44363, 7.17211, -16.77763],
							"easing": "easeInOutCubic"
						},
						"0.4": {
							"vector": [-33.71827, 0.44614, -13.4481],
							"easing": "easeInOutBack",
							"easingArgs": [2]
						},
						"0.6": {
							"vector": [0, 0, 0],
							"easing": "easeInOutQuint"
						}
					},
					"position": {
						"0.0": {
							"vector": [-10.26, 2.45, 0.13],
							"easing": "easeInBack"
						},
						"0.1667": {
							"vector": [-4, 3, -4],
							"easing": "easeInOutCubic"
						},
						"0.3667": {
							"vector": [-5.97018, 1.82227, 0.442],
							"easing": "easeInOutBack",
							"easingArgs": [2]
						},
						"0.6": {
							"vector": [0, 0, 0],
							"easing": "easeInOutQuint"
						}
					}
				},
				"arm": {
					"rotation": {
						"0.0": {
							"vector": [0, 0, 0],
							"easing": "easeInCubic"
						},
						"0.2": {
							"vector": [10, 0, 0]
						},
						"0.4667": {
							"vector": [0, 0, 0],
							"easing": "easeInOutBack",
							"easingArgs": [6]
						}
					}
				},
				"arm_upper": {
					"rotation": {
						"0.0": {
							"vector": [0, 0, 0],
							"easing": "easeInQuint"
						},
						"0.2": {
							"vector": [-10, 0, 0],
							"easing": "easeInOutBack",
							"easingArgs": [3]
						},
						"0.4667": {
							"vector": [0, 0, 0],
							"easing": "easeInOutBack",
							"easingArgs": [6]
						}
					}
				},
				"blade_outer": {
					"position": {
						"0.0": {
							"vector": [0, -3, 0]
						},
						"0.2": {
							"vector": [0, -3, 0]
						},
						"0.4333": {
							"vector": [0, 0, 0],
							"easing": "easeInOutBack",
							"easingArgs": [10]
						}
					}
				},
				"blade_inner": {
					"position": {
						"0.0": {
							"vector": [0, -7, 0]
						},
						"0.2": {
							"vector": [0, -7, 0]
						},
						"0.4333": {
							"vector": [0, 0, 0],
							"easing": "easeInOutBack",
							"easingArgs": [2.5]
						}
					}
				},
				"leftarm": {
					"rotation": {
						"0.0": {
							"vector": [-10.58, 15.28, -27.82],
							"easing": "easeInBack"
						},
						"0.1333": {
							"vector": [-24.10632, -9.87548, 20.59935],
							"easing": "easeInOutCubic"
						},
						"0.3333": {
							"vector": [-23.83891, -5.31088, 18.55091],
							"easing": "easeInBack"
						},
						"0.6": {
							"vector": [0, 0, 0],
							"easing": "easeInOutQuart"
						}
					},
					"position": {
						"0.0": {
							"vector": [11.71, 3.56, 3.28],
							"easing": "easeInBack"
						},
						"0.1": {
							"vector": [4, 2, -4],
							"easing": "easeInCubic"
						},
						"0.3": {
							"vector": [5.63633, 0.54837, 0.49613],
							"easing": "easeInOutBack"
						},
						"0.6": {
							"vector": [0, 0, 0],
							"easing": "easeInOutQuart"
						}
					}
				},
				"arm2": {
					"rotation": {
						"0.0": {
							"vector": [0, 0, 0],
							"easing": "easeInCubic"
						},
						"0.2": {
							"vector": [10, 0, 0]
						},
						"0.4333": {
							"vector": [0, 0, 0],
							"easing": "easeInOutBack",
							"easingArgs": [6]
						}
					}
				},
				"arm_upper2": {
					"rotation": {
						"0.0": {
							"vector": [0, 0, 0],
							"easing": "easeInQuint"
						},
						"0.2": {
							"vector": [-10, 0, 0],
							"easing": "easeInOutBack",
							"easingArgs": [3]
						},
						"0.4333": {
							"vector": [0, 0, 0],
							"easing": "easeInOutBack",
							"easingArgs": [6]
						}
					}
				},
				"blade_outer2": {
					"position": {
						"0.0": {
							"vector": [0, -3, 0]
						},
						"0.2": {
							"vector": [0, -3, 0]
						},
						"0.4667": {
							"vector": [0, 0, 0],
							"easing": "easeInOutBack",
							"easingArgs": [10]
						}
					}
				},
				"blade_inner2": {
					"position": {
						"0.0": {
							"vector": [0, -7, 0]
						},
						"0.2": {
							"vector": [0, -7, 0]
						},
						"0.4667": {
							"vector": [0, 0, 0],
							"easing": "easeInOutBack",
							"easingArgs": [2.5]
						}
					}
				}
			},
			"sound_effects": {
				"0.1": {
					"effect": "mantis_blade_complete"
				}
			}
		},
		"animation.model.draw": {
			"animation_length": 0.5333,
			"bones": {
				"main": {
					"position": {
						"0.0": {
							"vector": [0, 0, -5]
						},
						"0.1": {
							"vector": [0, 0, -5]
						},
						"0.4": {
							"vector": [0, 0, -5]
						},
						"0.5": {
							"vector": [0, 0, 0],
							"easing": "easeInOutQuad"
						}
					}
				},
				"rightarm": {
					"rotation": {
						"0.0": {
							"vector": [-5.51385, -24.89837, 2.3273]
						},
						"0.2333": {
							"vector": [-10.0731, 9.96013, -0.87549],
							"easing": "easeOutBack"
						},
						"0.3667": {
							"vector": [-9.95551, 5.03606, -0.00344],
							"easing": "easeOutBack",
							"easingArgs": [3]
						},
						"0.5": {
							"vector": [0, 0, 0],
							"easing": "easeInOutQuad"
						}
					},
					"position": {
						"0.0": {
							"vector": [-4, -8, 0]
						},
						"0.2333": {
							"vector": [0, 2, 0],
							"easing": "easeOutBack"
						},
						"0.3667": {
							"vector": [-0.51665, 1.48112, 2.90927],
							"easing": "easeOutBack",
							"easingArgs": [3]
						},
						"0.5": {
							"vector": [0, 0, 0],
							"easing": "easeInOutQuad"
						}
					}
				},
				"cover_top1RR": {
					"rotation": {
						"0.0": {
							"vector": [0, -60, 0]
						},
						"0.2333": {
							"vector": [0, -60, 0]
						},
						"0.3333": {
							"vector": [0, 0, 0]
						}
					}
				},
				"cover_top1RL": {
					"rotation": {
						"0.0": {
							"vector": [0, 60, 0]
						},
						"0.2333": {
							"vector": [0, 60, 0]
						},
						"0.3333": {
							"vector": [0, 0, 0]
						}
					}
				},
				"arm": {
					"rotation": {
						"0.0": {
							"vector": [-30, 0, 0]
						},
						"0.2667": {
							"vector": [-30, 0, 0]
						},
						"0.4": {
							"vector": [0, 0, 0],
							"easing": "easeOutBack"
						}
					}
				},
				"cover_top2RL": {
					"rotation": {
						"0.0": {
							"vector": [0, 45, 0]
						},
						"0.2333": {
							"vector": [0, 45, 0]
						},
						"0.3333": {
							"vector": [0, 0, 0]
						}
					}
				},
				"cover_top2RR": {
					"rotation": {
						"0.0": {
							"vector": [0, -45, 0]
						},
						"0.2333": {
							"vector": [0, -45, 0]
						},
						"0.3333": {
							"vector": [0, 0, 0]
						}
					}
				},
				"arm_upper": {
					"rotation": {
						"0.0": {
							"vector": [30, 0, 0]
						},
						"0.2667": {
							"vector": [30, 0, 0]
						},
						"0.4": {
							"vector": [0, 0, 0],
							"easing": "easeOutBack",
							"easingArgs": [4]
						}
					},
					"position": {
						"0.0": {
							"vector": [0, 0, 1]
						},
						"0.2667": {
							"vector": [0, 0, 1]
						},
						"0.4": {
							"vector": [0, 0, 0]
						}
					}
				},
				"blade_outer": {
					"position": {
						"0.0": {
							"vector": [0, -0.7, 0]
						},
						"0.2667": {
							"vector": [0, -0.7, 0]
						},
						"0.4": {
							"vector": [0, 0, 0]
						}
					}
				},
				"blade_inner": {
					"position": {
						"0.0": {
							"vector": [0, 6, 0]
						},
						"0.3333": {
							"vector": [0, 6, 0]
						},
						"0.4": {
							"vector": [0, 0, 0]
						}
					}
				},
				"cover_frontR": {
					"rotation": {
						"0.0": {
							"vector": [-20, 0, 0]
						},
						"0.2333": {
							"vector": [-20, 0, 0]
						},
						"0.2667": {
							"vector": [0, 0, 0]
						}
					},
					"position": {
						"0.0": {
							"vector": [0, 1, 0]
						},
						"0.2333": {
							"vector": [0, 1, 0]
						},
						"0.2667": {
							"vector": [0, 0, 0]
						}
					}
				},
				"cover_backR": {
					"rotation": {
						"0.0": {
							"vector": [-10, 0, 0]
						},
						"0.2333": {
							"vector": [-10, 0, 0]
						},
						"0.2667": {
							"vector": [0, 0, 0]
						}
					},
					"position": {
						"0.0": {
							"vector": [0, -2, 0]
						},
						"0.2333": {
							"vector": [0, -2, 0]
						},
						"0.2667": {
							"vector": [0, 0, 0]
						}
					}
				},
				"cover_sideRR": {
					"rotation": {
						"0.0": {
							"vector": [0, -25, 0]
						},
						"0.2333": {
							"vector": [0, -25, 0]
						},
						"0.2667": {
							"vector": [0, 0, 0]
						}
					},
					"position": {
						"0.0": {
							"vector": [0, 0, -1]
						},
						"0.2333": {
							"vector": [0, 0, -1]
						},
						"0.2667": {
							"vector": [0, 0, 0]
						}
					}
				},
				"cover_sideRL": {
					"rotation": {
						"0.0": {
							"vector": [0, 25, 0]
						},
						"0.2333": {
							"vector": [0, 25, 0]
						},
						"0.2667": {
							"vector": [0, 0, 0]
						}
					},
					"position": {
						"0.0": {
							"vector": [0, 0, -1]
						},
						"0.2333": {
							"vector": [0, 0, -1]
						},
						"0.2667": {
							"vector": [0, 0, 0]
						}
					}
				},
				"leftarm": {
					"rotation": {
						"0.0": {
							"vector": [-5.51385, 24.89837, -2.3273]
						},
						"0.2": {
							"vector": [-20.50987, -24.89704, 2.3213],
							"easing": "easeOutBack"
						},
						"0.3333": {
							"vector": [-21.4364, -18.44403, 5.41452],
							"easing": "easeOutBack",
							"easingArgs": [4]
						},
						"0.4667": {
							"vector": [0, 0, 0],
							"easing": "easeInOutSine"
						}
					},
					"position": {
						"0.0": {
							"vector": [4, -8, 0]
						},
						"0.2": {
							"vector": [0, 0, 0],
							"easing": "easeOutBack"
						},
						"0.3333": {
							"vector": [1.00233, -1.22451, 2.54871],
							"easing": "easeOutBack",
							"easingArgs": [3]
						},
						"0.4667": {
							"vector": [0, 0, 0],
							"easing": "easeInOutSine"
						}
					}
				},
				"cover_top1LR": {
					"rotation": {
						"0.0": {
							"vector": [0, -60, 0]
						},
						"0.2": {
							"vector": [0, -60, 0]
						},
						"0.3333": {
							"vector": [0, 0, 0]
						}
					}
				},
				"cover_top1LL": {
					"rotation": {
						"0.0": {
							"vector": [0, 60, 0]
						},
						"0.2": {
							"vector": [0, 60, 0]
						},
						"0.3333": {
							"vector": [0, 0, 0]
						}
					}
				},
				"arm2": {
					"rotation": {
						"0.0": {
							"vector": [-30, 0, 0]
						},
						"0.2667": {
							"vector": [-30, 0, 0]
						},
						"0.4": {
							"vector": [0, 0, 0],
							"easing": "easeOutBack"
						}
					}
				},
				"cover_top2LL": {
					"rotation": {
						"0.0": {
							"vector": [0, 45, 0]
						},
						"0.2": {
							"vector": [0, 45, 0]
						},
						"0.3333": {
							"vector": [0, 0, 0]
						}
					}
				},
				"cover_top2LR": {
					"rotation": {
						"0.0": {
							"vector": [0, -45, 0]
						},
						"0.2": {
							"vector": [0, -45, 0]
						},
						"0.3333": {
							"vector": [0, 0, 0]
						}
					}
				},
				"arm_upper2": {
					"rotation": {
						"0.0": {
							"vector": [30, 0, 0]
						},
						"0.2667": {
							"vector": [30, 0, 0]
						},
						"0.4": {
							"vector": [0, 0, 0],
							"easing": "easeOutBack",
							"easingArgs": [3]
						}
					},
					"position": {
						"0.0": {
							"vector": [0, 0, 1]
						},
						"0.2667": {
							"vector": [0, 0, 1]
						},
						"0.4": {
							"vector": [0, 0, 0]
						}
					}
				},
				"blade_outer2": {
					"position": {
						"0.0": {
							"vector": [0, -0.7, 0]
						},
						"0.2667": {
							"vector": [0, -0.7, 0]
						},
						"0.4": {
							"vector": [0, 0, 0]
						}
					}
				},
				"blade_inner2": {
					"position": {
						"0.0": {
							"vector": [0, 6, 0]
						},
						"0.3333": {
							"vector": [0, 6, 0]
						},
						"0.4": {
							"vector": [0, 0, 0]
						}
					}
				},
				"cover_frontL": {
					"rotation": {
						"0.0": {
							"vector": [-20, 0, 0]
						},
						"0.2": {
							"vector": [-20, 0, 0]
						},
						"0.2667": {
							"vector": [0, 0, 0]
						}
					},
					"position": {
						"0.0": {
							"vector": [0, 1, 0]
						},
						"0.2": {
							"vector": [0, 1, 0]
						},
						"0.2667": {
							"vector": [0, 0, 0]
						}
					}
				},
				"cover_backL": {
					"rotation": {
						"0.0": {
							"vector": [-10, 0, 0]
						},
						"0.2": {
							"vector": [-10, 0, 0]
						},
						"0.2667": {
							"vector": [0, 0, 0]
						}
					},
					"position": {
						"0.0": {
							"vector": [0, -2, 0]
						},
						"0.2": {
							"vector": [0, -2, 0]
						},
						"0.2667": {
							"vector": [0, 0, 0]
						}
					}
				},
				"cover_sideLR": {
					"rotation": {
						"0.0": {
							"vector": [0, -25, 0]
						},
						"0.2": {
							"vector": [0, -25, 0]
						},
						"0.2667": {
							"vector": [0, 0, 0]
						}
					},
					"position": {
						"0.0": {
							"vector": [0, 0, -1]
						},
						"0.2": {
							"vector": [0, 0, -1]
						},
						"0.2667": {
							"vector": [0, 0, 0]
						}
					}
				},
				"cover_sideLL": {
					"rotation": {
						"0.0": {
							"vector": [0, 25, 0]
						},
						"0.2": {
							"vector": [0, 25, 0]
						},
						"0.2667": {
							"vector": [0, 0, 0]
						}
					},
					"position": {
						"0.0": {
							"vector": [0, 0, -1]
						},
						"0.2": {
							"vector": [0, 0, -1]
						},
						"0.2667": {
							"vector": [0, 0, 0]
						}
					}
				}
			},
			"sound_effects": {
				"0.2": {
					"effect": "mantis_blade_sfx3"
				}
			}
		},
		"animation.model.inspect": {
			"loop": true,
			"animation_length": 4.5,
			"bones": {
				"main": {
					"position": {
						"0.0": {
							"vector": [0, 0, 0]
						},
						"0.2": {
							"vector": [0, 0, -5]
						},
						"4.0333": {
							"vector": [0, 0, -5]
						},
						"4.5": {
							"vector": [0, 0, 0]
						}
					}
				},
				"rightarm": {
					"rotation": {
						"0.0": {
							"vector": [0, 0, 0]
						},
						"0.2667": {
							"vector": [-38.61266, -1.09778, -30.17208],
							"easing": "easeInOutQuad"
						},
						"0.8": {
							"vector": [-38.64082, -0.47362, -29.3909],
							"easing": "easeInOutBack",
							"easingArgs": [-2]
						},
						"1.0": {
							"vector": [-38.60937, 0.85584, -31.73209],
							"easing": "easeInQuint"
						},
						"1.1667": {
							"vector": [-38.73351, 4.21466, -34.42612]
						},
						"1.6": {
							"vector": [-38.60665, 0.8537, -31.72991],
							"easing": "easeInCubic"
						},
						"1.8667": {
							"vector": [-38.61, -1.1, -30.17],
							"easing": "easeOutBack",
							"easingArgs": [2]
						},
						"2.1333": {
							"vector": [-38.64764, -1.25694, -28.76426],
							"easing": "easeInOutBack",
							"easingArgs": [-1]
						},
						"2.5": {
							"vector": [-39.41095, 10.41883, -38.21996],
							"easing": "easeInOutQuad"
						},
						"4.1": {
							"vector": [-38.93872, 6.54285, -35.02726],
							"easing": "easeInOutBack",
							"easingArgs": [-2]
						},
						"4.4667": {
							"vector": [0, 0, 0],
							"easing": "easeInOutQuad"
						}
					},
					"position": {
						"0.0": {
							"vector": [0, 0, 0]
						},
						"0.2": {
							"vector": [3, 5, 0],
							"easing": "easeInOutQuad"
						},
						"0.7333": {
							"vector": [2.91133, 4.77145, -0.15229],
							"easing": "easeInOutBack",
							"easingArgs": [-2]
						},
						"0.9333": {
							"vector": [2.45297, 4.69929, 0.78124],
							"easing": "easeInQuint"
						},
						"1.1": {
							"vector": [2.40547, 3.53494, 1.5804],
							"easing": "easeOutBack"
						},
						"1.5333": {
							"vector": [1.90299, 4.39935, 1.56124],
							"easing": "easeInBack"
						},
						"1.8": {
							"vector": [2.45298, 4.69936, 0.78127],
							"easing": "easeOutBack",
							"easingArgs": [2]
						},
						"2.0667": {
							"vector": [2.39975, 4.78644, 0.77808],
							"easing": "easeInOutBack",
							"easingArgs": [-1]
						},
						"2.4333": {
							"vector": [-9.82284, -9.35204, 3.90325],
							"easing": "easeInOutQuad"
						},
						"4.0333": {
							"vector": [-9.82, -10.35, 3.9],
							"easing": "easeInOutBack",
							"easingArgs": [-2]
						},
						"4.4": {
							"vector": [0, 0, 0],
							"easing": "easeInOutQuad"
						}
					}
				},
				"arm": {
					"rotation": {
						"0.8": {
							"vector": [0, 0, 0]
						},
						"1.0": {
							"vector": [-10, 0, 0],
							"easing": "easeInCubic"
						},
						"1.3667": {
							"vector": [-10, 0, 0],
							"easing": "easeInCubic"
						},
						"1.5667": {
							"vector": [0, 0, 0],
							"easing": "easeInCubic"
						}
					}
				},
				"arm_upper": {
					"rotation": {
						"0.8": {
							"vector": [0, 0, 0]
						},
						"1.0": {
							"vector": [10, 0, 0],
							"easing": "easeInCubic"
						},
						"1.3667": {
							"vector": [10, 0, 0],
							"easing": "easeInCubic"
						},
						"1.5667": {
							"vector": [0, 0, 0],
							"easing": "easeInCubic"
						}
					}
				},
				"blade_outer": {
					"position": {
						"0.8": {
							"vector": [0, 0, 0]
						},
						"1.0": {
							"vector": [0, 3, 0],
							"easing": "easeInCubic"
						},
						"1.3333": {
							"vector": [0, 3, 0],
							"easing": "easeInCubic"
						},
						"1.5333": {
							"vector": [0, 0, 0],
							"easing": "easeInQuart"
						}
					}
				},
				"blade_inner": {
					"position": {
						"0.8667": {
							"vector": [0, 0, 0]
						},
						"1.0667": {
							"vector": [0, 5, 0],
							"easing": "easeInCubic"
						},
						"1.4": {
							"vector": [0, 5, 0],
							"easing": "easeInCubic"
						},
						"1.6": {
							"vector": [0, 0, 0],
							"easing": "easeInQuart"
						}
					}
				},
				"leftarm": {
					"rotation": {
						"0.0": {
							"vector": [0, 0, 0]
						},
						"0.2667": {
							"vector": [-4.89255, 3.90096, -12.8799]
						},
						"2.1333": {
							"vector": [-63.74618, -27.79687, 43.39482],
							"easing": "easeInOutQuad"
						},
						"2.5": {
							"vector": [-63.74618, -27.79687, 43.39482],
							"easing": "easeInOutQuad"
						},
						"3.1667": {
							"vector": [-61.64336, -31.34752, 38.88902]
						},
						"3.6667": {
							"vector": [24.62481, -58.08898, -91.69798],
							"easing": "easeInOutQuad"
						},
						"4.1": {
							"vector": [20.23156, -57.92948, -90.88195],
							"easing": "easeInOutSine"
						},
						"4.4667": {
							"vector": [0, 0, 0],
							"easing": "easeInOutQuad"
						}
					},
					"position": {
						"0.0": {
							"vector": [0, 0, 0]
						},
						"0.2": {
							"vector": [9.08835, -17.39684, 0.86716]
						},
						"2.0667": {
							"vector": [16.09, -29.4, -9.13]
						},
						"2.4333": {
							"vector": [0, -6, -10],
							"easing": "easeInOutQuad"
						},
						"4.0333": {
							"vector": [-1, -5, -10],
							"easing": "easeInOutSine"
						},
						"4.4": {
							"vector": [0, 0, 0],
							"easing": "easeInOutQuad"
						}
					},
					"scale": {
						"0.0": {
							"vector": [1, 1, 1]
						},
						"0.2": {
							"vector": [0, 0, 0]
						},
						"2.0667": {
							"vector": [0, 0, 0]
						},
						"2.2": {
							"vector": [1, 1, 1]
						}
					}
				},
				"arm2": {
					"rotation": {
						"2.1333": {
							"vector": [0, 0, 0]
						},
						"2.3": {
							"vector": [-10, 0, 0]
						},
						"2.5": {
							"vector": [0, 0, 0]
						}
					}
				},
				"arm_upper2": {
					"rotation": {
						"2.1333": {
							"vector": [0, 0, 0]
						},
						"2.3": {
							"vector": [-10, 0, 0],
							"easing": "easeInSine"
						},
						"2.5": {
							"vector": [0, 0, 0],
							"easing": "easeInOutSine"
						}
					}
				},
				"blade_outer2": {
					"position": {
						"2.3": {
							"vector": [0, 0, 0]
						},
						"2.5667": {
							"vector": [0, -7, 0],
							"easing": "easeOutBack"
						},
						"4.0": {
							"vector": [0, -7, 0]
						},
						"4.4667": {
							"vector": [0, 0, 0],
							"easing": "easeInOutBack"
						}
					}
				},
				"blade_inner2": {
					"position": {
						"2.3": {
							"vector": [0, 0, 0]
						},
						"2.5667": {
							"vector": [0, -7, 0],
							"easing": "easeOutBack"
						},
						"4.0": {
							"vector": [0, -7, 0]
						},
						"4.4667": {
							"vector": [0, 0, 0],
							"easing": "easeInOutBack"
						}
					}
				}
			},
			"sound_effects": {
				"0.8667": {
					"effect": "mantis_blade_sfx4"
				},
				"1.4": {
					"effect": "mantis_blade_sfx3"
				},
				"2.2333": {
					"effect": "mantis_blade_sfx2"
				},
				"4.1": {
					"effect": "mantis_blade_sfx5"
				}
			}
		}
	},
	"geckolib_format_version": 2
}