{
	"format_version": "1.8.0",
	"animations": {
		"animation.model.reload": {
			"loop": true,
			"animation_length": 2.25,
			"bones": {
				"main": {
					"rotation": {
						"0.0": {
							"vector": [0, 0, 0]
						},
						"0.375": {
							"vector": [-33.72455, -45.31243, -4.51575],
							"easing": "easeInOutBack",
							"easingArgs": [1]
						},
						"0.75": {
							"vector": [-37.62527, -42.39132, 1.1129],
							"easing": "easeInElastic",
							"easingArgs": [3]
						},
						"0.875": {
							"vector": [-37.63, -42.39, 1.11]
						},
						"1.0417": {
							"vector": [-15.13, -42.39, 1.11]
						},
						"1.2083": {
							"vector": [-36.98802, -7.39459, 0.82667],
							"easing": "easeInBack"
						},
						"1.3333": {
							"vector": [-36.99, -7.39, 0.83]
						},
						"1.625": {
							"vector": [0, 0, 5],
							"easing": "easeOutBack",
							"easingArgs": [4]
						},
						"1.875": {
							"vector": [0, 0, 0],
							"easing": "easeInElastic",
							"easingArgs": [2]
						}
					},
					"position": {
						"0.0": {
							"vector": [0, 0, 0]
						},
						"0.375": {
							"vector": [2, 2, 0],
							"easing": "linear"
						},
						"0.75": {
							"vector": [2, 2, 0]
						},
						"0.875": {
							"vector": [2, 2, 0]
						},
						"1.2083": {
							"vector": [-1, 6, 0],
							"easing": "easeInQuad"
						},
						"1.3333": {
							"vector": [-1, 6, 0]
						},
						"1.5417": {
							"vector": [0, 0, 0],
							"easing": "easeOutBack",
							"easingArgs": [4]
						},
						"1.8333": {
							"vector": [0, 0, 0]
						},
						"1.9167": {
							"vector": [0, 0, 0.75]
						},
						"2.0": {
							"vector": [0, 0, 0]
						}
					}
				},
				"gun": {
					"rotation": {
						"0.875": {
							"vector": [0, 0, 0]
						},
						"1.4167": {
							"vector": [0, 0, 0]
						},
						"1.625": {
							"vector": [0, 0, 0]
						}
					},
					"position": {
						"0.0": {
							"vector": [0, 0, 0]
						},
						"0.1667": {
							"vector": [0, -3, 1]
						},
						"0.875": {
							"vector": [0, -3, 1]
						},
						"1.4167": {
							"vector": [0, -3, 1]
						},
						"1.625": {
							"vector": [0, 0, 0]
						}
					}
				},
				"barrel": {
					"rotation": {
						"0.875": {
							"vector": [0, 0, 0]
						},
						"1.75": {
							"vector": [0, 0, 0]
						}
					},
					"position": {
						"0.0": {
							"vector": [0, 0, 0]
						},
						"0.1667": {
							"vector": [0, 0, 3],
							"easing": "easeOutExpo"
						},
						"0.875": {
							"vector": [0, 0, 3]
						},
						"1.75": {
							"vector": [0, 0, 3]
						},
						"1.8333": {
							"vector": [0, 0, 0],
							"easing": "easeInQuad"
						}
					}
				},
				"cover1L": {
					"rotation": {
						"0.0": {
							"vector": [0, 0, 0]
						},
						"0.1667": {
							"vector": [0, 55, 0]
						},
						"0.5": {
							"vector": [0, 55, 0]
						},
						"0.5833": {
							"vector": [7.5, 55, 0]
						},
						"0.6667": {
							"vector": [0, 55, 0]
						},
						"0.75": {
							"vector": [-7.5, 55, 0]
						},
						"0.8333": {
							"vector": [0, 55, 0]
						},
						"0.875": {
							"vector": [0, 55, 0]
						},
						"1.4167": {
							"vector": [0, 55, 0]
						},
						"1.625": {
							"vector": [0, 0, 0]
						}
					},
					"position": {
						"0.0": {
							"vector": [0, 0, 0]
						},
						"0.0833": {
							"vector": [-0.65214, 0.01591, 0.20026]
						},
						"0.1667": {
							"vector": [-1.3, 0, 1.4]
						},
						"0.5": {
							"vector": [-1.3, 0, 1.4]
						},
						"0.5833": {
							"vector": [-1.3, 0, -0.35]
						},
						"0.6667": {
							"vector": [-1.3, 0, -0.85]
						},
						"0.75": {
							"vector": [-1.3, 0, -0.35]
						},
						"0.8333": {
							"vector": [-1.3, 0, 1.4]
						},
						"0.875": {
							"vector": [-1.3, 0, 1.4]
						},
						"1.4167": {
							"vector": [-1.3, 0, 1.4]
						},
						"1.5": {
							"vector": [-0.87, 0, -0.32]
						},
						"1.625": {
							"vector": [0, 0, 0]
						}
					}
				},
				"cover1R": {
					"rotation": {
						"0.0": {
							"vector": [0, 0, 0]
						},
						"0.1667": {
							"vector": [0, -55, 0]
						},
						"0.5": {
							"vector": [0, -55, 0]
						},
						"0.5833": {
							"vector": [7.5, -55, 0]
						},
						"0.6667": {
							"vector": [0, -55, 0]
						},
						"0.75": {
							"vector": [-7.5, -55, 0]
						},
						"0.8333": {
							"vector": [0, -55, 0]
						},
						"0.875": {
							"vector": [0, -55, 0]
						},
						"1.4167": {
							"vector": [0, -55, 0]
						},
						"1.625": {
							"vector": [0, 0, 0]
						}
					},
					"position": {
						"0.0": {
							"vector": [0, 0, 0]
						},
						"0.0833": {
							"vector": [0.64786, 0.01591, 0.20026]
						},
						"0.1667": {
							"vector": [1.3, 0, 1.4]
						},
						"0.5": {
							"vector": [1.3, 0, 1.4]
						},
						"0.5833": {
							"vector": [1.3, 0, -0.35]
						},
						"0.6667": {
							"vector": [1.3, 0, -0.85]
						},
						"0.75": {
							"vector": [1.3, 0, -0.35]
						},
						"0.8333": {
							"vector": [1.3, 0, 1.4]
						},
						"0.875": {
							"vector": [1.3, 0, 1.4]
						},
						"1.4167": {
							"vector": [1.3, 0, 1.4]
						},
						"1.5": {
							"vector": [0.87, 0, -0.32]
						},
						"1.625": {
							"vector": [0, 0, 0]
						}
					}
				},
				"cover2L": {
					"rotation": {
						"0.0": {
							"vector": [0, 0, 0]
						},
						"0.1667": {
							"vector": [0, 20, -5]
						},
						"0.2917": {
							"vector": [0, 20, -5]
						},
						"0.375": {
							"vector": [0, 12.5, 2.5]
						},
						"0.4583": {
							"vector": [0, 5, -5]
						},
						"0.5417": {
							"vector": [0, 12.5, -12.5]
						},
						"0.625": {
							"vector": [0, 20, -5]
						},
						"1.2917": {
							"vector": [0, 20, -5]
						},
						"1.4167": {
							"vector": [0, 0, 0]
						}
					},
					"position": {
						"0.0": {
							"vector": [0, 0, 0]
						},
						"0.1667": {
							"vector": [-2.5, -1, 0.1]
						},
						"0.2917": {
							"vector": [-2.5, -1.1, 0.1]
						},
						"0.375": {
							"vector": [-0.75, -1, 0.1]
						},
						"0.4583": {
							"vector": [-0.25, -1, 0.1]
						},
						"0.5417": {
							"vector": [-0.75, -1, 0.1]
						},
						"0.625": {
							"vector": [-2.5, -1.1, 0.1]
						},
						"1.2917": {
							"vector": [-2.5, -1.1, 0.1]
						},
						"1.4167": {
							"vector": [0, 0, 0]
						}
					}
				},
				"cover2R": {
					"rotation": {
						"0.0": {
							"vector": [0, 0, 0]
						},
						"0.1667": {
							"vector": [0, -20, 7.5]
						},
						"0.2917": {
							"vector": [0, -20, 7.5]
						},
						"0.375": {
							"vector": [0, -12.5, 0]
						},
						"0.4583": {
							"vector": [0, -5, 7.5]
						},
						"0.5417": {
							"vector": [0, -12.5, 15]
						},
						"0.625": {
							"vector": [0, -20, 7.5]
						},
						"1.2917": {
							"vector": [0, -20, 7.5]
						},
						"1.4167": {
							"vector": [0, 0, 0]
						}
					},
					"position": {
						"0.0": {
							"vector": [0, 0, 0]
						},
						"0.1667": {
							"vector": [2.7, -1.1, 0.1]
						},
						"0.2917": {
							"vector": [2.7, -1.1, 0.1]
						},
						"0.375": {
							"vector": [0.95, -1, 0.1]
						},
						"0.4583": {
							"vector": [0.45, -1, 0.1]
						},
						"0.5417": {
							"vector": [0.95, -1, 0.1]
						},
						"0.625": {
							"vector": [2.7, -1.1, 0.1]
						},
						"1.2917": {
							"vector": [2.7, -1.1, 0.1]
						},
						"1.4167": {
							"vector": [0, 0, 0]
						}
					}
				},
				"cover2L2": {
					"rotation": {
						"0.0": {
							"vector": [0, 0, 0]
						},
						"0.1667": {
							"vector": [-20, -20, -5],
							"easing": "easeInExpo"
						},
						"0.375": {
							"vector": [-20, -20, -5],
							"easing": "easeInExpo"
						},
						"0.4583": {
							"vector": [-20, -20, 5]
						},
						"0.5417": {
							"vector": [-20, -20, 0]
						},
						"0.625": {
							"vector": [-20, -20, -15]
						},
						"0.7083": {
							"vector": [-20, -20, -5],
							"easing": "linear"
						},
						"1.4167": {
							"vector": [-20, -20, -5],
							"easing": "linear"
						},
						"1.8333": {
							"vector": [0, 0, 0],
							"easing": "easeInQuint"
						}
					},
					"position": {
						"0.0": {
							"vector": [0, 0, 0]
						},
						"0.1667": {
							"vector": [-3.025, -2.675, 0.1]
						},
						"0.375": {
							"vector": [-3.025, -2.675, 0.1]
						},
						"0.4583": {
							"vector": [-1, -2.6, 0.1]
						},
						"0.5417": {
							"vector": [0, -2.6, 0.1]
						},
						"0.625": {
							"vector": [-0.5, -2.6, 0.1]
						},
						"0.7083": {
							"vector": [-3.025, -2.675, 0.1]
						},
						"1.2917": {
							"vector": [-3.025, -2.675, 0.1]
						},
						"1.4167": {
							"vector": [-3.025, -2.675, 0.1]
						},
						"1.625": {
							"vector": [0.07, -2.52, 0.1],
							"easing": "easeInQuint"
						},
						"1.8333": {
							"vector": [0, 0, 0],
							"easing": "easeInQuint"
						}
					}
				},
				"cover2R2": {
					"rotation": {
						"0.0": {
							"vector": [0, 0, 0]
						},
						"0.1667": {
							"vector": [-20.03327, 19.77161, 7.72198],
							"easing": "easeInExpo"
						},
						"0.375": {
							"vector": [-20.03327, 19.77161, 7.72198],
							"easing": "easeInExpo"
						},
						"0.4583": {
							"vector": [-19.99311, 19.7693, -2.2781]
						},
						"0.5417": {
							"vector": [-20.01324, 19.76958, 2.72194]
						},
						"0.625": {
							"vector": [-20.07243, 19.78086, 17.72205]
						},
						"0.7083": {
							"vector": [-20.03327, 19.77161, 7.72198],
							"easing": "linear"
						},
						"1.4167": {
							"vector": [-20.03327, 19.77161, 7.72198],
							"easing": "linear"
						},
						"1.8333": {
							"vector": [0, 0, 0],
							"easing": "easeInQuint"
						}
					},
					"position": {
						"0.0": {
							"vector": [0, 0, 0]
						},
						"0.1667": {
							"vector": [3.03, -2.685, 0.11]
						},
						"0.375": {
							"vector": [3.03, -2.685, 0.11]
						},
						"0.4583": {
							"vector": [0.98, -2.66, 0.11]
						},
						"0.5417": {
							"vector": [-0.02, -2.66, 0.11]
						},
						"0.625": {
							"vector": [0.48, -2.66, 0.11]
						},
						"0.7083": {
							"vector": [3.03, -2.685, 0.11]
						},
						"1.2917": {
							"vector": [3.03, -2.685, 0.11]
						},
						"1.4167": {
							"vector": [3.03, -2.685, 0.11]
						},
						"1.625": {
							"vector": [-0.11, -2.58, 0.11],
							"easing": "easeInQuint"
						},
						"1.8333": {
							"vector": [0, 0, 0],
							"easing": "easeInQuint"
						}
					}
				}
			},
			"sound_effects": {
				"0.375": {
					"effect": "pls_reload1"
				},
				"1.3333": {
					"effect": "pls_reload2"
				}
			}
		},
		"animation.model.fire": {
			"loop": true,
			"animation_length": 0.5,
			"bones": {
				"main": {
					"position": {
						"0.0": {
							"vector": [0, 0, 0]
						},
						"0.0833": {
							"vector": [0, -0.5, 6]
						},
						"0.3333": {
							"vector": [0, 0, 0]
						}
					}
				},
				"gun": {
					"position": {
						"0.0": {
							"vector": [0, 0, 0]
						},
						"0.0833": {
							"vector": [0, 0, 0]
						},
						"0.1667": {
							"vector": [0, -0.75, 1]
						},
						"0.3333": {
							"vector": [0, 0, 0]
						}
					}
				},
				"barrel": {
					"position": {
						"0.0": {
							"vector": [0, 0, 0]
						},
						"0.0833": {
							"vector": [0, 0, 3]
						},
						"0.25": {
							"vector": [0, 0, 3]
						},
						"0.3333": {
							"vector": [0, 0, 0]
						}
					}
				},
				"cover1L": {
					"rotation": {
						"0.0833": {
							"vector": [0, 0, 0]
						},
						"0.1667": {
							"vector": [0, 45, 0]
						},
						"0.3333": {
							"vector": [0, 0, 0]
						}
					},
					"position": {
						"0.0833": {
							"vector": [0, 0, 0]
						},
						"0.1667": {
							"vector": [-0.5, 0, 0.5]
						},
						"0.3333": {
							"vector": [0, 0, 0]
						}
					}
				},
				"cover1R": {
					"rotation": {
						"0.0833": {
							"vector": [0, 0, 0]
						},
						"0.1667": {
							"vector": [0, -45, 0]
						},
						"0.3333": {
							"vector": [0, 0, 0]
						}
					},
					"position": {
						"0.0833": {
							"vector": [0, 0, 0]
						},
						"0.1667": {
							"vector": [0.5, 0, 0.5]
						},
						"0.3333": {
							"vector": [0, 0, 0]
						}
					}
				},
				"cover2L": {
					"rotation": {
						"0.0": {
							"vector": [0, 0, 0]
						},
						"0.0833": {
							"vector": [0, 0, 22.5]
						},
						"0.1667": {
							"vector": [0, 20, -5]
						},
						"0.3333": {
							"vector": [0, 0, 0]
						}
					},
					"position": {
						"0.0": {
							"vector": [0, 0, 0]
						},
						"0.0833": {
							"vector": [2, -3, 0]
						},
						"0.1667": {
							"vector": [-1.75, -1, 0]
						},
						"0.3333": {
							"vector": [0, 0, 0]
						}
					}
				},
				"cover2R": {
					"rotation": {
						"0.0": {
							"vector": [0, 0, 0]
						},
						"0.0833": {
							"vector": [0, 0, -22.5]
						},
						"0.1667": {
							"vector": [0, -20, 7.5]
						},
						"0.3333": {
							"vector": [0, 0, 0]
						}
					},
					"position": {
						"0.0": {
							"vector": [0, 0, 0]
						},
						"0.0833": {
							"vector": [-2, -3.25, 0]
						},
						"0.1667": {
							"vector": [1.95, -1, 0]
						},
						"0.3333": {
							"vector": [0, 0, 0]
						}
					}
				},
				"cover2L2": {
					"rotation": {
						"0.0": {
							"vector": [0, 0, 0]
						},
						"0.0833": {
							"vector": [35.91846, -4.11959, 2.97924]
						},
						"0.3333": {
							"vector": [0, 0, 0],
							"easing": "easeInOutBack",
							"easingArgs": [2]
						}
					},
					"position": {
						"0.0": {
							"vector": [0, 0, 0]
						},
						"0.0833": {
							"vector": [0.25, 3, 0]
						},
						"0.3333": {
							"vector": [0, 0, 0],
							"easing": "easeInOutBack",
							"easingArgs": [2]
						}
					}
				},
				"cover2R2": {
					"rotation": {
						"0.0": {
							"vector": [0, 0, 0]
						},
						"0.0833": {
							"vector": [35.91846, 4.11959, -2.97924]
						},
						"0.3333": {
							"vector": [0, 0, 0],
							"easing": "easeInOutBack",
							"easingArgs": [2]
						}
					},
					"position": {
						"0.0": {
							"vector": [0, 0, 0]
						},
						"0.0833": {
							"vector": [0, 3, 0]
						},
						"0.3333": {
							"vector": [0, 0, 0],
							"easing": "easeInOutBack",
							"easingArgs": [2]
						}
					}
				}
			}
		},
		"animation.model.inspect": {
			"loop": true,
			"animation_length": 7,
			"bones": {
				"main": {
					"rotation": {
						"0.0": {
							"vector": [0, 0, 0]
						},
						"0.125": {
							"vector": [-1.31166, 1.10094, 6.83329]
						},
						"0.4583": {
							"vector": [-70.60268, -30.71849, 60.83085],
							"easing": "easeInCubic"
						},
						"0.625": {
							"vector": [-71.47738, -25.99085, 62.67565],
							"easing": "easeInBack",
							"easingArgs": [1]
						},
						"1.0": {
							"vector": [-71.48, -25.99, 62.68]
						},
						"1.25": {
							"vector": [-73.04832, -11.69405, 67.4958],
							"easing": "easeInSine"
						},
						"1.5833": {
							"vector": [-73.05, -11.69, 67.5]
						},
						"2.3333": {
							"vector": [-73.05, -11.69, 67.5]
						},
						"2.7083": {
							"vector": [-28.68995, -53.6713, 47.13633]
						},
						"3.0417": {
							"vector": [-37.42817, -51.49697, 16.51904]
						},
						"3.5": {
							"vector": [-37.4299, -51.49604, 16.52042]
						},
						"3.8333": {
							"vector": [-22.03, -57.77, -2.28]
						},
						"4.1667": {
							"vector": [-22.03, -57.77, -2.28]
						},
						"5.25": {
							"vector": [-22.03, -57.77, -2.28]
						},
						"5.5": {
							"vector": [-61.42404, -69.86463, 27.39988],
							"easing": "easeOutSine"
						},
						"5.75": {
							"vector": [-17.96378, -41.895, 5.16314],
							"easing": "easeInCubic"
						},
						"6.25": {
							"vector": [-2.76497, -43.52242, -10.0671],
							"easing": "easeInOutElastic",
							"easingArgs": [4]
						},
						"6.5": {
							"vector": [26.39218, -18.05776, -8.74472],
							"easing": "easeOutCubic"
						},
						"6.75": {
							"vector": [0, 0, 0],
							"easing": "easeInOutCubic"
						}
					},
					"position": {
						"0.0": {
							"vector": [0, 0, 0]
						},
						"0.3333": {
							"vector": [9, 10, -3],
							"easing": "easeInSine"
						},
						"0.625": {
							"vector": [9, 8, -3],
							"easing": "easeOutBack",
							"easingArgs": [2]
						},
						"1.0": {
							"vector": [9, 8, -3]
						},
						"1.3333": {
							"vector": [9, 10, -3],
							"easing": "easeOutSine"
						},
						"1.5833": {
							"vector": [9, 10, -3]
						},
						"1.7917": {
							"vector": [8.5, 9.5, -3],
							"easing": "easeInCubic"
						},
						"2.0417": {
							"vector": [8.5, 9.5, -3],
							"easing": "easeInCubic"
						},
						"2.3333": {
							"vector": [9, 10, -3],
							"easing": "easeInCubic"
						},
						"2.5833": {
							"vector": [9, 4, -3]
						},
						"2.9583": {
							"vector": [9, 7, -3]
						},
						"3.5": {
							"vector": [9, 7, -3]
						},
						"3.9167": {
							"vector": [9, 8, -3]
						},
						"4.1667": {
							"vector": [9, 8, -3]
						},
						"4.2917": {
							"vector": [9, 8, -3]
						},
						"4.375": {
							"vector": [9.25, 8.25, -3]
						},
						"4.4583": {
							"vector": [9, 8, -3]
						},
						"5.0833": {
							"vector": [9, 8, -3]
						},
						"5.1667": {
							"vector": [8.5, 7.5, -3]
						},
						"5.25": {
							"vector": [9, 8, -3]
						},
						"5.5": {
							"vector": [12, 11, -6],
							"easing": "easeOutSine"
						},
						"5.75": {
							"vector": [1, 0, -4],
							"easing": "easeInCubic"
						},
						"6.25": {
							"vector": [1, 0, -4],
							"easing": "easeInOutElastic",
							"easingArgs": [2]
						},
						"6.5": {
							"vector": [-1, -5, -4],
							"easing": "easeOutCubic"
						},
						"6.75": {
							"vector": [0, 0, 0],
							"easing": "easeInOutCubic"
						}
					}
				},
				"gun": {
					"position": {
						"0.0": {
							"vector": [0, 0, 0]
						},
						"5.3333": {
							"vector": [0, 0, 0]
						},
						"5.4583": {
							"vector": [0, -3, 1]
						},
						"6.25": {
							"vector": [0, -3, 1]
						},
						"6.5": {
							"vector": [0, 0, 0],
							"easing": "easeInQuad"
						}
					}
				},
				"barrel": {
					"rotation": {
						"1.5": {
							"vector": [0, 0, 0]
						},
						"5.2083": {
							"vector": [0, 0, 0]
						}
					},
					"position": {
						"1.5": {
							"vector": [0, 0, 0]
						},
						"1.6667": {
							"vector": [0, 0, 3],
							"easing": "easeInQuad"
						},
						"2.0": {
							"vector": [0, 0, 3]
						},
						"2.1667": {
							"vector": [0, 0, 0],
							"easing": "easeInQuad"
						},
						"5.2083": {
							"vector": [0, 0, 0]
						},
						"5.3333": {
							"vector": [0, 0, 3]
						},
						"6.625": {
							"vector": [0, 0, 3]
						},
						"6.7917": {
							"vector": [0, 0, 0],
							"easing": "easeInQuad"
						}
					}
				},
				"cover1L": {
					"rotation": {
						"1.5417": {
							"vector": [0, 0, 0]
						},
						"1.7083": {
							"vector": [0, 25, 0],
							"easing": "easeInQuad"
						},
						"2.0417": {
							"vector": [0, 25, 0]
						},
						"2.2083": {
							"vector": [0, 0, 0],
							"easing": "easeInQuad"
						},
						"4.25": {
							"vector": [0, 0, 0]
						},
						"4.4167": {
							"vector": [0, -20, 0],
							"easing": "easeInQuad"
						},
						"4.7917": {
							"vector": [0, -20, 0],
							"easing": "easeInQuad"
						},
						"4.9583": {
							"vector": [0, 0, 0],
							"easing": "easeInQuad"
						},
						"5.375": {
							"vector": [0, 0, 0]
						},
						"5.75": {
							"vector": [0, 55, 0]
						},
						"6.25": {
							"vector": [0, 55, 0],
							"easing": "easeInOutBounce",
							"easingArgs": [1]
						},
						"6.4167": {
							"vector": [0, 0, 0],
							"easing": "easeInQuad"
						}
					},
					"position": {
						"1.5417": {
							"vector": [0, 0, 0]
						},
						"1.7083": {
							"vector": [-0.75, 0, 0],
							"easing": "easeInQuad"
						},
						"2.0417": {
							"vector": [-0.75, 0, 0]
						},
						"2.2083": {
							"vector": [0, 0, 0],
							"easing": "easeInQuad"
						},
						"4.25": {
							"vector": [0, 0, 0]
						},
						"4.4167": {
							"vector": [1, 0, 0],
							"easing": "easeInQuad"
						},
						"4.7917": {
							"vector": [1, 0, 0],
							"easing": "easeInQuad"
						},
						"4.9583": {
							"vector": [0, 0, 0],
							"easing": "easeInQuad"
						},
						"5.375": {
							"vector": [0, 0, 0]
						},
						"5.7083": {
							"vector": [-0.97, 0, 0.8]
						},
						"5.75": {
							"vector": [-1.3, 0, 1.4]
						},
						"6.25": {
							"vector": [-1.3, 0, 1.4],
							"easing": "easeInOutBounce",
							"easingArgs": [1]
						},
						"6.3333": {
							"vector": [-1.16, 0, 0.24]
						},
						"6.4167": {
							"vector": [0, 0, 0],
							"easing": "easeInQuad"
						}
					}
				},
				"cover1R": {
					"rotation": {
						"1.5417": {
							"vector": [0, 0, 0]
						},
						"1.7083": {
							"vector": [0, -25, 0],
							"easing": "easeInQuad"
						},
						"2.0417": {
							"vector": [0, -25, 0]
						},
						"2.2083": {
							"vector": [0, 0, 0],
							"easing": "easeInQuad"
						},
						"4.25": {
							"vector": [0, 0, 0]
						},
						"4.4167": {
							"vector": [0, 20, 0],
							"easing": "easeInQuad"
						},
						"4.7917": {
							"vector": [0, 20, 0],
							"easing": "easeInQuad"
						},
						"4.9583": {
							"vector": [0, 0, 0],
							"easing": "easeInQuad"
						},
						"5.375": {
							"vector": [0, 0, 0]
						},
						"5.75": {
							"vector": [0, -55, 0]
						},
						"6.25": {
							"vector": [0, -55, 0],
							"easing": "easeInOutBounce",
							"easingArgs": [1]
						},
						"6.4167": {
							"vector": [0, 0, 0],
							"easing": "easeInQuad"
						}
					},
					"position": {
						"1.5417": {
							"vector": [0, 0, 0]
						},
						"1.7083": {
							"vector": [0.75, 0, 0],
							"easing": "easeInQuad"
						},
						"2.0417": {
							"vector": [0.75, 0, 0]
						},
						"2.2083": {
							"vector": [0, 0, 0],
							"easing": "easeInQuad"
						},
						"4.25": {
							"vector": [0, 0, 0]
						},
						"4.4167": {
							"vector": [-1, 0, 0],
							"easing": "easeInQuad"
						},
						"4.7917": {
							"vector": [-1, 0, 0],
							"easing": "easeInQuad"
						},
						"4.9583": {
							"vector": [0, 0, 0],
							"easing": "easeInQuad"
						},
						"5.375": {
							"vector": [0, 0, 0]
						},
						"5.7083": {
							"vector": [0.97, 0, 0.8]
						},
						"5.75": {
							"vector": [1.3, 0, 1.4]
						},
						"6.25": {
							"vector": [1.3, 0, 1.4],
							"easing": "easeInOutBounce",
							"easingArgs": [1]
						},
						"6.3333": {
							"vector": [1.16, 0, 0.24]
						},
						"6.4167": {
							"vector": [0, 0, 0],
							"easing": "easeInQuad"
						}
					}
				},
				"cover2L": {
					"rotation": {
						"1.625": {
							"vector": [0, 0, 0]
						},
						"1.7917": {
							"vector": [0, 5, -5],
							"easing": "easeInQuad"
						},
						"2.125": {
							"vector": [0, 5, -5]
						},
						"2.2917": {
							"vector": [0, 0, 0],
							"easing": "easeInQuad"
						},
						"4.1667": {
							"vector": [0, 0, 0]
						},
						"4.3333": {
							"vector": [0, 0, 12.5],
							"easing": "easeInQuad"
						},
						"5.0": {
							"vector": [0, 0, 12.5]
						},
						"5.1667": {
							"vector": [0, 0, 0],
							"easing": "easeInQuad"
						},
						"5.375": {
							"vector": [0, 0, 0]
						},
						"5.75": {
							"vector": [0, 20, -5]
						},
						"6.25": {
							"vector": [0, 20, -5],
							"easing": "easeInOutBounce",
							"easingArgs": [1]
						},
						"6.4167": {
							"vector": [0, 0, 0],
							"easing": "easeInQuad"
						}
					},
					"position": {
						"1.625": {
							"vector": [0, 0, 0]
						},
						"1.7917": {
							"vector": [-1, -1, 0],
							"easing": "easeInQuad"
						},
						"2.125": {
							"vector": [-1, -1, 0]
						},
						"2.2917": {
							"vector": [0, 0, 0],
							"easing": "easeInQuad"
						},
						"4.1667": {
							"vector": [0, 0, 0]
						},
						"4.3333": {
							"vector": [1, -3, 0],
							"easing": "easeInQuad"
						},
						"5.0": {
							"vector": [1, -3, 0]
						},
						"5.1667": {
							"vector": [0, 0, 0],
							"easing": "easeInQuad"
						},
						"5.375": {
							"vector": [0, 0, 0]
						},
						"5.75": {
							"vector": [-2.5, -1.1, 0.1]
						},
						"6.25": {
							"vector": [-2.5, -1.1, 0.1],
							"easing": "linear"
						},
						"6.4167": {
							"vector": [0, 0, 0],
							"easing": "easeInQuad"
						}
					}
				},
				"cover2R": {
					"rotation": {
						"1.625": {
							"vector": [0, 0, 0]
						},
						"1.7917": {
							"vector": [0, -5, 5],
							"easing": "easeInQuad"
						},
						"2.125": {
							"vector": [0, -5, 5]
						},
						"2.2917": {
							"vector": [0, 0, 0],
							"easing": "easeInQuad"
						},
						"4.1667": {
							"vector": [0, 0, 0]
						},
						"4.3333": {
							"vector": [0, 0, -12.5],
							"easing": "easeInQuad"
						},
						"5.0": {
							"vector": [0, 0, -12.5]
						},
						"5.1667": {
							"vector": [0, 0, 0],
							"easing": "easeInQuad"
						},
						"5.375": {
							"vector": [0, 0, 0]
						},
						"5.75": {
							"vector": [0, -20, 7.5]
						},
						"6.25": {
							"vector": [0, -20, 7.5],
							"easing": "easeInOutBounce",
							"easingArgs": [1]
						},
						"6.4167": {
							"vector": [0, 0, 0],
							"easing": "easeInQuad"
						}
					},
					"position": {
						"1.625": {
							"vector": [0, 0, 0]
						},
						"1.7917": {
							"vector": [1, -1, 0],
							"easing": "easeInQuad"
						},
						"2.125": {
							"vector": [1, -1, 0]
						},
						"2.2917": {
							"vector": [0, 0, 0],
							"easing": "easeInQuad"
						},
						"4.1667": {
							"vector": [0, 0, 0]
						},
						"4.3333": {
							"vector": [-1, -3, 0],
							"easing": "easeInQuad"
						},
						"5.0": {
							"vector": [-1, -3, 0]
						},
						"5.1667": {
							"vector": [0, 0, 0],
							"easing": "easeInQuad"
						},
						"5.375": {
							"vector": [0, 0, 0]
						},
						"5.75": {
							"vector": [2.75, -1.1, 0.1]
						},
						"6.25": {
							"vector": [2.75, -1, 0.1],
							"easing": "easeInOutBounce",
							"easingArgs": [1]
						},
						"6.4167": {
							"vector": [0, 0, 0],
							"easing": "easeInQuad"
						}
					}
				},
				"cover2L2": {
					"rotation": {
						"1.5": {
							"vector": [0, 0, 0]
						},
						"1.5833": {
							"vector": [-8.1323, -1.41308, -10.52063]
						},
						"1.6667": {
							"vector": [-20.28386, -14.94677, -1.29761],
							"easing": "easeInQuad"
						},
						"2.0": {
							"vector": [-20.28386, -14.94677, -1.29761],
							"easing": "easeInQuad"
						},
						"2.0833": {
							"vector": [-13.75564, -12.17377, 9.08621]
						},
						"2.1667": {
							"vector": [0, 0, 0]
						},
						"4.2917": {
							"vector": [0, 0, 0]
						},
						"4.5417": {
							"vector": [50, 0, 0],
							"easing": "easeInCubic"
						},
						"4.8333": {
							"vector": [50, 0, 0],
							"easing": "easeInCubic"
						},
						"5.0833": {
							"vector": [0, 0, 0],
							"easing": "easeInSine"
						},
						"5.2083": {
							"vector": [0, 0, 0]
						},
						"5.5417": {
							"vector": [0, 0, 25],
							"easing": "easeOutCubic"
						},
						"5.75": {
							"vector": [-20, -20, -5]
						},
						"6.1667": {
							"vector": [-20, -20, -5]
						},
						"6.4167": {
							"vector": [0, 0, 0],
							"easing": "easeInCubic"
						}
					},
					"position": {
						"1.5": {
							"vector": [0.25, 0, 0]
						},
						"1.6667": {
							"vector": [-1.85, -2, 0.5],
							"easing": "easeInQuad"
						},
						"2.0": {
							"vector": [-1.85, -2, 0.5],
							"easing": "easeInQuad"
						},
						"2.1667": {
							"vector": [0.25, 0, 0]
						},
						"4.2917": {
							"vector": [0, 0, 0]
						},
						"4.4167": {
							"vector": [0, 0.63, -1.12]
						},
						"4.5417": {
							"vector": [0, 5, -1],
							"easing": "linear"
						},
						"4.8333": {
							"vector": [0, 5, -1],
							"easing": "linear"
						},
						"4.9583": {
							"vector": [0, 3.54, -1.21]
						},
						"5.0833": {
							"vector": [0, 0, 0],
							"easing": "easeInSine"
						},
						"5.2083": {
							"vector": [0, 0, 0]
						},
						"5.5417": {
							"vector": [0, -3, 0],
							"easing": "easeOutCubic"
						},
						"5.75": {
							"vector": [-3, -2.7, 0.1]
						},
						"6.1667": {
							"vector": [-3, -2.7, 0.1]
						},
						"6.4167": {
							"vector": [0, 0, 0],
							"easing": "easeInCubic"
						}
					}
				},
				"cover2R2": {
					"rotation": {
						"1.5": {
							"vector": [0, 0, 0]
						},
						"1.5833": {
							"vector": [-8.1323, 1.41308, 10.52063]
						},
						"1.6667": {
							"vector": [-20.28386, 14.94677, 1.29761],
							"easing": "easeInQuad"
						},
						"2.0": {
							"vector": [-20.28386, 14.94677, 1.29761],
							"easing": "easeInQuad"
						},
						"2.0833": {
							"vector": [-13.75564, 12.17377, -9.08621]
						},
						"2.1667": {
							"vector": [0, 0, 0],
							"easing": "easeInQuad"
						},
						"4.2917": {
							"vector": [0, 0, 0]
						},
						"4.5417": {
							"vector": [50, 0, 0],
							"easing": "easeInCubic"
						},
						"4.8333": {
							"vector": [50, 0, 0],
							"easing": "easeInCubic"
						},
						"5.0833": {
							"vector": [0, 0, 0],
							"easing": "easeInSine"
						},
						"5.2083": {
							"vector": [0, 0, 0]
						},
						"5.5417": {
							"vector": [0, 0, -25],
							"easing": "easeOutCubic"
						},
						"5.75": {
							"vector": [-20.16707, 19.78215, 7.35064]
						},
						"6.1667": {
							"vector": [-20.17, 19.78, 7.35]
						},
						"6.4167": {
							"vector": [0, 0, 0],
							"easing": "easeInCubic"
						}
					},
					"position": {
						"1.5": {
							"vector": [0, 0, 0]
						},
						"1.6667": {
							"vector": [1.75, -2, 0.5],
							"easing": "easeInQuad"
						},
						"2.0": {
							"vector": [1.75, -2, 0.5],
							"easing": "easeInQuad"
						},
						"2.1667": {
							"vector": [0, 0, 0],
							"easing": "easeInQuad"
						},
						"4.2917": {
							"vector": [0, 0, 0]
						},
						"4.4167": {
							"vector": [0, 0.63, -1.12]
						},
						"4.5417": {
							"vector": [0, 5, -1],
							"easing": "linear"
						},
						"4.8333": {
							"vector": [0, 5, -1],
							"easing": "linear"
						},
						"4.9583": {
							"vector": [0, 3.54, -1.21]
						},
						"5.0833": {
							"vector": [0, 0, 0],
							"easing": "easeInSine"
						},
						"5.2083": {
							"vector": [0, 0, 0]
						},
						"5.5417": {
							"vector": [0, -3, 0],
							"easing": "easeOutCubic"
						},
						"5.75": {
							"vector": [3.05, -2.7, 0.1]
						},
						"6.1667": {
							"vector": [3.05, -2.7, 0.1]
						},
						"6.4167": {
							"vector": [0, 0, 0],
							"easing": "easeInCubic"
						}
					}
				}
			}
		},
		"animation.model.draw": {
			"loop": true,
			"animation_length": 1,
			"bones": {
				"main": {
					"rotation": {
						"0.0": {
							"vector": [15, 0, 0]
						},
						"0.2917": {
							"vector": [-4.69986, 1.70818, 19.9299]
						},
						"0.625": {
							"vector": [0, 0, 0],
							"easing": "easeInOutBack"
						}
					},
					"position": {
						"0.0": {
							"vector": [0, -6, 21]
						},
						"0.2917": {
							"vector": [0, -1, -5],
							"easing": "easeOutBack"
						},
						"0.625": {
							"vector": [0, 0, 0],
							"easing": "easeInOutBack",
							"easingArgs": [2]
						}
					}
				},
				"gun": {
					"position": {
						"0.0": {
							"vector": [0, -3, 1]
						},
						"0.2917": {
							"vector": [0, -3, 1]
						},
						"0.4583": {
							"vector": [0, 0, 0]
						}
					}
				},
				"barrel": {
					"position": {
						"0.0": {
							"vector": [0, 0, 3]
						},
						"0.5417": {
							"vector": [0, 0, 3]
						},
						"0.6667": {
							"vector": [0, 0, 0],
							"easing": "easeInQuad"
						}
					}
				},
				"cover1L": {
					"rotation": {
						"0.0": {
							"vector": [0, 55, 0]
						},
						"0.2917": {
							"vector": [0, 55, 0]
						},
						"0.4583": {
							"vector": [0, 0, 0]
						}
					},
					"position": {
						"0.0": {
							"vector": [-1.3, 0, 1.4]
						},
						"0.2917": {
							"vector": [-1.3, 0, 1.4]
						},
						"0.375": {
							"vector": [-0.65, 0, -0.3]
						},
						"0.4583": {
							"vector": [0, 0, 0]
						}
					}
				},
				"cover1R": {
					"rotation": {
						"0.0": {
							"vector": [0, -55, 0]
						},
						"0.2917": {
							"vector": [0, -55, 0]
						},
						"0.4583": {
							"vector": [0, 0, 0]
						}
					},
					"position": {
						"0.0": {
							"vector": [1.3, 0, 1.4]
						},
						"0.2917": {
							"vector": [1.3, 0, 1.4]
						},
						"0.375": {
							"vector": [0.65, 0, -0.3]
						},
						"0.4583": {
							"vector": [0, 0, 0]
						}
					}
				},
				"cover2L": {
					"rotation": {
						"0.1667": {
							"vector": [0, 20, -5]
						},
						"0.2917": {
							"vector": [0, 0, 0]
						}
					},
					"position": {
						"0.1667": {
							"vector": [-2.5, -1.1, 0.1]
						},
						"0.2917": {
							"vector": [0, 0, 0]
						}
					}
				},
				"cover2R": {
					"rotation": {
						"0.1667": {
							"vector": [0, -20, 7.5]
						},
						"0.2917": {
							"vector": [0, 0, 0]
						}
					},
					"position": {
						"0.1667": {
							"vector": [2.75, -1.1, 0.1]
						},
						"0.2917": {
							"vector": [0, 0, 0]
						}
					}
				},
				"cover2L2": {
					"rotation": {
						"0.25": {
							"vector": [-20, -20, -5]
						},
						"0.3333": {
							"vector": [0, 0, 0]
						}
					},
					"position": {
						"0.25": {
							"vector": [-3.02, -2.67, 0.055]
						},
						"0.3333": {
							"vector": [0, 0, 0]
						}
					}
				},
				"cover2R2": {
					"rotation": {
						"0.25": {
							"vector": [-20, 20, 7.5]
						},
						"0.3333": {
							"vector": [0, 0, 0]
						}
					},
					"position": {
						"0.25": {
							"vector": [3.055, -2.7, 0.075]
						},
						"0.3333": {
							"vector": [0, 0, 0]
						}
					}
				}
			},
			"sound_effects": {
				"0.1667": {
					"effect": "pls_reload1"
				}
			}
		}
	},
	"geckolib_format_version": 2
}