{
  "type": "pointblank:default",
  "ingredients": [
    {
      "count": 1,
      "item": "pointblank:cp2077_arasaka_hjke11_yukimura"
    },
    {
      "count": 2,
      "tag": "forge:dyes/white"
    },
    {
      "count": 2,
      "tag": "forge:dyes/yellow"
    },
    {
      "count": 1,
      "tag": "forge:dyes/blue"
    },
    {
      "count": 8,
      "tag": "forge:dusts/redstone"
    },
    {
      "count": 1,
      "item": "pointblank:processor"
    }
  ],
  "result": {
    "item": "pointblank:cp2077_arasaka_hjke11_yukimura_skippy"
  }
}
