{
"loader": "forge:separate_transforms",
  "gui_light": "front",
  "base": 
{
  "credit": "Made with Blockbench",
  "parent": "builtin/entity",
  "texture_size": [
    128,
    128
  ],
  "display": {
    "thirdperson_righthand": {
      "translation": [
        -6,
        -14,
        10
      ],
      "scale": [
        0,
        0,
        0
      ]
    },
    "thirdperson_lefthand": {
      "translation": [
        0.25,
        -4.75,
        1
      ],
      "scale": [
        0,
        0,
        0
      ]
    },
    "firstperson_righthand": {
      "translation": [
        -7.75,
        -33,
        -6
      ]
    },
    "firstperson_lefthand": {
      "translation": [
        -7.75,
        -30,
        0
      ]
    },
    "ground": {
      "translation": [
        0,
        -10.5,
        4
      ],
      "scale": [
        0.5,
        0.5,
        0.5
      ]
    },
    "gui": {
      "rotation": [
        44,
        50,
        -40
      ],
      "translation": [
        0.25,
        -9.25,
        0
      ],
      "scale": [
        0.34,
        0.33999999999999997,
        0.33999999999999997
      ]
    },
    "fixed": {
      "rotation": [
        180,
        -90,
        180
      ],
      "translation": [
        -5.25,
        -16,
        17
      ],
      "scale": [
        0.62,
        0.62,
        0.62
      ]
    }
  }
},
  "perspectives": {
    "gui": {
      "parent": "item/generated",
      "textures": {
        "layer0": "pointblank:item/mantis_blades.icon"
      }
    }
  }
}
