{
  "credit": "Made with Blockbench",
  "parent": "builtin/entity",
  "display": {
    "thirdperson_righthand": {
      "scale": [
        0.35,
        0.35,
        0.35
      ]
    },
    "thirdperson_lefthand": {
      "scale": [
        0.35000000000000003,
        0.35,
        0.35
      ]
    },
    "firstperson_righthand": {
      "rotation": [
        38,
        14.58,
        10.03
      ],
      "translation": [
        0.25,
        0.75,
        0.25
      ],
      "scale": [
        0.4,
        0.39999999999999997,
        0.39999999999999997
      ]
    },
    "firstperson_lefthand": {
      "rotation": [
        38,
        14.58,
        99
      ],
      "translation": [
        0.25,
        0.75,
        0.25
      ],
      "scale": [
        0.4,
        0.4,
        0.4
      ]
    },
    "ground": {
      "translation": [
        0,
        -1.75,
        0
      ],
      "scale": [
        0.8,
        0.8,
        0.8
      ]
    },
    "gui": {
      "rotation": [
        118,
        44,
        -102
      ],
      "translation": [
        -1.25,
        -0.5,
        0
      ],
      "scale": [
        1.21,
        1.21,
        1.21
      ]
    },
    "head": {
      "rotation": [
        90,
        0,
        0
      ],
      "translation": [
        0,
        -3,
        -7.75
      ]
    },
    "fixed": {
      "rotation": [
        77.7,
        -71.82,
        82.56
      ],
      "translation": [
        0.75,
        -1.75,
        0
      ],
      "scale": [
        2.01,
        2.01,
        2.01
      ]
    }
  }
}