{
  "type": "minecraft:crafting_shapeless",
  "ingredients": [
    {
      "item": "pointblank:projectile_launcher_system"
    },
    {
      "item": "pointblank:projectile_launcher_system_neon"
    },
    {
      "item": "pointblank:projectile_launcher_system_pimp"
    },
    {
      "item": "pointblank:projectile_launcher_system_military"
    },
    {
      "item": "minecraft:netherite_ingot"
    },
    {
      "item": "minecraft:magma_block"
    }
  ],
  "result": {
    "item": "pointblank:projectile_launcher_system_iconic_rifle"
  }
}
