{
	"format_version": "1.12.0",
	"minecraft:geometry": [
		{
			"description": {
				"identifier": "geometry.unknown",
				"texture_width": 420,
				"texture_height": 420,
				"visible_bounds_width": 11,
				"visible_bounds_height": 6,
				"visible_bounds_offset": [0, 1, 0]
			},
			"bones": [
				{
					"name": "main",
					"pivot": [0, 20, 0]
				},
				{
					"name": "gun",
					"parent": "main",
					"pivot": [1, 11, -1],
					"cubes": [
						{"origin": [1.55, 19.825, -10.6], "size": [1.2, 1.6, 7.5], "inflate": 0.001, "pivot": [2.75, 19.825, -10.6], "rotation": [-0.48462, 0.12308, 14.24948], "uv": [26, 63]},
						{"origin": [1.35, 19.825, -3.1], "size": [1.2, 1.6, 6.5], "inflate": 0.001, "pivot": [2.55, 19.825, -3.1], "rotation": [1.22196, -7.55608, 3.22072], "uv": [90, 36]},
						{"origin": [1.35, 18.025, -3.1], "size": [1.2, 1.8, 6.5], "inflate": 0.001, "pivot": [2.55, 19.825, -3.1], "rotation": [-5.0249, -5.78057, 53.55528], "uv": [85, 88]},
						{"origin": [-2.55, 18.025, -3.1], "size": [1.2, 1.8, 6.5], "inflate": 0.001, "pivot": [-2.55, 19.825, -3.1], "rotation": [-5.0249, 5.78057, -53.55528], "uv": [58, 86]},
						{"origin": [-2.55, 19.825, -3.1], "size": [1.2, 1.6, 6.5], "inflate": 0.001, "pivot": [-2.55, 19.825, -3.1], "rotation": [1.22196, 7.55608, -3.22072], "uv": [77, 87]},
						{"origin": [1.55, 20.925, -5.1], "size": [1.2, 1, 2], "pivot": [2.75, 19.825, -10.6], "rotation": [-0.48462, 0.12308, 14.24948], "uv": [9, 63]},
						{"origin": [-2.75, 20.925, -5.1], "size": [1.2, 1, 2], "pivot": [-2.75, 19.825, -10.6], "rotation": [-0.48462, -0.12308, -14.24948], "uv": [0, 63]},
						{"origin": [1.55, 17.325, -10.6], "size": [1.2, 2.5, 7.5], "inflate": 0.001, "pivot": [2.75, 19.825, -10.6], "rotation": [-0.2939, 0.40451, 53.99896], "uv": [58, 34]},
						{"origin": [-2.75, 19.825, -10.6], "size": [1.2, 1.6, 7.5], "inflate": 0.001, "pivot": [-2.75, 19.825, -10.6], "rotation": [-0.48462, -0.12308, -14.24948], "uv": [0, 63]},
						{"origin": [-2.75, 17.325, -10.6], "size": [1.2, 2.5, 7.5], "inflate": 0.001, "pivot": [-2.75, 19.825, -10.6], "rotation": [-0.2939, -0.40451, -53.99896], "uv": [58, 25]},
						{"origin": [-1.075, 17.975, -15.35], "size": [2.15, 4, 19.25], "inflate": 0.001, "uv": [58, 25]},
						{"origin": [-1.075, 14.975, -15.35], "size": [2.15, 3, 9], "uv": [0, 11]},
						{"origin": [-1.075, 14.975, -7.35], "size": [2.15, 3.5, 1], "inflate": 0.002, "pivot": [-0.025, 14.975, -6.35], "rotation": [-18, 0, 0], "uv": [58, 54]},
						{"origin": [-2, 19, -2], "size": [4, 1.6, 10.6], "inflate": 0.002, "pivot": [-0.75, 19, 1.9], "rotation": [-10.75, 0, 0], "uv": [81, 25]},
						{"origin": [-2, 16.025, 1.475], "size": [4, 3, 10.75], "inflate": 0.001, "pivot": [-0.75, 16.025, 4.375], "rotation": [-68.5, 0, 0], "uv": [21, 78]},
						{"origin": [-2, 15.575, 5.375], "size": [4, 3.75, 8.85], "inflate": 0.003, "pivot": [-0.75, 16.325, 7.125], "rotation": [-59.75, 0, 0], "uv": [0, 0]},
						{"origin": [-2.5, 10.925, 10.875], "size": [5, 7.5, 3.35], "inflate": 0.003, "pivot": [-1.25, 15.425, 7.125], "rotation": [-51.25, 0, 0], "uv": [143, 18]},
						{"origin": [-1, 24.25, -5.775], "size": [2, 2, 1], "uv": [26, 63]},
						{"origin": [-0.7, 25.95, -5.775], "size": [1.4, 1.1, 1], "inflate": -0.001, "uv": [47, 0]},
						{"origin": [-0.9, 26.25, -7.075], "size": [1.8, 1, 1.5], "inflate": -0.2, "uv": [26, 44]},
						{"origin": [-0.7, 24.7, -5.775], "size": [1.4, 2.35, 1], "inflate": -0.002, "pivot": [-0.7, 27.05, -4.775], "rotation": [67.75, 0, 0], "uv": [19, 11]},
						{"origin": [-0.5, 19.475, 8.475], "size": [1, 1, 1.5], "pivot": [-0.5, 20.475, 8.475], "rotation": [-61, 0, 0], "uv": [0, 48]},
						{"origin": [0.6, 23.95, -3.3], "size": [1, 2, 3.9], "inflate": -0.2, "pivot": [1.4, 25.75, -3.1], "rotation": [-12.25, 0, 0], "uv": [0, 26]},
						{"origin": [0.025, 23.925, -2.75], "size": [1, 2, 2.9], "inflate": -0.3, "pivot": [0.725, 25.625, -2.45], "rotation": [-8.50798, -2.47252, 0.36975], "uv": [58, 17]},
						{"origin": [-1.025, 23.925, -2.75], "size": [1, 2, 2.9], "inflate": -0.3, "pivot": [-0.725, 25.625, -2.45], "rotation": [-8.50798, 2.47252, -0.36975], "uv": [58, 9]},
						{"origin": [-1.025, 25.075, -0.425], "size": [2.05, 1, 1.125], "inflate": -0.3, "pivot": [-0.625, 25.775, -2.025], "rotation": [-17.75798, 0, 0], "uv": [13, 18]},
						{"origin": [0.6, 23.95, 0.125], "size": [1, 1.25, 2.4], "inflate": -0.201, "pivot": [1.4, 25, 0.325], "rotation": [-64, 0, 0], "uv": [58, 58]},
						{"origin": [-1.6, 23.95, 0.125], "size": [1, 1.25, 2.4], "inflate": -0.201, "pivot": [-1.4, 25, 0.325], "rotation": [-64, 0, 0], "uv": [58, 38]},
						{"origin": [-1.6, 23.95, -3.3], "size": [1, 2, 3.9], "inflate": -0.2, "pivot": [-1.4, 25.75, -3.1], "rotation": [-12.25, 0, 0], "uv": [16, 0]},
						{"origin": [-1.4, 23.375, -3.25], "size": [2.8, 1, 3.85], "pivot": [1.4, 24.475, -3.35], "rotation": [-12.25, 0, 0], "uv": [39, 78]},
						{"origin": [-1.4, 23.775, -1.75], "size": [1, 1, 2.4], "pivot": [-1.4, 24.775, -3.35], "rotation": [-10.26248, 6.72527, 32.8954], "uv": [18, 67]},
						{"origin": [-1.35, 23.7, -2.55], "size": [1, 1, 1.5], "pivot": [-1.4, 24.775, -3.35], "rotation": [-10.26248, 6.72527, 32.8954], "uv": [8, 48]},
						{"origin": [-1.1, 20.325, 7.025], "size": [2.2, 1, 2.625], "inflate": 0.001, "pivot": [-1, 21.325, 7.025], "rotation": [-45.75, 0, 0], "uv": [44, 47]},
						{"origin": [-1, 19.725, 7.025], "size": [1, 1.5, 2.625], "inflate": 0.001, "pivot": [-1, 21.225, 7.025], "rotation": [-37.66043, 28.18309, 31.46437], "uv": [0, 66]},
						{"origin": [0, 19.725, 7.025], "size": [1, 1.5, 2.625], "inflate": 0.001, "pivot": [1, 21.225, 7.025], "rotation": [-37.66043, -28.18309, -31.46437], "uv": [44, 65]},
						{"origin": [-1, 22.525, 0.5], "size": [2, 1, 7.25], "inflate": 0.001, "pivot": [-1, 23.625, 0.55], "rotation": [-22.75, 0, 0], "uv": [58, 9]},
						{"origin": [-1.65, 23.225, 0.35], "size": [1.05, 1, 7.4], "inflate": -0.2, "pivot": [-1.4, 24.025, 0.55], "rotation": [-22.76946, 2.30539, -0.9673], "uv": [84, 8]},
						{"origin": [0.6, 23.225, 0.35], "size": [1.05, 1, 7.4], "inflate": -0.2, "pivot": [1.4, 24.025, 0.55], "rotation": [-22.76946, -2.30539, 0.9673], "uv": [81, 36]},
						{"origin": [-1.4, 23, 0.4], "size": [1, 1, 7], "inflate": -0.001, "pivot": [-1.4, 24, 0.4], "rotation": [-17.42754, 15.06095, 33.17555], "uv": [84, 0]},
						{"origin": [0.825, 20.9, 2.95], "size": [1, 1, 4.075], "inflate": -0.001, "pivot": [1.825, 21.9, 3.325], "rotation": [-22.27268, -5.37386, -6.43837], "uv": [21, 78]},
						{"origin": [0.4, 23, 0.4], "size": [1, 1, 7], "inflate": -0.001, "pivot": [1.4, 24, 0.4], "rotation": [-17.42754, -15.06095, -33.17555], "uv": [82, 54]},
						{"origin": [0.4, 23.775, -1.75], "size": [1, 1, 2.4], "pivot": [1.4, 24.775, -3.35], "rotation": [-10.26248, -6.72527, -32.8954], "uv": [35, 66]},
						{"origin": [-1.9, 22.675, -2], "size": [3.8, 1, 2.4], "pivot": [-2, 23.675, -4.6], "rotation": [-5, 0, 0], "uv": [26, 47]},
						{"origin": [-2, 20.725, 0.375], "size": [4, 2.5, 7], "inflate": -0.001, "pivot": [-2, 23.225, 0.375], "rotation": [-36.5, 0, 0], "uv": [26, 14]},
						{"origin": [1.4, 22.625, 1.275], "size": [1, 1, 2], "inflate": -0.4, "pivot": [2, 23.225, 0.375], "rotation": [-11.01394, 35.02106, 71.26543], "uv": [26, 66]},
						{"origin": [1.35, 22.525, -0.025], "size": [1, 1.1, 3.25], "inflate": -0.4, "pivot": [2, 23.225, 0.375], "rotation": [-24.71521, -6.74652, -11.4976], "uv": [58, 4]},
						{"origin": [1.2, 22.425, 2.575], "size": [1, 1, 7], "inflate": -0.202, "pivot": [2, 23.225, 0.375], "rotation": [-11.01394, 35.02106, 71.26543], "uv": [0, 78]},
						{"origin": [-2.2, 22.425, 2.575], "size": [1, 1, 7], "inflate": -0.202, "pivot": [-2, 23.225, 0.375], "rotation": [-11.01394, -35.02106, -71.26543], "uv": [35, 64]},
						{"origin": [-2.4, 22.625, 1.275], "size": [1, 1, 2], "inflate": -0.4, "pivot": [-2, 23.225, 0.375], "rotation": [-11.01394, -35.02106, -71.26543], "uv": [9, 66]},
						{"origin": [-2.35, 22.525, -0.025], "size": [1, 1.1, 3.25], "inflate": -0.4, "pivot": [-2, 23.225, 0.375], "rotation": [-24.71521, 6.74652, 11.4976], "uv": [0, 16]},
						{"origin": [-1.825, 20.9, 2.95], "size": [1, 1, 4.075], "inflate": -0.001, "pivot": [-1.825, 21.9, 3.325], "rotation": [-22.27268, 5.37386, 6.43837], "uv": [9, 78]},
						{"origin": [1, 25.25, -5.775], "size": [1.425, 1, 1], "inflate": -0.001, "pivot": [1, 26.25, -4.775], "rotation": [0, 0, 58.15217], "uv": [34, 47]},
						{"origin": [1, 25.25, -5.775], "size": [1.425, 1, 1], "inflate": -0.002, "pivot": [1, 26.25, -4.775], "rotation": [0, -28.25, 58.15217], "uv": [47, 28]},
						{"origin": [-2.425, 25.25, -5.775], "size": [1.425, 1, 1], "inflate": -0.002, "pivot": [-1, 26.25, -4.775], "rotation": [0, 28.25, -58.15217], "uv": [47, 26]},
						{"origin": [-2.425, 25.25, -5.775], "size": [1.425, 1, 1], "inflate": -0.001, "pivot": [-1, 26.25, -4.775], "rotation": [0, 0, -58.15217], "uv": [12, 48]},
						{"origin": [-1, 23.9, -4.775], "size": [2, 2.25, 1.7], "uv": [18, 61]},
						{"origin": [1, 25.15, -4.775], "size": [1.425, 1, 1.7], "inflate": -0.002, "pivot": [1, 26.15, -3.775], "rotation": [0, 0, 58.15217], "uv": [47, 14]},
						{"origin": [-2.425, 25.15, -4.775], "size": [1.425, 1, 1.7], "inflate": -0.002, "pivot": [-1, 26.15, -3.775], "rotation": [0, 0, -58.15217], "uv": [47, 16]},
						{"origin": [-0.5, 15.65, -0.45], "size": [1, 4, 2], "inflate": -0.1, "pivot": [0, 15.65, 0.55], "rotation": [-17.25, 0, 0], "uv": [26, 14]},
						{"origin": [-1.25, 14.4, -3.8], "size": [2.5, 1, 4.5], "inflate": -0.2, "uv": [38, 72]},
						{"origin": [-1.25, 17.575, -4.8], "size": [2.5, 1, 6.5], "inflate": -0.2, "uv": [84, 16]},
						{"origin": [-1.25, 14.4, -0.3], "size": [2.5, 2, 1], "inflate": -0.201, "pivot": [1.5, 14.6, 0.5], "rotation": [-49, 0, 0], "uv": [68, 3]},
						{"origin": [-1.25, 15.45, 0.9], "size": [2.5, 2.75, 1], "inflate": -0.201, "pivot": [1.5, 15.65, 1.7], "rotation": [-5.75, 0, 0], "uv": [68, 0]},
						{"origin": [-1.25, 14.4, -3.8], "size": [2.5, 2, 1], "inflate": -0.201, "pivot": [1.5, 14.6, -3.6], "rotation": [49, 0, 0], "uv": [35, 63]},
						{"origin": [-1.25, 15.45, -5], "size": [2.5, 2.75, 1], "inflate": -0.201, "pivot": [1.5, 15.65, -4.8], "rotation": [5.75, 0, 0], "uv": [18, 64]},
						{"origin": [0.4, 22.9, -5.075], "size": [3.6, 2, 2], "inflate": 0.001, "pivot": [4, 22.9, -5.075], "rotation": [0, 0, -17], "uv": [68, 48]},
						{"origin": [3, 22.9, -3.075], "size": [1, 2, 4.3], "inflate": 0.001, "pivot": [4, 22.9, -3.075], "rotation": [2.25, -30, -17], "uv": [42, 40]},
						{"origin": [2.525, 23.1, -0.825], "size": [1, 2.2, 2.3], "inflate": -0.1, "pivot": [4.45, 23.2, -3.075], "rotation": [3.87373, -17.72809, -22.5267], "uv": [58, 25]},
						{"origin": [2.525, 26.4, -0.675], "size": [1, 1.1, 2.8], "inflate": -0.102, "pivot": [4.45, 23.2, -3.075], "rotation": [-31.12627, -17.72809, -22.5267], "uv": [0, 58]},
						{"origin": [2.525, 27.375, -3.125], "size": [1, 1.35, 1.25], "inflate": -0.103, "pivot": [4.45, 23.2, -3.075], "rotation": [-71.87627, -17.72809, -22.5267], "uv": [47, 2]},
						{"origin": [-3.525, 23.1, -0.825], "size": [1, 2.2, 2.3], "inflate": -0.1, "pivot": [-4.45, 23.2, -3.075], "rotation": [3.87373, 17.72809, 22.5267], "uv": [26, 40]},
						{"origin": [-3.525, 26.4, -0.675], "size": [1, 1.1, 2.8], "inflate": -0.102, "pivot": [-4.45, 23.2, -3.075], "rotation": [-31.12627, 17.72809, 22.5267], "uv": [46, 21]},
						{"origin": [-3.525, 27.375, -3.125], "size": [1, 1.35, 1.25], "inflate": -0.103, "pivot": [-4.45, 23.2, -3.075], "rotation": [-71.87627, 17.72809, 22.5267], "uv": [5, 42]},
						{"origin": [-4, 22.9, -3.075], "size": [1, 2, 4.3], "inflate": 0.001, "pivot": [-4, 22.9, -3.075], "rotation": [2.25, 30, 17], "uv": [41, 14]},
						{"origin": [1.5, 22.9, -5.075], "size": [2.5, 1.2, 2], "pivot": [4, 22.9, -5.075], "rotation": [0, 0, -53.5], "uv": [36, 47]},
						{"origin": [0.5, 22.9, -2.575], "size": [3.5, 1.2, 4], "pivot": [4, 22.9, -3.075], "rotation": [20.96691, -21.63632, -58.49936], "uv": [0, 71]},
						{"origin": [-4, 22.9, -2.575], "size": [3.5, 1.2, 4], "pivot": [-4, 22.9, -3.075], "rotation": [20.96691, 21.63632, 58.49936], "uv": [68, 17]},
						{"origin": [2.425, 24.825, -5.075], "size": [1, 2.4, 2], "inflate": -0.001, "pivot": [3.425, 24.825, -5.075], "rotation": [0, 0, -71.75], "uv": [58, 34]},
						{"origin": [2.425, 25.8, -3.25], "size": [1, 1.4, 1.25], "inflate": -0.002, "pivot": [3.425, 24.8, -3.075], "rotation": [-4.84573, -14.51338, -74.26837], "uv": [47, 8]},
						{"origin": [2.425, 24.825, -2.6], "size": [1, 1.4, 3.6], "inflate": -0.001, "pivot": [3.425, 24.8, -3.075], "rotation": [26.15427, -14.51338, -74.26837], "uv": [58, 0]},
						{"origin": [-3.425, 24.825, -2.6], "size": [1, 1.4, 3.6], "inflate": -0.001, "pivot": [-3.425, 24.8, -3.075], "rotation": [26.15427, 14.51338, 74.26837], "uv": [26, 57]},
						{"origin": [-3.425, 25.8, -3.25], "size": [1, 1.4, 1.25], "inflate": -0.002, "pivot": [-3.425, 24.8, -3.075], "rotation": [-4.84573, 14.51338, 74.26837], "uv": [47, 6]},
						{"origin": [2.425, 25.15, -3.825], "size": [1, 1, 1], "inflate": -0.002, "pivot": [3.425, 24.825, -5.075], "rotation": [66.25, 0, -71.75], "uv": [47, 32]},
						{"origin": [-3.425, 25.15, -3.825], "size": [1, 1, 1], "inflate": -0.002, "pivot": [-3.425, 24.825, -5.075], "rotation": [66.25, 0, 71.75], "uv": [19, 44]},
						{"origin": [-3.425, 24.825, -5.075], "size": [1, 2.4, 2], "inflate": -0.001, "pivot": [-3.425, 24.825, -5.075], "rotation": [0, 0, 71.75], "uv": [18, 46]},
						{"origin": [-4, 22.9, -5.075], "size": [3.6, 2, 2], "inflate": 0.001, "pivot": [-4, 22.9, -5.075], "rotation": [0, 0, 17], "uv": [58, 48]},
						{"origin": [-4, 22.9, -5.075], "size": [2.5, 1.2, 2], "pivot": [-4, 22.9, -5.075], "rotation": [0, 0, 53.5], "uv": [16, 5]}
					]
				},
				{
					"name": "lever",
					"parent": "gun",
					"pivot": [0, 24.125, 0.65],
					"rotation": [-17.5, 0, 0],
					"cubes": [
						{"origin": [-0.62604, 23.05803, 1.47785], "size": [1, 1, 5.2], "pivot": [-0.5, 24.125, 2.65], "rotation": [-9.25554, 1.97398, -0.32161], "uv": [26, 71]},
						{"origin": [-0.37396, 23.05803, 1.47785], "size": [1, 1, 5.2], "inflate": 0.001, "pivot": [0.5, 24.125, 2.65], "rotation": [-9.25554, -1.97398, 0.32161], "uv": [69, 9]},
						{"origin": [-0.28436, 22.45319, 0.38934], "size": [2, 2.5, 2], "inflate": -0.4, "pivot": [0.5, 24.125, 2.65], "rotation": [-0.30644, 33.49962, -0.16914], "uv": [26, 53]},
						{"origin": [-0.5, 22.39531, 6.19802], "size": [1, 1, 1.75], "inflate": -0.001, "pivot": [-0.5, 23.575, 6], "rotation": [6.5, 0, 0], "uv": [4, 48]}
					]
				},
				{
					"name": "barrels",
					"parent": "gun",
					"pivot": [0, 17.3, -12.5],
					"cubes": [
						{"origin": [-1.5, 16.3, -12.95], "size": [3, 2, 2], "pivot": [1, 16.3, -11.95], "rotation": [23.75, 0, 0], "uv": [14, 73]},
						{"origin": [2.9, 24.425, -57.475], "size": [1.125, 2.8, 52.65], "inflate": -0.397, "pivot": [3.625, 24.825, -57.075], "rotation": [0, 0, -75.75], "uv": [222, 55]},
						{"origin": [-0.9, 24.51, -57.475], "size": [2.975, 1.2, 52.65], "inflate": -0.396, "pivot": [1.675, 25.31, -57.075], "rotation": [0, 0, -46], "uv": [166, 159]},
						{"origin": [3.45, 22.6, -57.375], "size": [1.05, 2.6, 52.45], "inflate": -0.3, "pivot": [4.2, 22.9, -57.075], "rotation": [0, 0, -17], "uv": [222, 109]},
						{"origin": [3.5, 22.65, -57.375], "size": [1, 2.925, 52.45], "inflate": -0.299, "pivot": [4.2, 22.9, -57.075], "rotation": [0, 0, -30], "uv": [220, 214]},
						{"origin": [0.7, 22.75, -57.375], "size": [1, 2.525, 52.45], "inflate": -0.299, "pivot": [4.2, 22.9, -57.075], "rotation": [0, 0, -30], "uv": [108, 218]},
						{"origin": [1.3, 25.075, -57.375], "size": [2.7, 1, 52.45], "inflate": -0.299, "pivot": [4.2, 22.9, -57.075], "rotation": [0, 0, -30], "uv": [56, 160]},
						{"origin": [2.5, 25.3, -57.375], "size": [1.2, 1, 52.45], "inflate": -0.298, "pivot": [4.2, 22.9, -57.075], "rotation": [0, 0, -30], "uv": [54, 268]},
						{"origin": [1.3, 22.275, -57.375], "size": [2.375, 1, 52.45], "inflate": -0.299, "pivot": [4.2, 22.9, -57.075], "rotation": [0, 0, -30], "uv": [0, 159]},
						{"origin": [1.6, 22, -57.375], "size": [1.475, 1, 52.45], "inflate": -0.298, "pivot": [4.2, 22.9, -57.075], "rotation": [0, 0, -30], "uv": [162, 266]},
						{"origin": [1.075, 22.375, -57.475], "size": [3, 1, 52.65], "inflate": -0.401, "pivot": [4.2, 22.9, -57.075], "rotation": [0, 0, -30], "uv": [58, 1]},
						{"origin": [0.2, 22.15, -57.475], "size": [1.2, 3.15, 52.65], "inflate": -0.398, "pivot": [4.2, 22.9, -57.075], "rotation": [0, 0, -17], "uv": [112, 163]},
						{"origin": [3.65, 24, -14.875], "size": [1, 2, 6.5], "pivot": [4.65, 24, -14.875], "rotation": [0, 0, -50.25], "uv": [10, 65]},
						{"origin": [-4.75, 21.9, -19.975], "size": [1, 2.2, 12.45], "inflate": -0.1, "uv": [26, 26]},
						{"origin": [3.75, 21.9, -19.975], "size": [1, 2.2, 12.45], "inflate": -0.1, "uv": [26, 0]},
						{"origin": [-4.65, 24, -14.875], "size": [1, 2, 6.5], "pivot": [-4.65, 24, -14.875], "rotation": [0, 0, 50.25], "uv": [10, 53]},
						{"origin": [3.75, 24.2, -8.475], "size": [1, 2.025, 1], "inflate": -0.101, "pivot": [4.65, 24, -7.625], "rotation": [22, 0, -50.25], "uv": [5, 16]},
						{"origin": [-4.85, 24.2, -8.475], "size": [1, 2.025, 1], "inflate": -0.101, "pivot": [-4.75, 24, -7.625], "rotation": [22, 0, 50.25], "uv": [13, 11]},
						{"origin": [3.75, 24.875, -19.275], "size": [1, 1, 5.25], "inflate": -0.102, "pivot": [4.65, 24, -14.875], "rotation": [12.75, 0, -50.25], "uv": [40, 32]},
						{"origin": [3.75, 23.875, -19.975], "size": [1, 1, 5.95], "inflate": -0.101, "pivot": [4.65, 24, -14.875], "rotation": [0, 0, -50.25], "uv": [40, 26]},
						{"origin": [3.75, 24.45, -16.075], "size": [1, 1, 1.95], "inflate": -0.103, "pivot": [4.65, 24, -14.875], "rotation": [0, 0, -50.25], "uv": [42, 42]},
						{"origin": [-4.75, 24.45, -16.075], "size": [1, 1, 1.95], "inflate": -0.103, "pivot": [-4.65, 24, -14.875], "rotation": [0, 0, 50.25], "uv": [42, 40]},
						{"origin": [-4.75, 24.875, -19.275], "size": [1, 1, 5.25], "inflate": -0.102, "pivot": [-4.65, 24, -14.875], "rotation": [12.75, 0, 50.25], "uv": [40, 0]},
						{"origin": [-4.75, 23.875, -19.975], "size": [1, 1, 5.95], "inflate": -0.101, "pivot": [-4.65, 24, -14.875], "rotation": [0, 0, 50.25], "uv": [40, 6]},
						{"origin": [2.1, 25.275, -14.875], "size": [1, 1.4, 6.5], "inflate": 0.001, "pivot": [3.1, 25.275, -14.875], "rotation": [0, 0, -84], "uv": [92, 69]},
						{"origin": [2.1, 26.375, -14.875], "size": [1, 1, 2.25], "pivot": [3.1, 25.275, -14.875], "rotation": [0, 0, -84], "uv": [58, 29]},
						{"origin": [2.1, 27.275, -14.225], "size": [1, 1, 1.25], "inflate": -0.001, "pivot": [3.1, 25.275, -14.875], "rotation": [-34.75, 0, -84], "uv": [15, 44]},
						{"origin": [-3.1, 27.275, -14.225], "size": [1, 1, 1.25], "inflate": -0.001, "pivot": [-3.1, 25.275, -14.875], "rotation": [-34.75, 0, 84], "uv": [11, 44]},
						{"origin": [-3.1, 26.375, -14.875], "size": [1, 1, 2.25], "pivot": [-3.1, 25.275, -14.875], "rotation": [0, 0, 84], "uv": [58, 13]},
						{"origin": [-3.1, 25.275, -14.875], "size": [1, 1.4, 6.5], "inflate": 0.001, "pivot": [-3.1, 25.275, -14.875], "rotation": [0, 0, 84], "uv": [91, 54]},
						{"origin": [-3.1, 25.275, -48.875], "size": [1, 1.4, 1], "inflate": 0.001, "pivot": [-3.1, 25.275, -48.875], "rotation": [0, 0, 84], "uv": [41, 14]},
						{"origin": [-4.65, 24.85, -48.875], "size": [1, 1.15, 1], "pivot": [-4.65, 24, -48.875], "rotation": [0, 0, 50.25], "uv": [41, 16]},
						{"origin": [-4.425, 23.35, -48.875], "size": [1, 1.25, 1], "inflate": 0.001, "pivot": [-4.425, 22.6, -48.875], "rotation": [0, 0, 12.5], "uv": [40, 34]},
						{"origin": [3.425, 23.35, -48.875], "size": [1, 1.25, 1], "inflate": 0.001, "pivot": [4.425, 22.6, -48.875], "rotation": [0, 0, -12.5], "uv": [40, 26]},
						{"origin": [2.1, 25.275, -48.875], "size": [1, 1.4, 1], "inflate": 0.001, "pivot": [3.1, 25.275, -48.875], "rotation": [0, 0, -84], "uv": [40, 28]},
						{"origin": [0.7, 25.425, -48.875], "size": [1, 1.4, 1], "inflate": 0.001, "pivot": [1.7, 25.425, -48.875], "rotation": [0, 0, -134.75], "uv": [40, 8]},
						{"origin": [-1.7, 25.425, -48.875], "size": [1, 1.4, 1], "inflate": 0.001, "pivot": [-1.7, 25.425, -48.875], "rotation": [0, 0, 134.75], "uv": [40, 6]},
						{"origin": [3.65, 24.85, -48.875], "size": [1, 1.15, 1], "pivot": [4.65, 24, -48.875], "rotation": [0, 0, -50.25], "uv": [40, 32]},
						{"origin": [3.65, 24.85, -20.125], "size": [1, 1.15, 1], "pivot": [4.65, 24, -20.125], "rotation": [0, 0, -50.25], "uv": [19, 18]},
						{"origin": [3.425, 23.35, -20.125], "size": [1, 1.25, 1], "inflate": 0.001, "pivot": [4.425, 22.6, -20.125], "rotation": [0, 0, -12.5], "uv": [5, 26]},
						{"origin": [2.1, 25.275, -20.125], "size": [1, 1.4, 1], "inflate": 0.001, "pivot": [3.1, 25.275, -20.125], "rotation": [0, 0, -84], "uv": [20, 26]},
						{"origin": [0.7, 25.425, -20.125], "size": [1, 1.4, 1], "inflate": 0.001, "pivot": [1.7, 25.425, -20.125], "rotation": [0, 0, -134.75], "uv": [5, 31]},
						{"origin": [-1.7, 25.425, -20.125], "size": [1, 1.4, 1], "inflate": 0.001, "pivot": [-1.7, 25.425, -20.125], "rotation": [0, 0, 134.75], "uv": [11, 33]},
						{"origin": [-3.1, 25.275, -20.125], "size": [1, 1.4, 1], "inflate": 0.001, "pivot": [-3.1, 25.275, -20.125], "rotation": [0, 0, 84], "uv": [15, 33]},
						{"origin": [-4.65, 24.85, -20.125], "size": [1, 1.15, 1], "pivot": [-4.65, 24, -20.125], "rotation": [0, 0, 50.25], "uv": [5, 37]},
						{"origin": [-4.425, 23.35, -20.125], "size": [1, 1.25, 1], "inflate": 0.001, "pivot": [-4.425, 22.6, -20.125], "rotation": [0, 0, 12.5], "uv": [20, 38]},
						{"origin": [2.95, 22, -14.875], "size": [1.7, 1, 6.5], "pivot": [4.65, 22, -14.875], "rotation": [0, 0, -29.75], "uv": [93, 0]},
						{"origin": [-4.65, 22, -14.875], "size": [1.7, 1, 6.5], "pivot": [-4.65, 22, -14.875], "rotation": [0, 0, 29.75], "uv": [92, 76]},
						{"origin": [-4.575, 21.9, -56.975], "size": [1, 2.2, 50.45], "inflate": -0.2, "uv": [110, 272]},
						{"origin": [3.575, 21.9, -56.975], "size": [1, 2.2, 50.45], "inflate": -0.2, "uv": [268, 268]},
						{"origin": [-0.825, 18.4, -45.075], "size": [2, 2, 6], "inflate": -0.2, "pivot": [1.175, 18.4, -45.075], "rotation": [0, 0, -17], "uv": [36, 53]},
						{"origin": [1.6, 22.5, -57.475], "size": [3, 1.075, 52.65], "inflate": -0.4, "pivot": [4.2, 22.9, -57.075], "rotation": [0, 0, -53.5], "uv": [58, 54]},
						{"origin": [1.2, 21.06, -57.475], "size": [2.85, 1.075, 52.65], "inflate": -0.397, "pivot": [1.525, 25.135, -57.075], "rotation": [0, 0, 11.5], "uv": [166, 106]},
						{"origin": [-4.5, 22.6, -57.375], "size": [1.05, 2.6, 52.45], "inflate": -0.3, "pivot": [-4.2, 22.9, -57.075], "rotation": [0, 0, 17], "uv": [172, 1]},
						{"origin": [-4.025, 24.425, -57.475], "size": [1.125, 2.8, 52.65], "inflate": -0.397, "pivot": [-3.625, 24.825, -57.075], "rotation": [0, 0, 75.75], "uv": [0, 212]},
						{"origin": [-4.5, 22.65, -57.375], "size": [1, 2.925, 52.45], "inflate": -0.299, "pivot": [-4.2, 22.9, -57.075], "rotation": [0, 0, 30], "uv": [166, 212]},
						{"origin": [-4, 25.075, -57.375], "size": [2.7, 1, 52.45], "inflate": -0.299, "pivot": [-4.2, 22.9, -57.075], "rotation": [0, 0, 30], "uv": [0, 106]},
						{"origin": [-3.7, 25.3, -57.375], "size": [1.2, 1, 52.45], "inflate": -0.298, "pivot": [-4.2, 22.9, -57.075], "rotation": [0, 0, 30], "uv": [226, 0]},
						{"origin": [-2.075, 24.51, -57.475], "size": [2.975, 1.2, 52.65], "inflate": -0.396, "pivot": [-1.675, 25.31, -57.075], "rotation": [0, 0, 46], "uv": [56, 107]},
						{"origin": [-1.4, 22.15, -57.475], "size": [1.2, 3.15, 52.65], "inflate": -0.398, "pivot": [-4.2, 22.9, -57.075], "rotation": [0, 0, 17], "uv": [112, 108]},
						{"origin": [-1.7, 22.75, -57.375], "size": [1, 2.525, 52.45], "inflate": -0.299, "pivot": [-4.2, 22.9, -57.075], "rotation": [0, 0, 30], "uv": [54, 214]},
						{"origin": [-4.05, 21.06, -57.475], "size": [2.85, 1.075, 52.65], "inflate": -0.397, "pivot": [-1.525, 25.135, -57.075], "rotation": [0, 0, -11.5], "uv": [116, 0]},
						{"origin": [-3.675, 22.275, -57.375], "size": [2.375, 1, 52.45], "inflate": -0.299, "pivot": [-4.2, 22.9, -57.075], "rotation": [0, 0, 30], "uv": [116, 53]},
						{"origin": [-3.075, 22, -57.375], "size": [1.475, 1, 52.45], "inflate": -0.298, "pivot": [-4.2, 22.9, -57.075], "rotation": [0, 0, 30], "uv": [0, 266]},
						{"origin": [-4.075, 22.375, -57.475], "size": [3, 1, 52.65], "inflate": -0.401, "pivot": [-4.2, 22.9, -57.075], "rotation": [0, 0, 30], "uv": [0, 0]},
						{"origin": [-4.6, 22.5, -57.475], "size": [3, 1.075, 52.65], "inflate": -0.4, "pivot": [-4.2, 22.9, -57.075], "rotation": [0, 0, 53.5], "uv": [0, 53]},
						{"origin": [0.8, 17.325, -41.6], "size": [1.2, 4.75, 27.5], "inflate": 0.001, "pivot": [2, 17.325, -41.6], "rotation": [0, 0, 12.49954], "uv": [249, 272]},
						{"origin": [-1.95, 17.325, -41.6], "size": [3.95, 4.75, 27.5], "inflate": 0.002, "uv": [216, 268]},
						{"origin": [-1.2, 18.325, -47.85], "size": [3.2, 4.75, 3.5], "inflate": 0.001, "pivot": [2, 18.325, -47.85], "rotation": [0, 0, 12.49954], "uv": [11, 37]},
						{"origin": [0.8, 18.325, -47.85], "size": [1.2, 4.75, 1.5], "pivot": [2, 18.325, -47.85], "rotation": [17.25, 0, 12.49954], "uv": [40, 0]},
						{"origin": [-1.95, 18.325, -47.85], "size": [3.95, 4.75, 1.5], "pivot": [2, 18.325, -47.85], "rotation": [17.25, 0, 0], "uv": [0, 11]},
						{"origin": [1, 20.075, -56.6], "size": [1.25, 1.75, 17.5], "pivot": [2.25, 20.075, -56.6], "rotation": [0, 0, 0], "uv": [58, 87]},
						{"origin": [-2.25, 20.075, -56.6], "size": [1.25, 1.75, 17.5], "pivot": [-2.25, 20.075, -56.6], "rotation": [0, 0, 0], "uv": [73, 69]},
						{"origin": [-0.2, 14.925, -47.85], "size": [2.2, 3.4, 1.5], "pivot": [2, 18.325, -47.85], "rotation": [79.25, 0, 12.49954], "uv": [18, 53]},
						{"origin": [-2, 14.925, -47.85], "size": [2.2, 3.4, 1.5], "pivot": [-2, 18.325, -47.85], "rotation": [79.25, 0, -12.49954], "uv": [10, 53]},
						{"origin": [-2, 18.325, -47.85], "size": [3.2, 4.75, 3.5], "inflate": 0.002, "pivot": [-2, 18.325, -47.85], "rotation": [0, 0, -12.49954], "uv": [11, 26]},
						{"origin": [-2, 18.325, -47.85], "size": [1.2, 4.75, 1.5], "pivot": [-2, 18.325, -47.85], "rotation": [17.25, 0, -12.49954], "uv": [20, 33]},
						{"origin": [1.2, 16.95, -38.6], "size": [1.2, 3.75, 19.5], "pivot": [2.4, 16.95, -38.6], "rotation": [0, 0, 12.49954], "uv": [56, 107]},
						{"origin": [1.2, 15.95, -40.6], "size": [1.2, 2.75, 24.5], "inflate": 0.001, "pivot": [2.4, 16.95, -40.6], "rotation": [0, 0, 12.49954], "uv": [0, 26]},
						{"origin": [1.2, 15.15, -20.25], "size": [1.2, 1.875, 3.6], "inflate": -0.001, "pivot": [2.4, 16.95, -13.6], "rotation": [-33.75, 0, 12.49954], "uv": [0, 42]},
						{"origin": [-2.4, 15.15, -20.25], "size": [1.2, 1.875, 3.6], "inflate": -0.001, "pivot": [-2.4, 16.95, -13.6], "rotation": [-33.75, 0, -12.49954], "uv": [0, 31]},
						{"origin": [1.2, 18.2, -41.85], "size": [1.2, 2.8, 2], "inflate": -0.001, "pivot": [2.4, 16.95, -40.6], "rotation": [-45, 0, 12.49954], "uv": [46, 53]},
						{"origin": [-2.4, 18.2, -41.85], "size": [1.2, 2.8, 2], "inflate": -0.001, "pivot": [-2.4, 16.95, -40.6], "rotation": [-45, 0, -12.49954], "uv": [36, 53]},
						{"origin": [1.2, 15.925, -40.6], "size": [1.2, 1.75, 24.5], "inflate": 0.002, "pivot": [2.4, 16.95, -40.6], "rotation": [-3, 0, 12.49954], "uv": [58, 0]},
						{"origin": [-2.4, 16.95, -38.6], "size": [1.2, 3.75, 19.5], "pivot": [-2.4, 16.95, -38.6], "rotation": [0, 0, -12.49954], "uv": [0, 78]},
						{"origin": [-2.4, 15.95, -40.6], "size": [1.2, 2.75, 24.5], "inflate": 0.001, "pivot": [-2.4, 16.95, -40.6], "rotation": [0, 0, -12.49954], "uv": [0, 0]},
						{"origin": [-2.4, 15.925, -40.6], "size": [1.2, 1.75, 24.5], "inflate": 0.002, "pivot": [-2.4, 16.95, -40.6], "rotation": [-3, 0, -12.49954], "uv": [0, 53]},
						{"origin": [-1.8, 15.95, -40.6], "size": [3.6, 1.75, 24.5], "inflate": 0.002, "pivot": [-1.8, 16.975, -40.6], "rotation": [-3, 0, 0], "uv": [274, 207]},
						{"origin": [0.55, 18.875, -13.85], "size": [1.45, 2.75, 3], "inflate": 0.001, "pivot": [2, 18.875, -13.85], "rotation": [-0.4935, 0.08037, 9.24965], "uv": [0, 53]},
						{"origin": [-2, 18.875, -13.85], "size": [1.45, 2.75, 3], "inflate": 0.001, "pivot": [-2, 18.875, -13.85], "rotation": [-0.4935, -0.08037, -9.24965], "uv": [0, 37]},
						{"origin": [-1.25, 15.75, -13.85], "size": [2.5, 3.5, 3], "inflate": 0.001, "uv": [67, 25]},
						{"origin": [0.8, 15.325, -22.6], "size": [1.2, 2, 8.5], "inflate": 0.001, "pivot": [2, 17.325, -22.6], "rotation": [0, 0, 24.74917], "uv": [26, 53]},
						{"origin": [-2, 17.325, -41.6], "size": [1.2, 4.75, 27.5], "inflate": 0.001, "pivot": [-2, 17.325, -41.6], "rotation": [0, 0, -12.49954], "uv": [162, 218]},
						{"origin": [-2, 15.325, -22.6], "size": [1.2, 2, 8.5], "inflate": 0.001, "pivot": [-2, 17.325, -22.6], "rotation": [0, 0, -24.74917], "uv": [0, 53]},
						{"origin": [-0.6, 23.55, -9.675], "size": [1.2, 3, 4], "inflate": -0.1, "uv": [13, 11]},
						{"origin": [-0.75, 22.05, -11.775], "size": [1.5, 1.7, 6], "inflate": -0.1, "uv": [90, 62]},
						{"origin": [-1.45, 20.875, -11.775], "size": [2.8, 1.6, 6], "inflate": -0.101, "uv": [58, 17]},
						{"origin": [-2.75, 20.675, -11.775], "size": [5.5, 1, 6], "inflate": -0.099, "uv": [26, 40]},
						{"origin": [-1.1, 18.9, -11.775], "size": [2.2, 2.25, 3], "inflate": -0.1, "uv": [67, 34]},
						{"origin": [-1.1, 19.9, -8.975], "size": [2.2, 1.25, 2.45], "inflate": -0.1, "uv": [0, 5]},
						{"origin": [-1.1, 21.55, -57.025], "size": [2.2, 3, 46], "inflate": -0.1, "uv": [172, 55]},
						{"origin": [-0.5, 23.55, -57.025], "size": [1, 2, 3.5], "inflate": -0.099, "uv": [0, 0]},
						{"origin": [-0.9, 26.25, -15.175], "size": [1.8, 1, 8.5], "inflate": -0.2, "uv": [58, 0]},
						{"origin": [0.8, 24.95, -11.825], "size": [1.825, 1.5, 6.15], "inflate": -0.2, "pivot": [1, 26.25, -5.875], "rotation": [0, 0, 58.15217], "uv": [58, 93]},
						{"origin": [0.2, 23.75, -15.075], "size": [1, 2.7, 9.4], "inflate": -0.199, "uv": [0, 37]},
						{"origin": [0.2, 23.2, -57.125], "size": [1, 2, 40.45], "inflate": -0.199, "uv": [264, 165]},
						{"origin": [-1.2, 23.2, -57.125], "size": [1, 2, 40.45], "inflate": -0.199, "uv": [222, 163]},
						{"origin": [0.2, 24.45, -21.075], "size": [1, 2, 6.4], "inflate": -0.2, "pivot": [-1, 26.25, -14.875], "rotation": [15.25, 0, 0], "uv": [0, 86]},
						{"origin": [-1.2, 24.45, -21.075], "size": [1, 2, 6.4], "inflate": -0.2, "pivot": [1, 26.25, -14.875], "rotation": [15.25, 0, 0], "uv": [68, 0]},
						{"origin": [-1.2, 23.75, -15.075], "size": [1, 2.7, 9.4], "inflate": -0.199, "uv": [0, 26]},
						{"origin": [-2.625, 24.95, -11.825], "size": [1.825, 1.5, 6.15], "inflate": -0.2, "pivot": [-1, 26.25, -5.875], "rotation": [0, 0, -58.15217], "uv": [93, 8]}
					]
				},
				{
					"name": "shell",
					"parent": "barrels",
					"pivot": [1.925, 22.7, -4.775],
					"cubes": [
						{"origin": [0.625, 15.4, -6.775], "size": [3, 8.5, 3], "inflate": -0.3, "pivot": [0.625, 22.9, -5.775], "rotation": [-90, 0, -30], "uv": [26, 26]}
					]
				},
				{
					"name": "shell2",
					"parent": "barrels",
					"pivot": [-1.925, 22.7, -4.775],
					"cubes": [
						{"origin": [-3.625, 15.4, -6.775], "size": [3, 8.5, 3], "inflate": -0.3, "pivot": [-0.625, 22.9, -5.775], "rotation": [-90, 0, 30], "uv": [26, 0]}
					]
				},
				{
					"name": "rightarm",
					"parent": "main",
					"pivot": [-9.725, 8.25, 23.6],
					"rotation": [-108.9483, -25.5098, -14.585],
					"cubes": [
						{"origin": [-13.725, -15.75, 19.6], "size": [8, 24, 8], "uv": [0, 106]}
					]
				},
				{
					"name": "leftarm",
					"parent": "main",
					"pivot": [10.9, 3, -5.7],
					"rotation": [-133.5072, -4.09688, -36.20222],
					"cubes": [
						{"origin": [6.9, -21, -9.7], "size": [8, 24, 8], "uv": [58, 54]}
					]
				},
				{
					"name": "muzzleflash",
					"parent": "main",
					"pivot": [0, 23.125, -57.9],
					"cubes": [
						{"origin": [-0.5, 22.625, -58.2], "size": [1, 1, 1], "inflate": -0.4, "uv": [42, 47]}
					]
				},
				{
					"name": "scope",
					"parent": "main",
					"pivot": [0, 26.175, 2.45],
					"cubes": [
						{"origin": [-0.5, 25.675, 2.15], "size": [1, 1, 1], "inflate": -0.4, "uv": [47, 34]}
					]
				}
			]
		}
	]
}