{
	"format_version": "1.12.0",
	"minecraft:geometry": [
		{
			"description": {
				"identifier": "geometry.unknown",
				"texture_width": 250,
				"texture_height": 250,
				"visible_bounds_width": 8,
				"visible_bounds_height": 5,
				"visible_bounds_offset": [0, 1.5, 0]
			},
			"bones": [
				{
					"name": "main",
					"pivot": [0, 20, 0]
				},
				{
					"name": "gun",
					"parent": "main",
					"pivot": [1, 11, -1],
					"cubes": [
						{"origin": [-2, 3.8, -0.5], "size": [4, 9.7, 5], "inflate": 0.001, "pivot": [1, 13.5, -0.5], "rotation": [35, 0, 0], "uv": [64, 59]},
						{"origin": [-2, 9.2, 8.475], "size": [4, 6, 1], "pivot": [1, 9.2, 9.475], "rotation": [43, 0, 0], "uv": [92, 26]},
						{"origin": [-2, 9.2, 6.975], "size": [4, 1, 2.5], "inflate": -0.001, "pivot": [1, 9.2, 9.475], "rotation": [69.5, 0, 0], "uv": [143, 136]},
						{"origin": [-2, 4.05, 3.825], "size": [4, 1, 5], "pivot": [1, 5.05, 3.825], "rotation": [32.5, 0, 0], "uv": [144, 40]},
						{"origin": [-2, 4.05, 3.825], "size": [4, 1, 2], "inflate": -0.001, "pivot": [1, 5.05, 3.825], "rotation": [79.25, 0, 0], "uv": [144, 48]},
						{"origin": [-2, 13.5, 0], "size": [4, 4.75, 4.5], "pivot": [1, 13.5, -0.5], "rotation": [7, 0, 0], "uv": [156, 157]},
						{"origin": [-2, 12.2, -2], "size": [4, 1, 3], "uv": [9, 152]},
						{"origin": [-2, 16.75, -1.25], "size": [4, 2.25, 5], "inflate": 0.001, "uv": [72, 10]},
						{"origin": [-3, 9.25, 35.4], "size": [6, 15, 2.5], "inflate": 0.001, "uv": [45, 41]},
						{"origin": [-3, 11, 33.4], "size": [6, 5.5, 2], "inflate": 0.001, "uv": [51, 28]},
						{"origin": [-3, 11, 33.4], "size": [6, 1, 3], "pivot": [3, 11, 33.4], "rotation": [-20.75, 0, 0], "uv": [43, 109]},
						{"origin": [-3, 15.5, 33.4], "size": [6, 1, 3], "pivot": [3, 16.5, 33.4], "rotation": [29.75, 0, 0], "uv": [66, 54]},
						{"origin": [2, 11.5, -50.5], "size": [1, 1.75, 25], "pivot": [3, 13.25, -50.5], "rotation": [0, 0, 49], "uv": [117, 26]},
						{"origin": [2.175, 10, -27.5], "size": [1, 1.75, 13], "pivot": [3.175, 11.75, -27.5], "rotation": [0, 0, 49], "uv": [181, 80]},
						{"origin": [-3.175, 10, -27.5], "size": [1, 1.75, 13], "pivot": [-3.175, 11.75, -27.5], "rotation": [0, 0, -49], "uv": [181, 66]},
						{"origin": [2, 13.25, -50.5], "size": [1, 3.25, 25], "inflate": 0.001, "pivot": [3, 13.25, -50.5], "rotation": [0, 0, -7.25], "uv": [0, 115]},
						{"origin": [0, 11.75, -27.5], "size": [3, 2.75, 13], "inflate": 0.002, "pivot": [3, 13.25, -27.5], "rotation": [0, 0, -7.25], "uv": [169, 19]},
						{"origin": [-3, 11.75, -27.5], "size": [3, 2.75, 13], "inflate": 0.002, "pivot": [-3, 13.25, -27.5], "rotation": [0, 0, 7.25], "uv": [166, 167]},
						{"origin": [-3.2, 10, -25.25], "size": [6.4, 2.75, 3], "inflate": 0.002, "uv": [76, 109]},
						{"origin": [-3.2, 10, -22.25], "size": [6.4, 1.2, 5.7], "inflate": 0.001, "pivot": [-3.2, 10, -22.25], "rotation": [15.25, 0, 0], "uv": [103, 127]},
						{"origin": [-3.2, 10.5, -22.25], "size": [6.4, 1.2, 2.7], "pivot": [-3.2, 10.5, -22.25], "rotation": [15.25, 0, 0], "uv": [51, 14]},
						{"origin": [-3.2, 11.5, -22.25], "size": [6.4, 1.25, 5.5], "inflate": 0.002, "uv": [0, 134]},
						{"origin": [-3, 13.25, -50.5], "size": [1, 3.25, 25], "inflate": 0.001, "pivot": [-3, 13.25, -50.5], "rotation": [0, 0, 7.25], "uv": [113, 69]},
						{"origin": [-3, 13.25, -24.85], "size": [1, 3.25, 1.3], "pivot": [-3, 13.25, -24.55], "rotation": [33.25, 0, 7.25], "uv": [76, 81]},
						{"origin": [2, 13.25, -24.85], "size": [1, 3.25, 1.3], "pivot": [3, 13.25, -24.55], "rotation": [33.25, 0, -7.25], "uv": [0, 80]},
						{"origin": [1, 13.65, -27.85], "size": [2, 3.25, 1.3], "pivot": [3, 13.25, -24.55], "rotation": [33.25, 0, -7.25], "uv": [51, 0]},
						{"origin": [-3, 13.65, -27.85], "size": [2, 3.25, 1.3], "pivot": [-3, 13.25, -24.55], "rotation": [33.25, 0, 7.25], "uv": [32, 48]},
						{"origin": [-1.7, 12.1, -50.5], "size": [3.4, 1, 25], "inflate": 0.001, "uv": [92, 0]},
						{"origin": [-2.45, 13, -50.5], "size": [4.9, 3.5, 25], "inflate": 0.002, "uv": [43, 81]},
						{"origin": [-1.85, 10.6, -27.5], "size": [3.7, 3, 13], "inflate": 0.001, "uv": [0, 96]},
						{"origin": [-1.85, 10.6, -30.5], "size": [3.7, 1, 3], "inflate": 0.001, "pivot": [-1.85, 10.6, -27.5], "rotation": [-55.25, 0, 0], "uv": [62, 160]},
						{"origin": [-3, 11.5, -50.5], "size": [1, 1.75, 25], "pivot": [-3, 13.25, -50.5], "rotation": [0, 0, -49], "uv": [104, 115]},
						{"origin": [-6.1, 20.2, 4.7], "size": [5.5, 1, 4.9], "inflate": -0.2, "pivot": [-5.9, 21, 4.9], "rotation": [0, 0, -37], "uv": [131, 115]},
						{"origin": [0.6, 20.2, 4.7], "size": [5.5, 1, 4.9], "inflate": -0.2, "pivot": [5.9, 21, 4.9], "rotation": [0, 0, 37], "uv": [123, 18]},
						{"origin": [0.6, 20.2, 4.7], "size": [5.5, 1, 2.15], "inflate": -0.201, "pivot": [5.9, 21, 4.9], "rotation": [0, -18.5, 37], "uv": [113, 91]},
						{"origin": [-6.1, 20.2, 4.7], "size": [5.5, 1, 2.15], "inflate": -0.201, "pivot": [-5.9, 21, 4.9], "rotation": [0, 18.5, -37], "uv": [103, 0]},
						{"origin": [0.6, 20.2, 9.2], "size": [1.5, 1, 7.4], "inflate": -0.2, "pivot": [5.9, 21, 9.4], "rotation": [0, 0, 37], "uv": [131, 157]},
						{"origin": [2.925, 20.2, 10.2], "size": [1.7, 1, 4.1], "inflate": -0.201, "pivot": [5.9, 21, 9.4], "rotation": [0, -37.75, 37], "uv": [25, 143]},
						{"origin": [2.125, 20.2, 10.2], "size": [1.7, 1, 3.1], "inflate": -0.202, "pivot": [5.9, 21, 9.4], "rotation": [0, -37.75, 37], "uv": [81, 18]},
						{"origin": [-3.825, 20.2, 10.2], "size": [1.7, 1, 3.1], "inflate": -0.202, "pivot": [-5.9, 21, 9.4], "rotation": [0, 37.75, -37], "uv": [70, 22]},
						{"origin": [-4.625, 20.2, 10.2], "size": [1.7, 1, 4.1], "inflate": -0.201, "pivot": [-5.9, 21, 9.4], "rotation": [0, 37.75, -37], "uv": [12, 143]},
						{"origin": [-2.1, 20.2, 9.2], "size": [1.5, 1, 7.4], "inflate": -0.2, "pivot": [-5.9, 21, 9.4], "rotation": [0, 0, -37], "uv": [81, 125]},
						{"origin": [5.1, 16.65, 4.7], "size": [1, 2.2, 4.9], "inflate": -0.2, "pivot": [5.9, 18.65, 4.9], "rotation": [0, 0, 42.5], "uv": [118, 115]},
						{"origin": [-6.1, 16.65, 4.7], "size": [1, 2.2, 4.9], "inflate": -0.2, "pivot": [-5.9, 18.65, 4.9], "rotation": [0, 0, -42.5], "uv": [103, 115]},
						{"origin": [-2.025, 23.275, 3.1], "size": [4.05, 1, 13.5], "inflate": -0.201, "uv": [117, 52]},
						{"origin": [-4.875, 17.125, 4.7], "size": [9.75, 1, 4.9], "inflate": -0.201, "uv": [0, 72]},
						{"origin": [5.1, 18.45, 4.7], "size": [1, 2.75, 4.9], "inflate": -0.199, "uv": [65, 124]},
						{"origin": [-6.1, 18.45, 4.7], "size": [1, 2.75, 4.9], "inflate": -0.199, "uv": [106, 3]},
						{"origin": [-2, 12.2, -2], "size": [4, 1, 3], "inflate": -0.001, "pivot": [1, 13.2, -2], "rotation": [19.25, 0, 0], "uv": [61, 109]},
						{"origin": [-2, 18, -1.25], "size": [4, 1, 3], "pivot": [1, 19, -1.25], "rotation": [-67.5, 0, 0], "uv": [150, 19]},
						{"origin": [-1.5, 13.8, -0.85], "size": [3, 5.1, 2], "inflate": -0.001, "pivot": [1.5, 13.9, -0.85], "rotation": [22, 0, 0], "uv": [43, 93]},
						{"origin": [-1.5, 13.8, -14.4], "size": [3, 5.1, 2], "inflate": -0.001, "pivot": [1.5, 13.9, -12.4], "rotation": [-22, 0, 0], "uv": [86, 41]},
						{"origin": [-1.5, 13.15, -14.85], "size": [3, 1, 15], "uv": [0, 167]},
						{"origin": [-1.5, 14.15, -35.35], "size": [3, 4.75, 23], "inflate": 0.001, "uv": [52, 115]},
						{"origin": [-1, 14.15, -12.6], "size": [2, 4, 5], "uv": [0, 80]},
						{"origin": [-1.5, 17.9, -13.35], "size": [3, 4, 12], "uv": [126, 171]},
						{"origin": [-5.5, 18.9, -1.35], "size": [11, 2, 11.5], "uv": [92, 26]},
						{"origin": [-1.05, 25.65, -9.35], "size": [2.1, 1, 14], "uv": [68, 168]},
						{"origin": [-2.05, 25.4, 11.4], "size": [4.1, 1.6, 4], "uv": [106, 159]},
						{"origin": [-2.05, 25.4, 15.4], "size": [4.1, 1.6, 4], "inflate": -0.001, "pivot": [2.05, 27, 15.4], "rotation": [-24.75, 0, 0], "uv": [158, 140]},
						{"origin": [-2.05, 23.4, 17.65], "size": [4.1, 2.5, 12.75], "uv": [106, 167]},
						{"origin": [-2.05, 24.4, 30.4], "size": [4.1, 1.5, 5.75], "uv": [21, 72]},
						{"origin": [-2.05, 9.65, 36.15], "size": [4.1, 16, 3.75], "uv": [92, 0]},
						{"origin": [-3.3, 23.375, 35.65], "size": [6.6, 3, 2], "uv": [17, 90]},
						{"origin": [-2.05, 23.4, 13.65], "size": [4.1, 1, 4], "inflate": -0.002, "pivot": [2.05, 23.4, 17.65], "rotation": [-36.5, 0, 0], "uv": [93, 91]},
						{"origin": [-2.05, 23.4, 29.4], "size": [4.1, 2, 1], "inflate": -0.001, "pivot": [2.05, 23.4, 30.4], "rotation": [-48.5, 0, 0], "uv": [135, 14]},
						{"origin": [-1.75, 25.95, 1.4], "size": [3.5, 1.2, 3], "uv": [0, 162]},
						{"origin": [-1.25, 23.7, 4.15], "size": [2.5, 2.2, 1.25], "uv": [70, 31]},
						{"origin": [-1.25, 23.3, 5.375], "size": [2.5, 1, 11.025], "uv": [103, 115]},
						{"origin": [-1.25, 26.45, 1.3], "size": [2.5, 1, 3], "uv": [128, 84]},
						{"origin": [0.05, 26.45, 4.3], "size": [1.2, 1, 2], "inflate": -0.001, "pivot": [1.25, 27.45, 4.3], "rotation": [0, -18.5, 0], "uv": [72, 3]},
						{"origin": [-1.25, 26.45, 4.3], "size": [1.2, 1, 2], "inflate": -0.002, "pivot": [-1.25, 27.45, 4.3], "rotation": [0, 18.5, 0], "uv": [72, 0]},
						{"origin": [-0.75, 26.45, 4.3], "size": [1.5, 1, 5.5], "pivot": [0.75, 27.45, 4.3], "rotation": [-6.25, 0, 0], "uv": [117, 58]},
						{"origin": [-0.75, 25.85, 9.3], "size": [1.5, 1, 2.5], "inflate": 0.001, "uv": [45, 72]},
						{"origin": [-1.75, 25.85, 4.4], "size": [3.5, 1.3, 1.1], "inflate": 0.001, "pivot": [1.75, 27.15, 4.4], "rotation": [-34.5, 0, 0], "uv": [86, 54]},
						{"origin": [-1.75, 25.45, 4.6], "size": [3.5, 1.2, 5.05], "uv": [158, 132]},
						{"origin": [-1.65, 25.55, 8.6], "size": [3.3, 1, 5.05], "uv": [156, 111]},
						{"origin": [-1.4, 24.3, 5.4], "size": [2.8, 1, 5.05], "uv": [0, 89]},
						{"origin": [1.2, 23.8, 9.4], "size": [1, 1.5, 2.75], "inflate": -0.2, "pivot": [2.2, 25.3, 9.45], "rotation": [39.5, 0, 0], "uv": [70, 28]},
						{"origin": [-2.2, 23.8, 9.4], "size": [1, 1.5, 2.75], "inflate": -0.2, "pivot": [-2.2, 25.3, 9.45], "rotation": [39.5, 0, 0], "uv": [55, 69]},
						{"origin": [-1.4, 24.3, 12.85], "size": [2.8, 1.5, 3.55], "uv": [100, 47]},
						{"origin": [-2, 25.65, -17.85], "size": [4, 1, 6.5], "uv": [70, 28]},
						{"origin": [-2, 26.65, -16.85], "size": [1, 1.325, 5.5], "inflate": -0.001, "pivot": [-2, 26.65, -16.85], "rotation": [0, 0, 34.25], "uv": [140, 77]},
						{"origin": [1, 26.65, -16.85], "size": [1, 1.325, 5.5], "inflate": -0.001, "pivot": [2, 26.65, -16.85], "rotation": [0, 0, -34.25], "uv": [129, 39]},
						{"origin": [-1.25, 26.65, -16.85], "size": [1, 1.1, 5.5], "uv": [140, 83]},
						{"origin": [-0.5, 26.4, -16.85], "size": [1, 1.1, 5.5], "uv": [0, 103]},
						{"origin": [0.25, 26.65, -16.85], "size": [1, 1.1, 5.5], "uv": [19, 103]},
						{"origin": [-0.05, 26.75, -11.35], "size": [1.3, 1, 4.125], "inflate": -0.001, "pivot": [1.25, 27.75, -11.35], "rotation": [-16.02445, -3.12397, 0.89671], "uv": [66, 142]},
						{"origin": [-1.25, 26.75, -11.35], "size": [1.2, 1, 4.125], "inflate": -0.002, "pivot": [-1.25, 27.75, -11.35], "rotation": [-16.02445, 3.12397, -0.89671], "uv": [118, 141]},
						{"origin": [0, 25.65, -11.35], "size": [2, 1, 4.5], "inflate": -0.001, "pivot": [2, 26.65, -11.35], "rotation": [0, -14, 0], "uv": [143, 131]},
						{"origin": [-2, 25.65, -11.35], "size": [2, 1, 4.5], "inflate": -0.001, "pivot": [-2, 26.65, -11.35], "rotation": [0, 14, 0], "uv": [143, 122]},
						{"origin": [-0.75, 24.8, -12.35], "size": [1.5, 1, 17.5], "uv": [31, 166]},
						{"origin": [3.5, 18.9, 10.15], "size": [2, 2, 4.5], "inflate": 0.001, "pivot": [5.5, 20.9, 10.15], "rotation": [0, -35.25, 0], "uv": [141, 97]},
						{"origin": [-5.5, 18.9, 10.15], "size": [2, 2, 4.5], "inflate": 0.001, "pivot": [-5.5, 20.9, 10.15], "rotation": [0, 35.25, 0], "uv": [12, 125]},
						{"origin": [3.5, 19.5, 10.15], "size": [2, 1.4, 4.5], "inflate": -0.001, "pivot": [5.5, 20.9, 10.15], "rotation": [15.75, -35.25, 0], "uv": [116, 150]},
						{"origin": [-3, 18.9, 9.65], "size": [6, 3.225, 10.5], "inflate": 0.002, "uv": [169, 34]},
						{"origin": [-4, 18.9, 17.9], "size": [8, 2.725, 17.5], "uv": [150, 0]},
						{"origin": [2.5, 21.6, 17.9], "size": [1.5, 3.225, 17.5], "inflate": -0.001, "pivot": [4, 21.6, 17.9], "rotation": [0, 0, -47.5], "uv": [45, 59]},
						{"origin": [1.5, 18.9, 17.9], "size": [2.5, 1.725, 17.5], "inflate": -0.001, "pivot": [4, 18.9, 17.9], "rotation": [0, 0, -39.75], "uv": [51, 0]},
						{"origin": [-4, 18.9, 17.9], "size": [2.5, 1.725, 17.5], "inflate": -0.001, "pivot": [-4, 18.9, 17.9], "rotation": [0, 0, 39.75], "uv": [45, 41]},
						{"origin": [-4, 21.6, 17.9], "size": [1.5, 3.225, 17.5], "inflate": -0.001, "pivot": [-4, 21.6, 17.9], "rotation": [0, 0, 47.5], "uv": [51, 18]},
						{"origin": [-2.5, 13.9, 17.9], "size": [5, 5.475, 17.5], "inflate": 0.001, "uv": [27, 115]},
						{"origin": [-1.75, 21.475, 17.9], "size": [3.5, 2.975, 17.5], "inflate": 0.001, "uv": [156, 101]},
						{"origin": [-1.75, 14.15, 13.65], "size": [3.5, 5.225, 5.5], "uv": [158, 122]},
						{"origin": [-1.75, 14.15, 13.65], "size": [3.5, 6.225, 2.5], "inflate": -0.001, "pivot": [1.75, 14.15, 13.65], "rotation": [30, 0, 0], "uv": [58, 81]},
						{"origin": [-2.5, 9.65, 21.9], "size": [5, 4.475, 13.5], "uv": [140, 77]},
						{"origin": [-3, 4.9, 20.7], "size": [6, 10.5, 3.5], "uv": [66, 41]},
						{"origin": [2.425, 6.725, 23.05], "size": [1, 2, 2.5], "pivot": [3.425, 6.725, 23.05], "rotation": [0, 0, -7.5], "uv": [33, 0]},
						{"origin": [-3.425, 6.725, 23.05], "size": [1, 2, 2.5], "pivot": [-3.425, 6.725, 23.05], "rotation": [0, 0, 7.5], "uv": [32, 28]},
						{"origin": [-2.45, 6.6, 23.05], "size": [4.9, 1, 2.5], "inflate": 0.001, "uv": [55, 100]},
						{"origin": [-2.5, 6.65, 24.9], "size": [5, 4, 9.5], "inflate": -0.001, "pivot": [2.5, 6.65, 24.9], "rotation": [18.75, 0, 0], "uv": [91, 182]},
						{"origin": [-1.25, 22, 9.65], "size": [2.5, 1, 10.5], "inflate": 0.001, "uv": [86, 41]},
						{"origin": [3.5, 18.15, -34.1], "size": [2.5, 2, 18], "inflate": 0.001, "uv": [156, 147]},
						{"origin": [1, 18.15, -34.1], "size": [5, 2, 1], "pivot": [6, 20.15, -34.1], "rotation": [0, -19.5, 0], "uv": [143, 127]},
						{"origin": [0.8, 20.4, -43.85], "size": [1, 1.5, 9], "pivot": [1.8, 21.9, -41.85], "rotation": [0, 0, 33], "uv": [97, 10]},
						{"origin": [0.8, 19.9, -37.85], "size": [1, 2, 5], "inflate": -0.002, "pivot": [1.8, 21.9, -36.85], "rotation": [0, 59.75, 33], "uv": [13, 115]},
						{"origin": [-1.8, 19.9, -37.85], "size": [1, 2, 5], "inflate": -0.002, "pivot": [-1.8, 21.9, -36.85], "rotation": [0, -59.75, -33], "uv": [113, 97]},
						{"origin": [0.8, 19.9, -40.85], "size": [1, 1, 6], "inflate": -0.001, "pivot": [1.8, 21.9, -41.85], "rotation": [0, 0, 33], "uv": [95, 105]},
						{"origin": [0.8, 20.125, -43.225], "size": [1, 1.25, 1], "inflate": -0.002, "pivot": [1.8, 21.9, -41.85], "rotation": [63.75, 0, 33], "uv": [86, 18]},
						{"origin": [-1.8, 20.125, -43.225], "size": [1, 1.25, 1], "inflate": -0.002, "pivot": [-1.8, 21.9, -41.85], "rotation": [63.75, 0, -33], "uv": [86, 5]},
						{"origin": [-1.8, 19.9, -40.85], "size": [1, 1, 6], "inflate": -0.001, "pivot": [-1.8, 21.9, -41.85], "rotation": [0, 0, -33], "uv": [19, 96]},
						{"origin": [-1.8, 20.4, -43.85], "size": [1, 1.5, 9], "pivot": [-1.8, 21.9, -41.85], "rotation": [0, 0, -33], "uv": [70, 18]},
						{"origin": [1, 20.15, -34.1], "size": [1, 1, 1], "pivot": [6, 20.15, -34.1], "rotation": [0, -19.5, 0], "uv": [86, 56]},
						{"origin": [-2, 20.15, -34.1], "size": [1, 1, 1], "pivot": [-6, 20.15, -34.1], "rotation": [0, 19.5, 0], "uv": [86, 37]},
						{"origin": [-1.3, 18.15, -35.8], "size": [2.6, 3, 1], "inflate": 0.001, "uv": [33, 32]},
						{"origin": [0.5, 17.65, -34.1], "size": [5.5, 2.5, 1], "inflate": -0.001, "pivot": [6, 20.15, -34.1], "rotation": [-11.96279, -15.51342, 38.38533], "uv": [27, 137]},
						{"origin": [-6, 17.65, -34.1], "size": [5.5, 2.5, 1], "inflate": -0.001, "pivot": [-6, 20.15, -34.1], "rotation": [-11.96279, 15.51342, -38.38533], "uv": [81, 135]},
						{"origin": [-6, 18.15, -34.1], "size": [5, 2, 1], "pivot": [-6, 20.15, -34.1], "rotation": [0, 19.5, 0], "uv": [39, 137]},
						{"origin": [3.8, 18.75, -16.1], "size": [2.2, 1.4, 4.875], "inflate": -0.002, "pivot": [6, 20.15, -16.1], "rotation": [0, -31.5, 33.75], "uv": [161, 94]},
						{"origin": [-6, 18.75, -16.1], "size": [2.2, 1.4, 4.875], "inflate": -0.002, "pivot": [-6, 20.15, -16.1], "rotation": [0, 31.5, -33.75], "uv": [113, 104]},
						{"origin": [1.25, 18.2, -13.9], "size": [2.2, 1.95, 2], "inflate": -0.001, "pivot": [6, 20.15, -33.9], "rotation": [0, 0, 33.75], "uv": [43, 84]},
						{"origin": [-3.75, 18.15, -13.9], "size": [7.5, 3.15, 2], "inflate": 0.001, "uv": [104, 135]},
						{"origin": [-1.25, 23.15, -13.9], "size": [2.5, 3.15, 2], "inflate": 0.001, "uv": [0, 40]},
						{"origin": [-1.25, 23.15, -35.9], "size": [2.5, 3.15, 5.75], "inflate": 0.001, "uv": [24, 0]},
						{"origin": [-1.25, 23.15, -16.8], "size": [2.5, 3.15, 1], "inflate": 0.001, "uv": [51, 18]},
						{"origin": [-0.75, 23.15, -11.9], "size": [1.5, 3.15, 1.4], "inflate": 0.001, "uv": [17, 82]},
						{"origin": [-0.75, 23.15, -10.925], "size": [1.5, 3.15, 1], "inflate": -0.001, "pivot": [0.75, 25.15, -11.325], "rotation": [-37.5, 0, 0], "uv": [0, 72]},
						{"origin": [3.5, 18.15, -16.1], "size": [2.5, 2, 4.75], "inflate": -0.001, "pivot": [6, 20.15, -16.1], "rotation": [0, -28, 0], "uv": [91, 142]},
						{"origin": [3.5, 18.9, -16.1], "size": [2.5, 1.25, 4.6], "inflate": -0.002, "pivot": [6, 20.15, -16.1], "rotation": [14.75, -28, 0], "uv": [54, 160]},
						{"origin": [5.875, 17.325, -14.175], "size": [2, 3, 2], "inflate": -0.5, "pivot": [7.425, 19.825, -13.775], "rotation": [-32.37639, -75.68763, 54.99082], "uv": [0, 0]},
						{"origin": [6.175, 17.825, -13.775], "size": [1.25, 2, 5.6], "inflate": -0.3, "pivot": [7.425, 19.825, -13.775], "rotation": [-12.68047, -52.91231, 33.60131], "uv": [55, 93]},
						{"origin": [-3.45, 18.2, -13.9], "size": [2.2, 1.95, 2], "inflate": -0.001, "pivot": [-6, 20.15, -33.9], "rotation": [0, 0, -33.75], "uv": [43, 81]},
						{"origin": [-6, 18.75, -34.1], "size": [2.2, 1.4, 17.75], "pivot": [-6, 20.15, -34.1], "rotation": [0, 0, -38.75], "uv": [165, 48]},
						{"origin": [-6, 18.75, -16.1], "size": [2.2, 1.4, 2], "pivot": [-6, 20.15, -16.1], "rotation": [-7.5, 31.25, -38.75], "uv": [81, 22]},
						{"origin": [-5, 18.75, -34.1], "size": [6.2, 1.4, 4], "inflate": -0.001, "pivot": [-6, 20.15, -36.1], "rotation": [0, 0, -38.75], "uv": [92, 20]},
						{"origin": [-6, 17.65, -34.1], "size": [7.1, 2.5, 2], "inflate": -0.002, "pivot": [-6, 20.15, -34.1], "rotation": [0, 15.5, -38.75], "uv": [131, 141]},
						{"origin": [-1.1, 17.65, -34.1], "size": [7.1, 2.5, 2], "inflate": -0.002, "pivot": [6, 20.15, -34.1], "rotation": [0, -15.5, 38.75], "uv": [138, 61]},
						{"origin": [-1.2, 18.75, -34.1], "size": [6.2, 1.4, 4], "inflate": -0.001, "pivot": [6, 20.15, -36.1], "rotation": [0, 0, 38.75], "uv": [86, 61]},
						{"origin": [3.8, 18.75, -34.1], "size": [2.2, 1.4, 17.75], "pivot": [6, 20.15, -34.1], "rotation": [0, 0, 38.75], "uv": [158, 122]},
						{"origin": [3.8, 18.75, -16.1], "size": [2.2, 1.4, 2], "pivot": [6, 20.15, -16.1], "rotation": [-7.5, -31.25, 38.75], "uv": [54, 63]},
						{"origin": [-6, 18.9, -16.1], "size": [2.5, 1.25, 4.6], "inflate": -0.002, "pivot": [-6, 20.15, -16.1], "rotation": [14.75, 28, 0], "uv": [140, 157]},
						{"origin": [-6, 18.15, -16.1], "size": [2.5, 2, 4.75], "inflate": -0.001, "pivot": [-6, 20.15, -16.1], "rotation": [0, 28, 0], "uv": [141, 103]},
						{"origin": [-6, 18.15, -34.1], "size": [2.5, 2, 18], "inflate": 0.001, "uv": [81, 115]},
						{"origin": [-4.25, 18.9, -11.6], "size": [3, 2.5, 10.25], "uv": [25, 143]},
						{"origin": [1.5, 18.9, -11.6], "size": [4.25, 2.5, 1], "uv": [43, 100]},
						{"origin": [0.8, 18.175, -11.6], "size": [4.25, 1, 8.75], "inflate": -0.001, "uv": [86, 52]},
						{"origin": [4.75, 17.9, -11.6], "size": [1, 1, 8.75], "inflate": -0.001, "pivot": [5.75, 18.9, -11.6], "rotation": [0, 0, 44.25], "uv": [106, 150]},
						{"origin": [1.85, 19.65, -11.6], "size": [3.9, 1.75, 1], "inflate": -0.001, "pivot": [5.75, 21.4, -11.6], "rotation": [0, 0, 25], "uv": [86, 52]},
						{"origin": [1.85, 20.4, -10.6], "size": [1, 1, 6.75], "inflate": -0.001, "pivot": [5.75, 21.4, -10.6], "rotation": [0, 0, 25], "uv": [76, 89]},
						{"origin": [2.55, 20.4, -10.8], "size": [2.25, 1, 7.15], "inflate": -0.2, "pivot": [5.75, 21.4, -10.6], "rotation": [0, 0, 25], "uv": [54, 124]},
						{"origin": [4.4, 20.4, -9.8], "size": [1.05, 1, 5.15], "inflate": -0.2, "pivot": [5.75, 21.4, -10.1], "rotation": [0, 0, 25], "uv": [117, 52]},
						{"origin": [3.6, 20.5, -9.4], "size": [2.4, 1, 1.05], "inflate": -0.2, "pivot": [5.95, 21.5, -9.7], "rotation": [0, 0, 25], "uv": [26, 80]},
						{"origin": [3.6, 20.5, -6.1], "size": [2.4, 1, 1.05], "inflate": -0.2, "pivot": [5.95, 21.5, -6.4], "rotation": [0, 0, 25], "uv": [17, 80]},
						{"origin": [1.5, 18.9, -3.85], "size": [4.25, 2.5, 1], "uv": [86, 48]},
						{"origin": [6.5, 15.4, -11.1], "size": [2, 2, 1.75], "uv": [45, 69]},
						{"origin": [6.5, 17.4, -11.1], "size": [2, 2, 1.75], "inflate": -0.001, "pivot": [8.5, 17.4, -11.1], "rotation": [0, 0, -28.5], "uv": [32, 67]},
						{"origin": [7.5, 17.9, -9.35], "size": [1, 1, 4.25], "inflate": -0.001, "pivot": [8.5, 17.4, -9.35], "rotation": [0, 0, -28.5], "uv": [135, 9]},
						{"origin": [6.5, 17.4, -5.1], "size": [2, 2, 1.75], "inflate": -0.001, "pivot": [8.5, 17.4, -5.1], "rotation": [0, 0, -28.5], "uv": [51, 4]},
						{"origin": [7.25, 17.4, -9.85], "size": [1, 2.25, 5.25], "inflate": -0.001, "pivot": [8.25, 17.4, -5.1], "rotation": [0, 0, -28.5], "uv": [0, 96]},
						{"origin": [6.5, 15.4, -5.1], "size": [2, 2, 1.75], "uv": [51, 22]},
						{"origin": [6.75, 15.4, -9.35], "size": [1.5, 2, 4.25], "uv": [100, 41]},
						{"origin": [5.7, 18.8, -11.05], "size": [2, 3.75, 1.25], "inflate": -0.2, "pivot": [7.7, 18.8, -11.05], "rotation": [0, 0, -28.5], "uv": [32, 24]},
						{"origin": [4.05, 22, -11.05], "size": [2, 2.85, 1.25], "inflate": -0.201, "pivot": [6.05, 22, -11.05], "rotation": [0, 0, -75.25], "uv": [32, 64]},
						{"origin": [4.05, 22, -4.65], "size": [2, 2.85, 1.25], "inflate": -0.201, "pivot": [6.05, 22, -4.65], "rotation": [0, 0, -75.25], "uv": [45, 63]},
						{"origin": [5.7, 18.8, -4.65], "size": [2, 3.75, 1.25], "inflate": -0.2, "pivot": [7.7, 18.8, -4.65], "rotation": [0, 0, -28.5], "uv": [32, 20]},
						{"origin": [1.85, 19.65, -3.85], "size": [3.9, 1.75, 1], "inflate": -0.001, "pivot": [5.75, 21.4, -3.85], "rotation": [0, 0, 25], "uv": [81, 25]},
						{"origin": [-4.25, 20.4, -11.6], "size": [2.25, 1, 8.75], "inflate": -0.001, "pivot": [-4.25, 21.4, -11.6], "rotation": [0, 0, -26], "uv": [144, 31]},
						{"origin": [-5.5, 18.9, -3.275], "size": [4, 2, 1.925], "inflate": -0.001, "pivot": [-5.5, 20.9, -1.35], "rotation": [0, -38.5, 0], "uv": [41, 143]},
						{"origin": [-5.5, 19.9, -3.275], "size": [4, 1, 1.925], "inflate": -0.002, "pivot": [-5.5, 20.9, -1.35], "rotation": [-16.5, -38.5, 0], "uv": [113, 112]},
						{"origin": [1.75, 18.9, -1.35], "size": [3.75, 2, 11.5], "inflate": -0.001, "pivot": [5.5, 20.9, -1.35], "rotation": [0, 0, 26.25], "uv": [0, 183]},
						{"origin": [0.75, 18.9, 11.65], "size": [1.95, 2, 8.5], "inflate": -0.001, "pivot": [5.5, 20.9, 8.65], "rotation": [0, 0, 26.25], "uv": [131, 147]},
						{"origin": [-2.7, 18.9, 11.65], "size": [1.95, 2, 8.5], "inflate": -0.001, "pivot": [-5.5, 20.9, 8.65], "rotation": [0, 0, -26.25], "uv": [120, 69]},
						{"origin": [2.75, 19.9, 10.15], "size": [2.75, 1, 4.5], "inflate": -0.002, "pivot": [5.5, 20.9, 10.15], "rotation": [0, -39.25, 26.25], "uv": [64, 151]},
						{"origin": [-5.5, 19.5, 10.15], "size": [2, 1.4, 4.5], "inflate": -0.001, "pivot": [-5.5, 20.9, 10.15], "rotation": [15.75, 35.25, 0], "uv": [141, 147]},
						{"origin": [-5.5, 19.9, 10.15], "size": [2.75, 1, 4.5], "inflate": -0.002, "pivot": [-5.5, 20.9, 10.15], "rotation": [0, 39.25, -26.25], "uv": [150, 52]},
						{"origin": [-5.5, 18.9, -1.35], "size": [3.75, 2, 11.5], "inflate": -0.001, "pivot": [-5.5, 20.9, -1.35], "rotation": [0, 0, -26.25], "uv": [163, 182]},
						{"origin": [-5.5, 18.9, -3.35], "size": [1, 2, 2], "inflate": -0.002, "pivot": [-5.5, 20.9, -1.35], "rotation": [0, -41.5, -26.25], "uv": [32, 56]},
						{"origin": [1.5, 19.9, -3.275], "size": [4, 1, 1.925], "inflate": -0.002, "pivot": [5.5, 20.9, -1.35], "rotation": [-16.5, 38.5, 0], "uv": [94, 112]},
						{"origin": [4.5, 18.9, -3.35], "size": [1, 2, 2], "inflate": -0.002, "pivot": [5.5, 20.9, -1.35], "rotation": [0, 41.5, 26.25], "uv": [32, 52]},
						{"origin": [-4.25, 18.9, -2.85], "size": [2.5, 2, 1.5], "inflate": -0.001, "pivot": [-5.5, 20.9, -2.85], "rotation": [0, 0, -26.25], "uv": [9, 80]},
						{"origin": [1.75, 18.9, -2.85], "size": [2.5, 2, 1.5], "inflate": -0.001, "pivot": [5.5, 20.9, -2.85], "rotation": [0, 0, 26.25], "uv": [78, 73]},
						{"origin": [1.5, 18.9, -3.275], "size": [4, 2, 1.925], "inflate": -0.001, "pivot": [5.5, 20.9, -1.35], "rotation": [0, 38.5, 0], "uv": [93, 135]},
						{"origin": [-1, 15.05, -5.55], "size": [2, 4, 1], "inflate": -0.1, "pivot": [1, 15.05, -4.55], "rotation": [-21, 0, 0], "uv": [0, 32]},
						{"origin": [-1.95, 21.3, -18], "size": [1, 2, 23], "inflate": 0.001, "pivot": [-1.95, 21.3, -18], "rotation": [0, 0, 11], "uv": [140, 52]},
						{"origin": [-1.75, 23.02, -18], "size": [1, 1, 23], "inflate": -0.001, "pivot": [-0.2, 23.99, -18], "rotation": [0, 0, -29], "uv": [131, 147]},
						{"origin": [-1.05, 23.095, -11], "size": [1, 1, 15], "inflate": -0.35, "uv": [76, 81]},
						{"origin": [0.05, 23.095, -11], "size": [1, 1, 15], "inflate": -0.35, "uv": [0, 80]},
						{"origin": [0.75, 23.02, -18], "size": [1, 1, 23], "inflate": -0.001, "pivot": [0.2, 23.99, -18], "rotation": [0, 0, 29], "uv": [156, 77]},
						{"origin": [0.95, 21.3, -18], "size": [1, 2, 23], "inflate": 0.001, "pivot": [1.95, 21.3, -18], "rotation": [0, 0, -11], "uv": [81, 141]},
						{"origin": [1.2, 21.4, -36], "size": [1, 2, 23], "inflate": 0.001, "pivot": [2.2, 21.4, -36], "rotation": [0, 0, -11], "uv": [133, 122]},
						{"origin": [0.7, 21.4, -36], "size": [1.5, 1, 23], "pivot": [2.2, 21.4, -36], "rotation": [0, 0, -37.5], "uv": [54, 143]},
						{"origin": [-2.2, 21.4, -36], "size": [1.5, 1, 23], "pivot": [-2.2, 21.4, -36], "rotation": [0, 0, 37.5], "uv": [0, 143]},
						{"origin": [0.75, 23.12, -36], "size": [1.25, 1, 23], "inflate": -0.001, "pivot": [0.45, 24.09, -36], "rotation": [0, 0, 29], "uv": [144, 24]},
						{"origin": [-0.725, 22.97, -36], "size": [1.45, 1, 23], "uv": [29, 142]},
						{"origin": [-1.025, 20.47, -36], "size": [2.05, 1, 23], "uv": [123, 0]},
						{"origin": [-2, 23.12, -36], "size": [1.25, 1, 23], "inflate": -0.001, "pivot": [-0.45, 24.09, -36], "rotation": [0, 0, -29], "uv": [106, 143]},
						{"origin": [-2.2, 21.4, -36], "size": [1, 2, 23], "inflate": 0.001, "pivot": [-2.2, 21.4, -36], "rotation": [0, 0, 11], "uv": [131, 97]},
						{"origin": [-2.45, 21.25, -13.9], "size": [1, 2.25, 2], "inflate": 0.001, "pivot": [-2.45, 21.5, -13.9], "rotation": [0, 0, 11], "uv": [32, 60]},
						{"origin": [-2.25, 23.22, -13.9], "size": [1.5, 1, 2], "inflate": -0.001, "pivot": [-0.7, 24.19, -13.9], "rotation": [0, 0, -29], "uv": [77, 59]},
						{"origin": [1.45, 21.25, -13.9], "size": [1, 2.25, 2], "inflate": 0.001, "pivot": [2.45, 21.5, -13.9], "rotation": [0, 0, -11], "uv": [45, 59]},
						{"origin": [0.75, 23.22, -13.9], "size": [1.5, 1, 2], "inflate": -0.001, "pivot": [0.7, 24.19, -13.9], "rotation": [0, 0, 29], "uv": [55, 72]},
						{"origin": [-0.325, 26.725, 2.75], "size": [1, 1, 1], "inflate": -0.1, "pivot": [0.675, 27.725, 2.75], "rotation": [0, -35, 0], "uv": [86, 1]},
						{"origin": [-0.95, 26.25, -7.65], "size": [2, 1, 8], "inflate": -0.2, "uv": [0, 143]},
						{"origin": [-0.95, 16.15, -50.15], "size": [2, 1, 15], "inflate": -0.2, "uv": [87, 166]},
						{"origin": [-1.5, 26.825, -10.5], "size": [3, 2.1, 2.1], "inflate": -0.7, "pivot": [1.3, 27.625, -10.3], "rotation": [-27.75, 0, 0], "uv": [92, 33]},
						{"origin": [0.2, 27.175, -11.2], "size": [1, 1.5, 1.45], "inflate": -0.201, "uv": [84, 83]},
						{"origin": [-1.2, 27.175, -11.2], "size": [1, 1.5, 1.45], "inflate": -0.201, "uv": [84, 81]},
						{"origin": [-1, 26.775, -11.1], "size": [2, 1.5, 1.25], "inflate": -0.2, "uv": [32, 44]},
						{"origin": [-1, 26.575, 1.2], "size": [2, 1.5, 1], "inflate": -0.3, "uv": [24, 44]},
						{"origin": [0.2, 26.675, 1.25], "size": [1, 1.5, 1], "inflate": -0.199, "uv": [84, 32]},
						{"origin": [-1.2, 26.675, 1.25], "size": [1, 1.5, 1], "inflate": -0.199, "uv": [84, 30]},
						{"origin": [-6.985, 11.9, -42.75], "size": [20.175, 13.7, 37.55], "inflate": -7, "pivot": [8.025, 19.775, -35.75], "rotation": [0, 0, 38.75], "uv": [87, 197]},
						{"origin": [-13.19, 11.9, -42.75], "size": [20.175, 13.7, 37.55], "inflate": -7, "pivot": [-8.025, 19.775, -35.75], "rotation": [0, 0, -38.75], "uv": [87, 197], "mirror": true}
					]
				},
				{
					"name": "action",
					"parent": "gun",
					"pivot": [0.5, 23.945, -8.275],
					"cubes": [
						{"origin": [-0.5, 23.67, -8.125], "size": [1, 1.45, 1.9], "inflate": -0.3, "pivot": [0.5, 25.02, -7.825], "rotation": [-73.25, 0, 0], "uv": [29, 83]},
						{"origin": [-0.5, 24.395, -9.15], "size": [1, 1, 1.5], "inflate": -0.1, "uv": [9, 83]},
						{"origin": [-0.5, 22.795, -8.375], "size": [1, 1.25, 1], "inflate": -0.101, "pivot": [0.5, 23.945, -8.275], "rotation": [-77.25, 0, 0], "uv": [26, 84]},
						{"origin": [-0.5, 23.045, -8.375], "size": [1, 1, 1.5], "inflate": -0.1, "pivot": [0.5, 23.945, -8.275], "rotation": [-7.75, 0, 0], "uv": [84, 28]}
					]
				},
				{
					"name": "barrel",
					"parent": "gun",
					"pivot": [0, 28.25, -55],
					"cubes": [
						{"origin": [-3.25, 26.45, -55], "size": [6.5, 1, 39], "uv": [0, 0]},
						{"origin": [-3.15, 25.8, -23], "size": [6.3, 1, 6], "inflate": -0.001, "uv": [0, 32]},
						{"origin": [-3.15, 25.8, -23], "size": [6.3, 2, 1], "inflate": -0.002, "pivot": [3.15, 25.8, -23], "rotation": [67.25, 0, 0], "uv": [64, 73]},
						{"origin": [-3.15, 25.8, -18], "size": [6.3, 1.25, 1], "inflate": -0.002, "pivot": [3.15, 25.8, -17], "rotation": [-53.75, 0, 0], "uv": [0, 77]},
						{"origin": [-4.25, 20.45, -55], "size": [8.5, 3, 12], "uv": [113, 97]},
						{"origin": [-1.75, 17.45, -55], "size": [3.5, 3, 12], "uv": [144, 175]},
						{"origin": [0.75, 20.45, -55], "size": [3.5, 3, 12], "inflate": -0.002, "pivot": [4.25, 23.45, -55], "rotation": [0, 0, 45], "uv": [178, 140]},
						{"origin": [1.75, 17.45, -55], "size": [2.5, 3, 12], "inflate": -0.001, "pivot": [4.25, 20.45, -55], "rotation": [0, 0, 58.25], "uv": [179, 120]},
						{"origin": [-4.25, 17.45, -55], "size": [2.5, 3, 12], "inflate": -0.001, "pivot": [-4.25, 20.45, -55], "rotation": [0, 0, -58.25], "uv": [179, 101]},
						{"origin": [-4.25, 20.45, -55], "size": [4.5, 3, 12], "inflate": -0.001, "pivot": [-4.25, 23.45, -55], "rotation": [0, 0, -45], "uv": [50, 167]},
						{"origin": [-4.25, 17.45, -29], "size": [2.5, 3, 7], "inflate": -0.001, "pivot": [-4.25, 20.45, -29], "rotation": [0, 0, -58.25], "uv": [72, 0]},
						{"origin": [1.75, 17.45, -29], "size": [2.5, 3, 7], "inflate": -0.001, "pivot": [4.25, 20.45, -29], "rotation": [0, 0, 58.25], "uv": [81, 115]},
						{"origin": [-1.75, 18.875, -29], "size": [3.5, 1.575, 7], "uv": [88, 97]},
						{"origin": [-4.25, 20.45, -29], "size": [8.5, 3, 7], "uv": [86, 69]},
						{"origin": [0.75, 20.45, -29], "size": [3.5, 3, 7], "inflate": -0.002, "pivot": [4.25, 23.45, -29], "rotation": [0, 0, 45], "uv": [0, 115]},
						{"origin": [-4.25, 20.45, -29], "size": [4.25, 3, 7], "inflate": -0.001, "pivot": [-4.25, 23.45, -29], "rotation": [0, 0, -45], "uv": [113, 81]},
						{"origin": [1.55, 26.45, -55], "size": [1.7, 1, 39], "inflate": -0.002, "pivot": [3.25, 27.45, -55], "rotation": [0, 0, 26], "uv": [51, 1]},
						{"origin": [-3.25, 26.45, -55], "size": [1.7, 1, 39], "inflate": -0.002, "pivot": [-3.25, 27.45, -55], "rotation": [0, 0, -26], "uv": [45, 41]},
						{"origin": [-1.75, 27.2, -55], "size": [3.5, 1, 39], "inflate": -0.001, "uv": [0, 40]},
						{"origin": [-2.75, 27.2, -22], "size": [5.5, 1, 6], "inflate": -0.003, "uv": [144, 24]},
						{"origin": [-2.55, 26.6, -16.9], "size": [5.1, 1.2, 1], "inflate": -0.003, "uv": [55, 104]},
						{"origin": [-1.75, 27.2, -22], "size": [4.5, 1, 1], "inflate": -0.004, "pivot": [2.75, 28.2, -22], "rotation": [0, -75.25, 0], "uv": [91, 109]},
						{"origin": [-2.75, 27.2, -22], "size": [4.5, 1, 1], "inflate": -0.004, "pivot": [-2.75, 28.2, -22], "rotation": [0, 75.25, 0], "uv": [109, 69]},
						{"origin": [-1, 27.375, -48.9], "size": [2, 1, 33], "inflate": -0.001, "uv": [76, 81]},
						{"origin": [-1, 27.525, -15.1], "size": [2, 1.5, 1], "inflate": -0.2, "uv": [77, 62]},
						{"origin": [-0.5, 26.7, -14.925], "size": [1, 1.5, 1], "inflate": -0.25, "pivot": [0.3, 28, -14.725], "rotation": [12, 0, 0], "uv": [85, 10]},
						{"origin": [-0.75, 27.325, -16.1], "size": [1.5, 1, 1.5], "inflate": -0.2, "uv": [85, 12]},
						{"origin": [-2, 27.275, -16.3], "size": [4, 2, 2], "inflate": -0.7, "pivot": [1.8, 28.075, -16.1], "rotation": [-18.25, 0, 0], "uv": [129, 45]},
						{"origin": [0.35, 27.825, -15.1], "size": [1, 1.45, 1], "inflate": -0.201, "uv": [84, 85]},
						{"origin": [-1.35, 27.825, -15.1], "size": [1, 1.45, 1], "inflate": -0.201, "uv": [76, 85]},
						{"origin": [-0.5, 27.925, -43], "size": [1, 1.45, 1], "inflate": -0.3, "uv": [83, 4]},
						{"origin": [-1.35, 26.775, -15.1], "size": [1, 1.45, 1], "inflate": -0.202, "pivot": [-1.15, 28.025, -14.9], "rotation": [0, 0, -51.75], "uv": [29, 85]},
						{"origin": [0.35, 26.775, -15.1], "size": [1, 1.45, 1], "inflate": -0.202, "pivot": [1.15, 28.025, -14.9], "rotation": [0, 0, 51.75], "uv": [20, 85]},
						{"origin": [-0.75, 27.575, -42.9], "size": [1.5, 1, 10], "inflate": -0.001, "uv": [43, 93]},
						{"origin": [-2.4, 25.575, -45.85], "size": [4.8, 5.8, 25.9], "inflate": -3, "uv": [180, 209]},
						{"origin": [-0.75, 27.575, -30.9], "size": [1.5, 1, 8], "inflate": -0.001, "uv": [54, 151]},
						{"origin": [-0.325, 27.875, -23.55], "size": [1, 1, 1], "inflate": -0.2, "pivot": [0.675, 28.875, -23.55], "rotation": [0, -35, 0], "uv": [86, 3]},
						{"origin": [-2.75, 24.45, -55], "size": [5.5, 2, 33], "uv": [0, 80]},
						{"origin": [0.427, 23.075, -55], "size": [4.125, 5.1, 33], "inflate": -1.8, "uv": [0, 186]},
						{"origin": [1.927, 18.775, -55], "size": [4.125, 6.3, 13.4], "inflate": -1.8, "uv": [39, 189]},
						{"origin": [1.927, 18.775, -30.25], "size": [4.125, 6.3, 9.65], "inflate": -1.8, "uv": [72, 202]},
						{"origin": [0.665, 22.7, -30.25], "size": [4.125, 6.3, 9.65], "inflate": -1.8, "pivot": [4.825, 25.475, -30.25], "rotation": [0, 0, -45], "uv": [95, 206]},
						{"origin": [-4.79, 22.7, -30.25], "size": [4.125, 6.3, 9.65], "inflate": -1.8, "pivot": [-4.825, 25.475, -30.25], "rotation": [0, 0, 45], "uv": [95, 206], "mirror": true},
						{"origin": [-6.052, 18.775, -30.25], "size": [4.125, 6.3, 9.65], "inflate": -1.8, "uv": [72, 202], "mirror": true},
						{"origin": [-6.052, 18.775, -55], "size": [4.125, 6.3, 13.4], "inflate": -1.8, "uv": [39, 189], "mirror": true},
						{"origin": [-4.552, 23.175, -55], "size": [4.125, 5.1, 33], "inflate": -1.8, "uv": [0, 186], "mirror": true},
						{"origin": [-2.75, 24.95, -22], "size": [5.5, 1, 1], "inflate": -0.001, "pivot": [2.75, 24.95, -22], "rotation": [24.75, 0, 0], "uv": [43, 104]},
						{"origin": [-2.75, 25.3, -22], "size": [5.5, 1.25, 5.5], "uv": [18, 32]},
						{"origin": [-1.25, 21.1, -60.05], "size": [3, 3, 25], "inflate": -0.3, "pivot": [0.75, 22.1, -59.05], "rotation": [0, 0, -20], "uv": [86, 41]},
						{"origin": [-1.25, 21.1, -68.05], "size": [3, 3, 9], "pivot": [0.75, 22.1, -68.05], "rotation": [0, 0, -20], "uv": [43, 81]},
						{"origin": [-1.75, 20.6, -55.55], "size": [4, 4, 1], "pivot": [0.75, 22.1, -55.55], "rotation": [0, 0, -20], "uv": [103, 121]},
						{"origin": [1.45, 21.3, -55.7], "size": [1, 4.75, 1], "inflate": -0.3, "uv": [18, 32]},
						{"origin": [-2.45, 21.3, -55.7], "size": [1, 4.75, 1], "inflate": -0.3, "uv": [24, 0]},
						{"origin": [1.45, 25.45, -55.7], "size": [1, 3.25, 1], "inflate": -0.301, "pivot": [2.15, 25.75, -55.4], "rotation": [0, 0, -19.25], "uv": [22, 72]},
						{"origin": [-2.45, 25.45, -55.7], "size": [1, 3.25, 1], "inflate": -0.301, "pivot": [-2.15, 25.75, -55.4], "rotation": [0, 0, 19.25], "uv": [72, 10]},
						{"origin": [0.5, 27.85, -55.7], "size": [1, 1.75, 1], "inflate": -0.301, "uv": [83, 2]},
						{"origin": [-0.85, 31.175, -55.7], "size": [1.7, 1, 1], "inflate": -0.301, "uv": [26, 82]},
						{"origin": [-1.5, 27.85, -55.7], "size": [1, 1.75, 1], "inflate": -0.301, "uv": [83, 0]},
						{"origin": [-1.5, 29, -55.7], "size": [1, 3.25, 1], "inflate": -0.3, "pivot": [-1.2, 29.3, -55.4], "rotation": [0, 0, 13.25], "uv": [34, 70]},
						{"origin": [0.5, 29, -55.7], "size": [1, 3.25, 1], "inflate": -0.3, "pivot": [1.2, 29.3, -55.4], "rotation": [0, 0, -13.25], "uv": [64, 59]},
						{"origin": [-1.65, 27.45, -55.95], "size": [3.3, 1.5, 1.25], "inflate": -0.3, "uv": [14, 77]},
						{"origin": [-3.25, 21.35, -28], "size": [2, 1, 6.6], "pivot": [-3.25, 21.35, -36], "rotation": [0, 0, 37.5], "uv": [34, 155]},
						{"origin": [1.25, 21.35, -28], "size": [2, 1, 6.6], "pivot": [3.25, 21.35, -36], "rotation": [0, 0, -37.5], "uv": [150, 10]},
						{"origin": [-1.025, 23.62, -23.9], "size": [2.05, 1, 2.5], "uv": [60, 4]},
						{"origin": [-1.625, 20.12, -23.9], "size": [3.25, 1, 2.5], "inflate": 0.001, "uv": [135, 5]},
						{"origin": [1.05, 23.42, -23.4], "size": [2, 1, 2], "inflate": -0.001, "pivot": [1.45, 24.39, -23.4], "rotation": [0, 0, 32.5], "uv": [60, 22]},
						{"origin": [-3.05, 23.42, -23.4], "size": [2, 1, 2], "inflate": -0.001, "pivot": [-1.45, 24.39, -23.4], "rotation": [0, 0, -32.5], "uv": [0, 45]},
						{"origin": [2.1, 21.35, -23.4], "size": [1.1, 2.25, 2], "inflate": 0.001, "pivot": [3.2, 21.6, -23.4], "rotation": [0, 0, -11], "uv": [32, 40]},
						{"origin": [-3.2, 21.35, -23.4], "size": [1.1, 2.25, 2], "inflate": 0.001, "pivot": [-3.2, 21.6, -23.4], "rotation": [0, 0, 11], "uv": [24, 40]},
						{"origin": [1.05, 22.42, -44.4], "size": [2, 2, 2], "inflate": -0.001, "pivot": [1.45, 24.39, -44.4], "rotation": [0, 0, 32.5], "uv": [54, 59]},
						{"origin": [-1.025, 23.62, -44.9], "size": [2.05, 1, 2.5], "uv": [0, 5]},
						{"origin": [1.1, 21.35, -44.4], "size": [2.1, 2.25, 2], "inflate": 0.001, "pivot": [3.2, 21.6, -44.4], "rotation": [0, 0, -11], "uv": [60, 0]},
						{"origin": [1.25, 21.35, -49], "size": [2, 1, 6.6], "pivot": [3.25, 21.35, -57], "rotation": [0, 0, -37.5], "uv": [45, 69]},
						{"origin": [-1.625, 20.12, -44.9], "size": [3.25, 1, 2.5], "inflate": 0.001, "uv": [127, 91]},
						{"origin": [-3.05, 22.42, -44.4], "size": [2, 2, 2], "inflate": -0.001, "pivot": [-1.45, 24.39, -44.4], "rotation": [0, 0, -32.5], "uv": [60, 18]},
						{"origin": [-3.2, 21.35, -44.4], "size": [2.1, 2.25, 2], "inflate": 0.001, "pivot": [-3.2, 21.6, -44.4], "rotation": [0, 0, 11], "uv": [70, 18]},
						{"origin": [-3.25, 21.35, -49], "size": [2, 1, 6.6], "pivot": [-3.25, 21.35, -57], "rotation": [0, 0, 37.5], "uv": [27, 125]}
					]
				},
				{
					"name": "rightarm",
					"parent": "main",
					"pivot": [-4.3, 8.8, 21.8],
					"rotation": [-101.81106, -12.40003, -2.46982],
					"cubes": [
						{"origin": [-8.3, -15.2, 17.8], "size": [8, 24, 8], "uv": [0, 40]}
					]
				},
				{
					"name": "leftarm",
					"parent": "main",
					"pivot": [10.7, 2.3, -8.6],
					"rotation": [-119.61483, 1.67666, -38.31282],
					"cubes": [
						{"origin": [6.7, -21.7, -12.6], "size": [8, 24, 8], "uv": [0, 0]}
					]
				},
				{
					"name": "belt",
					"parent": "main",
					"pivot": [8, 14, -11]
				},
				{
					"name": "bullet1",
					"parent": "belt",
					"pivot": [7.175, 18.75, -9.5],
					"rotation": [0, -0.75, -20.25],
					"cubes": [
						{"origin": [6.17238, 18.75, -9.69998], "size": [1, 1, 4.9], "uv": [135, 0]},
						{"origin": [5.875, 18.3, -7.75], "size": [1, 2, 2.5], "inflate": -0.2, "uv": [32, 16]}
					]
				},
				{
					"name": "bullet2",
					"parent": "belt",
					"pivot": [6.325, 20.325, -9.5],
					"rotation": [0, 0, -58],
					"cubes": [
						{"origin": [5.325, 20.325, -9.7], "size": [1, 1, 4.9], "uv": [128, 79]},
						{"origin": [5.025, 19.875, -7.75], "size": [1, 2, 2.5], "inflate": -0.2, "uv": [32, 12]}
					]
				},
				{
					"name": "bullet3",
					"parent": "belt",
					"pivot": [4.975, 21.1, -9.5],
					"rotation": [-0.5, 0, -70.5],
					"cubes": [
						{"origin": [3.975, 21.09825, -9.69999], "size": [1, 1, 4.9], "uv": [118, 121]},
						{"origin": [3.675, 20.65, -7.75], "size": [1, 2, 2.5], "inflate": -0.2, "uv": [32, 8]}
					]
				},
				{
					"name": "belt1",
					"parent": "belt",
					"pivot": [8.625, 15, -11.25],
					"cubes": [
						{"origin": [6.625, 12.3, -11], "size": [1.75, 3, 7.5], "uv": [156, 147]},
						{"origin": [6.375, 14.5, -11.25], "size": [2.25, 1, 8], "uv": [79, 142]}
					]
				},
				{
					"name": "belt2",
					"parent": "belt",
					"pivot": [8.625, 11.775, -11.1],
					"rotation": [12.99766, 0.67016, -1.87916],
					"cubes": [
						{"origin": [6.625, 9.075, -10.85], "size": [1.75, 3, 7.5], "uv": [156, 101]},
						{"origin": [6.375, 11.275, -11.1], "size": [2.25, 1, 8], "uv": [54, 142]}
					]
				},
				{
					"name": "belt3",
					"parent": "belt",
					"pivot": [8.75, 8.75, -10.2],
					"rotation": [25.72398, 1.95352, -4.72955],
					"cubes": [
						{"origin": [6.75, 6.05, -9.95], "size": [1.75, 3, 7.5], "uv": [25, 155]},
						{"origin": [6.5, 8.25, -10.2], "size": [2.25, 1, 8], "uv": [106, 141]}
					]
				},
				{
					"name": "belt4",
					"parent": "belt",
					"pivot": [9.025, 5.975, -8.525],
					"rotation": [41.00891, 2.55825, -3.91477],
					"cubes": [
						{"origin": [7.025, 3.275, -8.275], "size": [1.75, 3, 7.5], "uv": [88, 154]},
						{"origin": [6.775, 5.475, -8.525], "size": [2.25, 1, 8], "uv": [140, 66]}
					]
				},
				{
					"name": "belt5",
					"parent": "belt",
					"pivot": [9.35, 3.8, -6.175],
					"rotation": [55.0483, 0.30466, -2.33817],
					"cubes": [
						{"origin": [7.35, 1.1, -5.925], "size": [1.75, 3, 7.5], "uv": [0, 152]},
						{"origin": [7.1, 3.3, -6.175], "size": [2.25, 1, 8], "uv": [138, 52]}
					]
				},
				{
					"name": "belt6",
					"parent": "belt",
					"pivot": [9.45, 2.2, -3.375],
					"rotation": [70.5483, 0.30466, -2.33817],
					"cubes": [
						{"origin": [7.45, -0.5, -3.125], "size": [1.75, 3, 7.5], "uv": [79, 151]},
						{"origin": [7.2, 1.7, -3.375], "size": [2.25, 1, 8], "uv": [131, 131]}
					]
				},
				{
					"name": "belt7",
					"parent": "belt",
					"pivot": [9.65, 1.325, -0.375],
					"rotation": [83.26165, -5.89342, -1.53815],
					"cubes": [
						{"origin": [7.65, -1.375, -0.125], "size": [1.75, 3, 7.5], "uv": [150, 0]},
						{"origin": [7.4, 0.825, -0.375], "size": [2.25, 1, 8], "uv": [131, 122]}
					]
				},
				{
					"name": "belt8",
					"parent": "belt",
					"pivot": [9.725, 1.025, 2.675],
					"rotation": [93.52461, -6.99326, -4.12393],
					"cubes": [
						{"origin": [7.725, -1.675, 2.925], "size": [1.75, 3, 7.5], "uv": [125, 26]},
						{"origin": [7.475, 0.525, 2.675], "size": [2.25, 1, 8], "uv": [0, 125]}
					]
				},
				{
					"name": "belt9",
					"parent": "belt",
					"pivot": [9.1, 1.2, 5.475],
					"rotation": [96.85139, -24.70716, -5.30608],
					"cubes": [
						{"origin": [7.1, -1.5, 5.725], "size": [1.75, 3, 7.5], "uv": [27, 115]},
						{"origin": [6.85, 0.7, 5.475], "size": [2.25, 1, 8], "uv": [123, 9]}
					]
				},
				{
					"name": "belt10",
					"parent": "belt",
					"pivot": [7.6, 1.55, 8.325],
					"rotation": [102.5148, -32.53145, -7.20845],
					"cubes": [
						{"origin": [5.6, -1.15, 8.575], "size": [1.75, 3, 7.5], "uv": [93, 81]},
						{"origin": [5.35, 1.05, 8.325], "size": [2.25, 1, 8], "uv": [123, 0]}
					]
				},
				{
					"name": "belt11",
					"parent": "belt",
					"pivot": [5.925, 2.075, 10.95],
					"rotation": [105.9256, -31.93932, -7.56549],
					"cubes": [
						{"origin": [3.925, -0.625, 11.2], "size": [1.75, 3, 7.5], "uv": [17, 80]},
						{"origin": [3.675, 1.575, 10.95], "size": [2.25, 1, 8], "uv": [117, 41]}
					]
				},
				{
					"name": "belt12",
					"parent": "belt",
					"pivot": [4.225, 2.8, 13.625],
					"rotation": [107.80341, -28.08677, -6.32234],
					"cubes": [
						{"origin": [2.225, 0.1, 13.875], "size": [1.75, 3, 7.5], "uv": [45, 59]},
						{"origin": [1.975, 2.3, 13.625], "size": [2.25, 1, 8], "uv": [54, 115]}
					]
				},
				{
					"name": "belt13",
					"parent": "belt",
					"pivot": [2.9, 3.575, 16],
					"rotation": [107.01914, -22.83829, -4.50015],
					"cubes": [
						{"origin": [0.9, 0.875, 16.25], "size": [1.75, 3, 7.5], "uv": [51, 18]},
						{"origin": [0.65, 3.075, 16], "size": [2.25, 1, 8], "uv": [108, 71]}
					]
				},
				{
					"name": "belt14",
					"parent": "belt",
					"pivot": [1.85, 4.375, 18.475],
					"rotation": [105.89116, -9.88581, -0.52308],
					"cubes": [
						{"origin": [-0.15, -2.325, 18.725], "size": [1.75, 7, 7.5], "uv": [51, 0]},
						{"origin": [-0.4, 3.875, 18.475], "size": [2.25, 1, 8], "uv": [76, 97]}
					]
				},
				{
					"name": "muzzleflash",
					"parent": "main",
					"pivot": [0, 22.35, -68.55],
					"cubes": [
						{"origin": [-0.5, 21.85, -68.85], "size": [1, 1, 1], "inflate": -0.4, "uv": [75, 22]}
					]
				},
				{
					"name": "scope",
					"parent": "main",
					"pivot": [0, 29.075, -1.55],
					"cubes": [
						{"origin": [-0.5, 28.575, -1.85], "size": [1, 1, 1], "inflate": -0.4, "uv": [34, 74]}
					]
				}
			]
		}
	]
}