{
	"format_version": "1.12.0",
	"minecraft:geometry": [
		{
			"description": {
				"identifier": "geometry.unknown",
				"texture_width": 256,
				"texture_height": 256,
				"visible_bounds_width": 8,
				"visible_bounds_height": 4,
				"visible_bounds_offset": [0, 1, 0]
			},
			"bones": [
				{
					"name": "main",
					"pivot": [0, 20, 0]
				},
				{
					"name": "gun",
					"parent": "main",
					"pivot": [1, 11, -1],
					"cubes": [
						{"origin": [-1.75, 15, -0.75], "size": [3.5, 4.5, 4.25], "uv": [0, 112]},
						{"origin": [-1.75, 4, -1], "size": [3.5, 11, 5], "inflate": 0.001, "pivot": [1, 15, -1], "rotation": [29.25, 0, 0], "uv": [29, 27]},
						{"origin": [-1.75, 15, 4.85], "size": [3.5, 3, 1], "inflate": -0.001, "pivot": [1, 15, 5.85], "rotation": [53.5, 0, 0], "uv": [59, 56]},
						{"origin": [-1.75, 7.4, 4.85], "size": [3.5, 7.6, 1], "pivot": [1, 15, 5.85], "rotation": [29.25, 0, 0], "uv": [0, 46]},
						{"origin": [-1.25, 14.15, -10.1], "size": [2.5, 1, 10], "inflate": -0.099, "uv": [16, 80]},
						{"origin": [-1.25, 14.5, -8.3], "size": [2.5, 1, 2], "inflate": -0.1, "pivot": [1.25, 14.5, -7.3], "rotation": [-21.75, 0, 0], "uv": [76, 80]},
						{"origin": [-0.9, 13.4, -4.6], "size": [1.8, 1, 1.25], "inflate": -0.001, "pivot": [0.9, 13.4, -4.6], "rotation": [45.25, 0, 0], "uv": [40, 50]},
						{"origin": [-0.9, 13.4, -9.6], "size": [1.8, 1, 5], "uv": [82, 47]},
						{"origin": [-2.25, 22.225, -4.1], "size": [4.5, 2.25, 21.65], "inflate": 0.001, "uv": [173, 32]},
						{"origin": [-2.25, 22.975, -5.45], "size": [4.5, 2, 1], "inflate": -0.001, "pivot": [2.25, 22.975, -5.45], "rotation": [-49.25, 0, 0], "uv": [78, 42]},
						{"origin": [-2.25, 20.875, 1.15], "size": [4.5, 2.25, 12.25], "uv": [135, 89]},
						{"origin": [1.5, 20.875, 5.65], "size": [1, 3.25, 2], "uv": [39, 7]},
						{"origin": [1.5, 21.375, 3.9], "size": [1, 2.25, 1.75], "pivot": [2.5, 21.375, 5.65], "rotation": [0, 5.25, 0], "uv": [14, 32]},
						{"origin": [-2.5, 21.375, 3.9], "size": [1, 2.25, 1.75], "pivot": [-2.5, 21.375, 5.65], "rotation": [0, -5.25, 0], "uv": [32, 7]},
						{"origin": [-2.5, 20.875, 5.65], "size": [1, 3.25, 2], "uv": [24, 0]},
						{"origin": [-2.5, 24.125, 5.65], "size": [1, 1.25, 2], "inflate": -0.001, "pivot": [-2.5, 24.125, 5.65], "rotation": [0, 0, 27], "uv": [71, 11]},
						{"origin": [1.5, 24.125, 5.65], "size": [1, 1.25, 2], "inflate": -0.001, "pivot": [2.5, 24.125, 5.65], "rotation": [0, 0, -27], "uv": [71, 3]},
						{"origin": [1.25, 19.875, 1.05], "size": [1, 1, 6.6], "pivot": [2.25, 20.875, 1.05], "rotation": [0, 0, 31.25], "uv": [49, 78]},
						{"origin": [-1.725, 20.025, 1.05], "size": [3.45, 1, 6.6], "uv": [24, 0]},
						{"origin": [-2.25, 19.875, 1.05], "size": [1, 1, 6.6], "pivot": [-2.25, 20.875, 1.05], "rotation": [0, 0, -31.25], "uv": [71, 11]},
						{"origin": [-2.25, 19.625, 13.3], "size": [4.5, 4.25, 7.35], "uv": [71, 0]},
						{"origin": [-2, 19.625, 7.6], "size": [4, 4.25, 22.95], "uv": [80, 139]},
						{"origin": [1, 16.625, 11.6], "size": [1, 3, 18.95], "inflate": -0.001, "pivot": [2, 19.625, 30.55], "rotation": [0, 0, 15], "uv": [49, 47]},
						{"origin": [0, 23.775, 11.6], "size": [2, 3.9, 1], "inflate": -0.002, "pivot": [2, 19.625, 22.55], "rotation": [36.5, 0, 3.25], "uv": [59, 68]},
						{"origin": [0, 19.525, 11.6], "size": [2, 4.25, 6.95], "inflate": -0.002, "pivot": [2, 19.625, 22.55], "rotation": [36.5, 0, 3.25], "uv": [0, 92]},
						{"origin": [1, 16.85, 11.1], "size": [1, 2.5, 7.45], "inflate": -0.003, "pivot": [2, 19.625, 22.55], "rotation": [0, 0, 3.25], "uv": [96, 65]},
						{"origin": [1, 17.85, 10.4], "size": [1, 1.775, 4.05], "inflate": -0.005, "pivot": [2, 19.625, 22.55], "rotation": [0, 0, 3.25], "uv": [15, 78]},
						{"origin": [1, 18.6, 9.825], "size": [1, 1.025, 1.05], "inflate": -0.004, "pivot": [2, 19.625, 22.55], "rotation": [0, 0, 3.25], "uv": [40, 20]},
						{"origin": [-2, 19.525, 11.6], "size": [2, 4.25, 6.95], "inflate": -0.002, "pivot": [-2, 19.625, 22.55], "rotation": [36.5, 0, -3.25], "uv": [49, 68]},
						{"origin": [-2, 23.775, 11.6], "size": [2, 3.9, 1], "inflate": -0.002, "pivot": [-2, 19.625, 22.55], "rotation": [36.5, 0, -3.25], "uv": [49, 68]},
						{"origin": [-2, 18.6, 9.825], "size": [1, 1.025, 1.05], "inflate": -0.004, "pivot": [-2, 19.625, 22.55], "rotation": [0, 0, -3.25], "uv": [40, 16]},
						{"origin": [-2, 16.85, 11.1], "size": [1, 2.5, 7.45], "inflate": -0.003, "pivot": [-2, 19.625, 22.55], "rotation": [0, 0, -3.25], "uv": [96, 47]},
						{"origin": [-2, 17.85, 10.4], "size": [1, 1.775, 4.05], "inflate": -0.005, "pivot": [-2, 19.625, 22.55], "rotation": [0, 0, -3.25], "uv": [0, 78]},
						{"origin": [-2, 16.625, 11.6], "size": [1, 3, 18.95], "inflate": -0.001, "pivot": [-2, 19.625, 30.55], "rotation": [0, 0, -15], "uv": [49, 20]},
						{"origin": [-1, 23.875, 7.6], "size": [2, 1.75, 22.95], "uv": [60, 175]},
						{"origin": [-1.2, 16.725, 11.6], "size": [2.4, 2.9, 18.95], "uv": [49, 0]},
						{"origin": [-0.7, 15.475, 16.6], "size": [1.4, 1.25, 13.95], "uv": [141, 0]},
						{"origin": [-0.5, 17.05, -46.5], "size": [1, 1.25, 30.95], "uv": [141, 0]},
						{"origin": [-0.75, 16.55, -50.175], "size": [1.5, 2.425, 6.95], "pivot": [0.75, 17.7, -50.175], "rotation": [-9.25, 0, 0], "uv": [30, 80]},
						{"origin": [1, 23.875, 7.6], "size": [1, 2, 22.95], "inflate": -0.001, "pivot": [2, 23.875, 30.55], "rotation": [0, 0, -29.5], "uv": [0, 178]},
						{"origin": [-2, 23.875, 7.6], "size": [1, 2, 22.95], "inflate": -0.001, "pivot": [-2, 23.875, 30.55], "rotation": [0, 0, 29.5], "uv": [154, 175]},
						{"origin": [-1, 25.525, -0.4], "size": [2, 1.75, 11.95], "uv": [0, 78]},
						{"origin": [-1, 25.525, 11.55], "size": [2, 1.75, 8.45], "pivot": [1, 27.275, 11.55], "rotation": [-11.5, 0, 0], "uv": [115, 65]},
						{"origin": [0, 25.275, 11.55], "size": [1, 2, 8.45], "pivot": [1, 27.275, 11.55], "rotation": [-10.80647, -3.95682, -19.8756], "uv": [49, 20]},
						{"origin": [-1, 25.275, 11.55], "size": [1, 2, 8.45], "pivot": [-1, 27.275, 11.55], "rotation": [-10.80647, 3.95682, 19.8756], "uv": [49, 0]},
						{"origin": [0, 25.525, -0.4], "size": [1, 1.75, 11.95], "inflate": -0.001, "pivot": [1, 27.275, -0.4], "rotation": [0, 0, -20.25], "uv": [70, 68]},
						{"origin": [-1, 25.525, -0.4], "size": [1, 1.75, 11.95], "inflate": -0.001, "pivot": [-1, 27.275, -0.4], "rotation": [0, 0, 20.25], "uv": [69, 47]},
						{"origin": [1.25, 17.625, 14.3], "size": [1, 2, 5.35], "pivot": [2.25, 19.625, 19.65], "rotation": [0, 0, 9.25], "uv": [32, 7]},
						{"origin": [-2.25, 17.4, 19.65], "size": [1, 2.05, 1], "inflate": -0.001, "pivot": [-2.25, 19.625, 20.65], "rotation": [-26.75, 0, -9.25], "uv": [0, 39]},
						{"origin": [-2.25, 17.4, 13.3], "size": [1, 2.05, 1], "inflate": -0.001, "pivot": [-2.25, 19.625, 13.3], "rotation": [26.75, 0, -9.25], "uv": [32, 20]},
						{"origin": [1.25, 17.4, 13.3], "size": [1, 2.05, 1], "inflate": -0.001, "pivot": [2.25, 19.625, 13.3], "rotation": [26.75, 0, 9.25], "uv": [32, 14]},
						{"origin": [1.25, 17.4, 19.65], "size": [1, 2.05, 1], "inflate": -0.001, "pivot": [2.25, 19.625, 20.65], "rotation": [-26.75, 0, 9.25], "uv": [20, 32]},
						{"origin": [-2.25, 17.625, 14.3], "size": [1, 2, 5.35], "pivot": [-2.25, 19.625, 19.65], "rotation": [0, 0, -9.25], "uv": [0, 32]},
						{"origin": [-2.25, 23.875, 19.65], "size": [4.5, 3.15, 1], "inflate": -0.001, "pivot": [2.25, 23.875, 20.65], "rotation": [79, 0, 0], "uv": [68, 41]},
						{"origin": [-2.25, 20.875, -2.35], "size": [4.5, 2, 3.5], "inflate": -0.001, "pivot": [2.25, 20.875, 1.15], "rotation": [-29, 0, 0], "uv": [79, 11]},
						{"origin": [-2.25, 24.475, -4.1], "size": [1, 1.5, 14.5], "pivot": [-2.25, 24.475, 10.4], "rotation": [0, 0, 22], "uv": [135, 136]},
						{"origin": [1.25, 25.725, -9.35], "size": [1, 1.125, 9.025], "inflate": -0.001, "pivot": [2.25, 24.475, 10.4], "rotation": [0, 0, -22], "uv": [115, 47]},
						{"origin": [-2.25, 25.725, -9.35], "size": [1, 1.125, 9.025], "inflate": -0.001, "pivot": [-2.25, 24.475, 10.4], "rotation": [0, 0, 22], "uv": [107, 113]},
						{"origin": [-2.5, 26.125, -9.35], "size": [1, 1.6, 2], "inflate": 0.001, "pivot": [-2.5, 24.475, -9.35], "rotation": [0, 0, 22], "uv": [55, 88]},
						{"origin": [-3.425, 29.075, -9.35], "size": [1, 1, 2], "inflate": -0.002, "pivot": [-3.425, 26.825, -9.35], "rotation": [0, 0, 73], "uv": [88, 53]},
						{"origin": [2.425, 29.075, -9.35], "size": [1, 1, 2], "inflate": -0.002, "pivot": [3.425, 26.825, -9.35], "rotation": [0, 0, -73], "uv": [88, 42]},
						{"origin": [-0.975, 26.85, -9.35], "size": [1.95, 1, 2], "uv": [88, 26]},
						{"origin": [-0.5, 26.6, -7.35], "size": [1, 1, 7], "uv": [96, 56]},
						{"origin": [-0.75, 26.9, -6.35], "size": [1.5, 1.5, 4.5], "uv": [70, 73]},
						{"origin": [-2.425, 22.175, -8.05], "size": [4.85, 1, 2], "inflate": -0.1, "uv": [49, 41]},
						{"origin": [1.325, 21.3, -8.05], "size": [1, 1, 2], "pivot": [2.325, 21.3, -8.05], "rotation": [0, 0, 11.75], "uv": [71, 0]},
						{"origin": [-2.325, 21.3, -8.05], "size": [1, 1, 2], "pivot": [-2.325, 21.3, -8.05], "rotation": [0, 0, -11.75], "uv": [60, 51]},
						{"origin": [-0.15, 27.8, -4.35], "size": [1.5, 1.6, 3], "inflate": -0.6, "pivot": [0.75, 28.4, -3.85], "rotation": [0, 0, -23], "uv": [59, 24]},
						{"origin": [-1.35, 27.8, -4.35], "size": [1.5, 1.6, 3], "inflate": -0.6, "pivot": [-0.75, 28.4, -3.85], "rotation": [0, 0, 23], "uv": [59, 20]},
						{"origin": [-1.175, 27.775, -4.35], "size": [1.5, 1.6, 3], "inflate": -0.601, "uv": [59, 4]},
						{"origin": [-0.325, 27.775, -4.35], "size": [1.5, 1.6, 3], "inflate": -0.601, "uv": [59, 0]},
						{"origin": [-1.05, 27.6, -6.35], "size": [2.1, 1, 1], "pivot": [0.25, 28.4, -6.35], "rotation": [-26.25, 0, 0], "uv": [39, 43]},
						{"origin": [-0.75, 27.4, -1.85], "size": [1.5, 1, 1.5], "inflate": -0.001, "pivot": [0.25, 28.4, -1.85], "rotation": [-41.5, 0, 0], "uv": [40, 14]},
						{"origin": [-0.5, 27.475, -1.4], "size": [1, 1.1, 1], "inflate": -0.1, "pivot": [0.25, 28.4, -1.85], "rotation": [-41.5, 0, 0], "uv": [8, 39]},
						{"origin": [0.5, 26.6, -7.35], "size": [1.3, 1, 7], "inflate": -0.001, "pivot": [0.5, 27.6, -7.35], "rotation": [0, 0, 52.75], "uv": [49, 30]},
						{"origin": [-1.8, 26.6, -7.35], "size": [1.3, 1, 7], "inflate": -0.001, "pivot": [-0.5, 27.6, -7.35], "rotation": [0, 0, -52.75], "uv": [49, 10]},
						{"origin": [1.5, 26.125, -9.35], "size": [1, 1.6, 2], "inflate": 0.001, "pivot": [2.5, 24.475, -9.35], "rotation": [0, 0, -22], "uv": [49, 88]},
						{"origin": [-2.25, 18.8, 0.475], "size": [1, 1, 1.75], "inflate": -0.002, "pivot": [-2.25, 24.475, 10.4], "rotation": [-37.75, 0, 22], "uv": [36, 50]},
						{"origin": [-1.675, 24.85, 10.4], "size": [1, 1, 2.7], "inflate": 0.002, "pivot": [-1.675, 25.85, 10.4], "rotation": [-11.75, 0, 22], "uv": [79, 88]},
						{"origin": [-1.975, 25.15, 12.5], "size": [1.25, 1, 5], "inflate": -0.299, "pivot": [-1.675, 25.85, 10.4], "rotation": [-11.75, 0, 22], "uv": [82, 36]},
						{"origin": [-1.975, 24.05, 10.1], "size": [1, 1, 5.8], "inflate": -0.3, "pivot": [-1.675, 25.85, 10.4], "rotation": [0, 0, 22], "uv": [82, 20]},
						{"origin": [-1.975, 24.35, 10.1], "size": [1, 1, 4], "inflate": -0.301, "pivot": [-1.675, 25.85, 10.4], "rotation": [0, 0, 22], "uv": [83, 74]},
						{"origin": [1.25, 18.8, 0.475], "size": [1, 1, 1.75], "inflate": -0.002, "pivot": [2.25, 24.475, 10.4], "rotation": [-37.75, 0, -22], "uv": [8, 41]},
						{"origin": [1.25, 24.475, -4.1], "size": [1, 1.5, 14.5], "pivot": [2.25, 24.475, 10.4], "rotation": [0, 0, -22], "uv": [135, 103]},
						{"origin": [1.45, 25.775, 6], "size": [1, 2.1, 2], "inflate": -0.2, "pivot": [2.25, 24.475, 10.4], "rotation": [0, 0, -22], "uv": [60, 47]},
						{"origin": [-2.45, 25.775, 6], "size": [1, 2.1, 2], "inflate": -0.2, "pivot": [-2.25, 24.475, 10.4], "rotation": [0, 0, 22], "uv": [39, 59]},
						{"origin": [-1.25, 26.65, 6], "size": [2.5, 1, 2], "inflate": -0.199, "uv": [79, 33]},
						{"origin": [0.675, 24.85, 10.4], "size": [1, 1, 2.7], "inflate": 0.002, "pivot": [1.675, 25.85, 10.4], "rotation": [-11.75, 0, -22], "uv": [88, 59]},
						{"origin": [0.975, 24.05, 10.1], "size": [1, 1, 5.8], "inflate": -0.3, "pivot": [1.675, 25.85, 10.4], "rotation": [0, 0, -22], "uv": [32, 53]},
						{"origin": [0.975, 24.35, 10.1], "size": [1, 1, 4], "inflate": -0.301, "pivot": [1.675, 25.85, 10.4], "rotation": [0, 0, -22], "uv": [0, 83]},
						{"origin": [0.725, 25.15, 12.5], "size": [1.25, 1, 5], "inflate": -0.299, "pivot": [1.675, 25.85, 10.4], "rotation": [-11.75, 0, -22], "uv": [32, 59]},
						{"origin": [-2.35, 22.125, -9.3], "size": [4.7, 1, 5.3], "inflate": -0.1, "uv": [69, 59]},
						{"origin": [-0.9, 13.4, -16.6], "size": [1.8, 1, 7], "inflate": -0.001, "pivot": [0.9, 13.4, -9.6], "rotation": [-22.5, 0, 0], "uv": [98, 27]},
						{"origin": [-1.15, 14.25, -13.75], "size": [2.3, 1, 3.75], "pivot": [1.15, 14.25, -10], "rotation": [-22.5, 0, 0], "uv": [58, 41]},
						{"origin": [-1.25, 15.575, -13.575], "size": [2.5, 3.325, 6.225], "inflate": -0.099, "uv": [26, 122]},
						{"origin": [-1.25, 20.65, -8.475], "size": [2.5, 2.325, 4.225], "inflate": -0.1, "pivot": [1.25, 19.975, 1.75], "rotation": [21.75, 0, 0], "uv": [32, 14]},
						{"origin": [-1.25, 14.825, -11.575], "size": [2.5, 1.075, 4.225], "inflate": -0.101, "uv": [0, 39]},
						{"origin": [-1.9, 17.8, -2.325], "size": [3.8, 2, 1.725], "uv": [86, 0]},
						{"origin": [0.65, 18.15, -14.725], "size": [1.25, 1.75, 12.725], "pivot": [1.9, 19.9, -14.725], "rotation": [0, 0, 28.5], "uv": [0, 32]},
						{"origin": [-1.9, 18.15, -14.725], "size": [1.5, 1.75, 15.75], "pivot": [-1.9, 19.9, -14.725], "rotation": [0, 0, -28.5], "uv": [90, 113]},
						{"origin": [-1.9, 19.9, -9.225], "size": [1, 2.2, 7.975], "inflate": 0.001, "pivot": [-1.9, 19.9, -9.225], "rotation": [0, 0, -10.5], "uv": [98, 18]},
						{"origin": [-1.9, 20.525, -10.15], "size": [2, 1.2, 2.175], "inflate": -0.001, "pivot": [-1.9, 19.9, -9.225], "rotation": [34.75, 0, -10.5], "uv": [57, 81]},
						{"origin": [-1.9, 20.475, -2.275], "size": [1, 1.2, 2.575], "inflate": -0.001, "pivot": [-1.9, 19.9, -0.775], "rotation": [-29.5, 0, -10.5], "uv": [73, 88]},
						{"origin": [-1.9, 19.9, -14.725], "size": [1.5, 1, 15.75], "pivot": [-1.9, 19.9, -14.725], "rotation": [0, 0, -10.5], "uv": [45, 113]},
						{"origin": [0.15, 20.525, -10.15], "size": [1.75, 1.2, 2.175], "inflate": -0.001, "pivot": [1.9, 19.9, -9.225], "rotation": [34.75, 0, 10.5], "uv": [61, 88]},
						{"origin": [0.4, 19.9, -14.725], "size": [1.5, 1, 15.75], "pivot": [1.9, 19.9, -14.725], "rotation": [0, 0, 10.5], "uv": [0, 112]},
						{"origin": [0.9, 19.9, -9.225], "size": [1, 2.2, 7.975], "inflate": 0.001, "pivot": [1.9, 19.9, -9.225], "rotation": [0, 0, 10.5], "uv": [98, 0]},
						{"origin": [0.9, 20.475, -2.275], "size": [1, 1.2, 2.575], "inflate": -0.001, "pivot": [1.9, 19.9, -0.775], "rotation": [-29.5, 0, 10.5], "uv": [67, 88]},
						{"origin": [0.9, 19.8, -2.325], "size": [1, 1, 7.975], "pivot": [1.9, 19.8, -2.325], "rotation": [0, 0, -54.5], "uv": [98, 9]},
						{"origin": [-1.9, 19.8, -2.325], "size": [1, 1, 7.975], "pivot": [-1.9, 19.8, -2.325], "rotation": [0, 0, 54.5], "uv": [96, 74]},
						{"origin": [-1.325, 18.975, -2.325], "size": [2.65, 2.075, 7.975], "inflate": 0.001, "uv": [49, 47]},
						{"origin": [-1.1, 17.8, -6.575], "size": [3, 1, 4.25], "inflate": 0.001, "pivot": [1.9, 17.8, -2.325], "rotation": [0, 5.5, 0], "uv": [69, 33]},
						{"origin": [-1.9, 17.8, -6.575], "size": [1, 1, 4.25], "pivot": [-1.9, 17.8, -2.325], "rotation": [0, -5.5, 0], "uv": [83, 69]},
						{"origin": [-1.9, 18.8, -6.575], "size": [1, 1, 4.25], "inflate": -0.001, "pivot": [-1.9, 19.8, -2.325], "rotation": [13, -5.5, 0], "uv": [83, 64]},
						{"origin": [0.9, 18.8, -6.575], "size": [1, 1, 4.25], "pivot": [1.9, 19.8, -2.325], "rotation": [13, 5.5, 0], "uv": [15, 83]},
						{"origin": [-1, 15.975, -16.15], "size": [2, 2.925, 3], "inflate": -0.1, "uv": [84, 85]},
						{"origin": [-1.5, 14.9, -1.35], "size": [3, 4, 2], "inflate": -0.1, "uv": [34, 65]},
						{"origin": [-1, 14.9, -3.125], "size": [2, 4, 1], "inflate": -0.1, "pivot": [1, 14.9, -2.125], "rotation": [-21, 0, 0], "uv": [24, 46]},
						{"origin": [-1, 17.95, -49.05], "size": [2, 2, 34.325], "pivot": [0, 18.95, -49.05], "rotation": [0, 0, -20], "uv": [42, 139]},
						{"origin": [-1.5, 17.45, -49.55], "size": [3, 3, 6.5], "pivot": [0, 18.95, -49.05], "rotation": [0, 0, -20], "uv": [117, 18]},
						{"origin": [1.35, 24.3, -9.625], "size": [1.2, 1.65, 4.15], "inflate": -0.2, "pivot": [2.35, 24.5, -9.425], "rotation": [0, 0, -24.75], "uv": [34, 71]},
						{"origin": [1.35, 23, -9.625], "size": [1.2, 1.7, 4.15], "inflate": -0.199, "pivot": [2.35, 24.5, -9.425], "rotation": [0, 0, 24.75], "uv": [70, 68]},
						{"origin": [-2.55, 23, -9.625], "size": [1.2, 1.7, 4.15], "inflate": -0.199, "pivot": [-2.35, 24.5, -9.425], "rotation": [0, 0, -24.75], "uv": [69, 52]},
						{"origin": [-2.55, 24.3, -9.625], "size": [1.2, 1.65, 4.15], "inflate": -0.2, "pivot": [-2.35, 24.5, -9.425], "rotation": [0, 0, 24.75], "uv": [69, 47]},
						{"origin": [-2, 21.725, -9.625], "size": [1.2, 1.8, 3.55], "inflate": -0.2, "pivot": [-1.8, 23.325, -9.425], "rotation": [0, 0, -60.25], "uv": [58, 10]},
						{"origin": [0.8, 21.725, -9.625], "size": [1.2, 1.8, 4.15], "inflate": -0.2, "pivot": [1.8, 23.325, -9.425], "rotation": [0, 0, 60.25], "uv": [69, 25]},
						{"origin": [-2.55, 23, -5.875], "size": [1.2, 1.6, 2.25], "inflate": -0.199, "pivot": [-2.35, 24.5, -5.675], "rotation": [0, 14.5, -24.75], "uv": [49, 81]},
						{"origin": [1.35, 24.4, -5.875], "size": [1.2, 1.55, 2.25], "inflate": -0.2, "pivot": [2.35, 24.5, -5.675], "rotation": [0, -14.5, -24.75], "uv": [71, 14]},
						{"origin": [-2.55, 24.4, -5.875], "size": [1.2, 1.55, 2.25], "inflate": -0.2, "pivot": [-2.35, 24.5, -5.675], "rotation": [0, 14.5, 24.75], "uv": [38, 80]},
						{"origin": [-2, 21.725, -5.875], "size": [1.2, 1.8, 2.25], "inflate": -0.2, "pivot": [-1.8, 23.325, -5.675], "rotation": [-8, 12, -60.25], "uv": [49, 78]},
						{"origin": [0.8, 21.725, -5.875], "size": [1.2, 1.8, 2.25], "inflate": -0.2, "pivot": [1.8, 23.325, -5.675], "rotation": [-8, -12, 60.25], "uv": [30, 80]},
						{"origin": [1.35, 23, -5.875], "size": [1.2, 1.6, 2.25], "inflate": -0.199, "pivot": [2.35, 24.5, -5.675], "rotation": [0, -14.5, 24.75], "uv": [30, 83]},
						{"origin": [1.55, 25.5, -9.575], "size": [1, 1.6, 2.925], "inflate": -0.2, "pivot": [2.35, 25.7, -17.375], "rotation": [0, 0, -52.75], "uv": [87, 33]},
						{"origin": [-2.55, 25.5, -9.575], "size": [1, 1.6, 2.925], "inflate": -0.2, "pivot": [-2.35, 25.7, -17.375], "rotation": [0, 0, 52.75], "uv": [38, 83]},
						{"origin": [1.55, 20.6, -8.25], "size": [1, 1.4, 2.925], "inflate": -0.201, "pivot": [2.35, 25.7, -17.375], "rotation": [27.75, 0, -52.75], "uv": [86, 80]},
						{"origin": [-2.55, 20.6, -8.25], "size": [1, 1.4, 2.925], "inflate": -0.201, "pivot": [-2.35, 25.7, -17.375], "rotation": [27.75, 0, 52.75], "uv": [86, 3]}
					]
				},
				{
					"name": "pump",
					"parent": "gun",
					"pivot": [0, 16.2, -40.05],
					"cubes": [
						{"origin": [1, 14.45, -40.05], "size": [2, 3.75, 16], "pivot": [3, 18.2, -41.05], "rotation": [0, 0, 28.75], "uv": [90, 94]},
						{"origin": [1, 14.45, -41.05], "size": [2, 3.75, 6], "pivot": [3, 18.2, -41.05], "rotation": [0, 0, 22.75], "uv": [90, 94]},
						{"origin": [-1.525, 14.75, -41.05], "size": [3.05, 1.75, 6], "inflate": 0.001, "uv": [24, 46]},
						{"origin": [-1.175, 14.9, -35.05], "size": [2.35, 1.75, 11], "inflate": 0.001, "uv": [14, 32]},
						{"origin": [-1.175, 14.9, -24.05], "size": [2.35, 1.75, 2.5], "inflate": 0.001, "pivot": [1.175, 14.9, -24.05], "rotation": [45.5, 0, 0], "uv": [58, 14]},
						{"origin": [1, 15.95, -24.05], "size": [2, 1.95, 2], "pivot": [3, 18.2, -24.05], "rotation": [0, -25.75, 28.75], "uv": [57, 78]},
						{"origin": [1, 15.2, -25.825], "size": [2, 1.225, 2], "inflate": -0.001, "pivot": [3, 18.2, -24.05], "rotation": [37, -25.75, 28.75], "uv": [59, 60]},
						{"origin": [-3, 14.45, -41.05], "size": [2, 3.75, 6], "pivot": [-3, 18.2, -41.05], "rotation": [0, 0, -22.75], "uv": [45, 94]},
						{"origin": [-3, 14.45, -40.05], "size": [2, 3.75, 16], "pivot": [-3, 18.2, -41.05], "rotation": [0, 0, -28.75], "uv": [45, 94]},
						{"origin": [-3, 15.95, -24.05], "size": [2, 1.95, 2], "pivot": [-3, 18.2, -24.05], "rotation": [0, 25.75, -28.75], "uv": [58, 34]},
						{"origin": [-3, 15.2, -25.825], "size": [2, 1.225, 2], "inflate": -0.001, "pivot": [-3, 18.2, -24.05], "rotation": [37, 25.75, -28.75], "uv": [49, 60]},
						{"origin": [1, 18.2, -41.05], "size": [2, 3, 17], "inflate": 0.001, "pivot": [3, 18.2, -41.05], "rotation": [0, 0, -23.75], "uv": [0, 92]},
						{"origin": [1, 18.4, -24.05], "size": [2, 2.8, 2], "inflate": 0.001, "pivot": [3, 18.2, -24.05], "rotation": [0, -28.75, -23.75], "uv": [49, 56]},
						{"origin": [-3, 18.4, -24.05], "size": [2, 2.8, 2], "inflate": 0.001, "pivot": [-3, 18.2, -24.05], "rotation": [0, 28.75, 23.75], "uv": [36, 46]},
						{"origin": [0.85, 21.475, -41.05], "size": [1, 1.4, 17], "inflate": 0.001, "pivot": [1.85, 21.475, -41.05], "rotation": [0, 0, -24.5], "uv": [98, 18]},
						{"origin": [0.85, 20.475, -41.05], "size": [1, 1, 17], "uv": [98, 0]},
						{"origin": [-1.85, 21.475, -41.05], "size": [1, 1.4, 17], "inflate": 0.001, "pivot": [-1.85, 21.475, -41.05], "rotation": [0, 0, 24.5], "uv": [96, 47]},
						{"origin": [-3, 18.2, -41.05], "size": [2, 3, 17], "inflate": 0.001, "pivot": [-3, 18.2, -41.05], "rotation": [0, 0, 23.75], "uv": [49, 68]},
						{"origin": [-1.85, 20.475, -41.05], "size": [1, 1, 17], "uv": [96, 65]}
					]
				},
				{
					"name": "barrel",
					"parent": "gun",
					"pivot": [0, 24.6, -54.375],
					"cubes": [
						{"origin": [1.25, 24.3, -54.575], "size": [1.2, 2.1, 41.25], "inflate": -0.2, "pivot": [2.25, 24.5, -54.375], "rotation": [0, 0, -24.75], "uv": [92, 136]},
						{"origin": [1.45, 23, -13.725], "size": [1.2, 1.7, 4.5], "inflate": -0.199, "pivot": [2.45, 24.5, -13.525], "rotation": [0, 0, 24.75], "uv": [82, 59]},
						{"origin": [0.9, 21.725, -13.725], "size": [1.2, 1.8, 4.5], "inflate": -0.2, "pivot": [1.9, 23.325, -13.525], "rotation": [0, 0, 60.25], "uv": [82, 53]},
						{"origin": [-2.65, 24.3, -13.725], "size": [2.45, 2.15, 4.5], "inflate": -0.2, "pivot": [-2.45, 24.5, -13.525], "rotation": [0, 0, 24.75], "uv": [32, 20]},
						{"origin": [0.95, 24.3, -13.725], "size": [1.7, 2.15, 4.5], "inflate": -0.2, "pivot": [2.45, 24.5, -13.525], "rotation": [0, 0, -24.75], "uv": [14, 32]},
						{"origin": [1.65, 23.7, -13.825], "size": [1.2, 1.65, 4.25], "inflate": -0.299, "uv": [70, 80]},
						{"origin": [1.65, 23.7, -13.825], "size": [1.95, 1.65, 1.25], "inflate": -0.3, "pivot": [2.45, 24, -13.525], "rotation": [0, 8, 0], "uv": [40, 22]},
						{"origin": [-2.1, 21.725, -13.725], "size": [1.2, 1.8, 4.5], "inflate": -0.2, "pivot": [-1.9, 23.325, -13.525], "rotation": [0, 0, -60.25], "uv": [80, 80]},
						{"origin": [-2.65, 23, -13.725], "size": [1.2, 1.7, 4.5], "inflate": -0.199, "pivot": [-2.45, 24.5, -13.525], "rotation": [0, 0, -24.75], "uv": [82, 26]},
						{"origin": [-2.55, 23.8, -20.575], "size": [5.1, 2.1, 7.25], "inflate": -0.2, "uv": [17, 112]},
						{"origin": [-2.55, 25.5, -20.575], "size": [1, 2.1, 11.425], "inflate": -0.2, "pivot": [-2.35, 25.7, -20.375], "rotation": [0, 0, 52.75], "uv": [69, 20]},
						{"origin": [-2.55, 25.5, -29.575], "size": [1, 2.1, 9.4], "inflate": -0.2, "pivot": [-2.35, 25.7, -20.375], "rotation": [-3.58471, -2.72205, 52.8352], "uv": [65, 94]},
						{"origin": [1.55, 25.5, -29.575], "size": [1, 2.1, 9.4], "inflate": -0.2, "pivot": [2.35, 25.7, -20.375], "rotation": [-3.58471, 2.72205, -52.8352], "uv": [21, 92]},
						{"origin": [1.55, 25.5, -20.575], "size": [1, 2.1, 11.425], "inflate": -0.2, "pivot": [2.35, 25.7, -20.375], "rotation": [0, 0, -52.75], "uv": [21, 67]},
						{"origin": [-2.55, 23.8, -29.575], "size": [1, 2.1, 9.4], "inflate": -0.2, "pivot": [-2.35, 24, -20.375], "rotation": [0, -4.25, 0], "uv": [62, 113]},
						{"origin": [1.55, 23.8, -29.575], "size": [1, 2.1, 9.4], "inflate": -0.2, "pivot": [2.35, 24, -20.375], "rotation": [0, 4.25, 0], "uv": [110, 94]},
						{"origin": [-1.925, 25.775, -54.575], "size": [2.1, 1.2, 41.25], "inflate": -0.2, "pivot": [0.075, 26.775, -54.375], "rotation": [0, 0, -24.75], "uv": [96, 47]},
						{"origin": [-1.05, 27.325, -54.575], "size": [2.1, 1, 45.425], "inflate": -0.2, "uv": [0, 0]},
						{"origin": [-0.85, 26.575, -54.375], "size": [1.7, 1, 1.025], "inflate": 0.002, "uv": [32, 10]},
						{"origin": [-0.95, 27.675, -17.675], "size": [1.1, 1.2, 8.125], "inflate": -0.3, "uv": [117, 0]},
						{"origin": [-0.95, 25.675, -17.675], "size": [1.1, 3.2, 1.125], "inflate": -0.301, "pivot": [-0.65, 28.575, -17.375], "rotation": [-72.25, 0, 0], "uv": [7, 32]},
						{"origin": [-0.15, 25.675, -17.675], "size": [1.1, 3.2, 1.125], "inflate": -0.301, "pivot": [0.65, 28.575, -17.375], "rotation": [-72.25, 0, 0], "uv": [0, 32]},
						{"origin": [-0.15, 27.675, -17.675], "size": [1.1, 1.2, 8.125], "inflate": -0.3, "uv": [49, 56]},
						{"origin": [-0.05, 27.625, -47.675], "size": [1, 1, 30.125], "inflate": -0.3, "uv": [173, 1]},
						{"origin": [-0.95, 27.625, -47.675], "size": [1, 1, 30.125], "inflate": -0.3, "uv": [141, 43]},
						{"origin": [-0.15, 27.675, -10.15], "size": [1.1, 1.2, 1.325], "inflate": -0.301, "pivot": [0.65, 28.575, -9.85], "rotation": [-47.25, 0, 0], "uv": [40, 28]},
						{"origin": [-0.95, 27.675, -10.15], "size": [1.1, 1.2, 1.325], "inflate": -0.301, "pivot": [-0.65, 28.575, -9.85], "rotation": [-47.25, 0, 0], "uv": [40, 26]},
						{"origin": [-0.85, 20.975, -54.375], "size": [1.7, 2, 45.2], "inflate": 0.002, "uv": [49, 47]},
						{"origin": [-1.5, 22.475, -10.7], "size": [3, 3, 2.7], "inflate": -0.2, "pivot": [0, 24.225, -10.7], "rotation": [0, 0, -32.25], "uv": [69, 20]},
						{"origin": [-1.5, 22.475, -9.95], "size": [3, 3, 2.7], "inflate": -0.7, "pivot": [0, 24.225, -9.95], "rotation": [0, 0, -32.25], "uv": [14, 38]},
						{"origin": [-0.85, 19.225, -49.525], "size": [1.7, 1.75, 40.35], "inflate": 0.002, "uv": [0, 137]},
						{"origin": [-0.15, 20.975, -54.375], "size": [1, 2.25, 13.45], "inflate": 0.001, "pivot": [0.85, 20.725, -54.375], "rotation": [0, 0, 15.75], "uv": [42, 139]},
						{"origin": [-0.15, 19.975, -50.55], "size": [1, 1, 1], "inflate": 0.001, "pivot": [0.85, 20.725, -54.375], "rotation": [0, 0, 15.75], "uv": [41, 0]},
						{"origin": [-0.85, 19.975, -50.55], "size": [1, 1, 1], "inflate": 0.001, "pivot": [-0.85, 20.725, -54.375], "rotation": [0, 0, -15.75], "uv": [40, 30]},
						{"origin": [-0.85, 20.975, -54.375], "size": [1, 2.25, 13.45], "inflate": 0.001, "pivot": [-0.85, 20.725, -54.375], "rotation": [0, 0, -15.75], "uv": [0, 137]},
						{"origin": [-0.15, 25.675, -54.375], "size": [1, 2.4, 43.025], "inflate": -0.001, "pivot": [0.85, 28.075, -54.375], "rotation": [0, 0, -13], "uv": [45, 94]},
						{"origin": [0.15, 25.975, -11.675], "size": [1, 2.4, 2.625], "inflate": -0.301, "pivot": [0.85, 28.075, -54.375], "rotation": [0, 0, -13], "uv": [39, 53]},
						{"origin": [-1.15, 25.975, -11.675], "size": [1, 2.4, 2.625], "inflate": -0.301, "pivot": [-0.85, 28.075, -54.375], "rotation": [0, 0, 13], "uv": [49, 47]},
						{"origin": [-0.575, 27.225, -11.675], "size": [1.075, 1.8, 2.625], "inflate": -0.302, "pivot": [-0.85, 28.075, -54.375], "rotation": [0, 0, 56.25], "uv": [49, 51]},
						{"origin": [-0.85, 25.675, -54.375], "size": [1, 2.4, 43.025], "inflate": -0.001, "pivot": [-0.85, 28.075, -54.375], "rotation": [0, 0, 13], "uv": [0, 92]},
						{"origin": [-0.175, 25.775, -54.575], "size": [2.1, 1.2, 41.25], "inflate": -0.2, "pivot": [-0.075, 26.775, -54.375], "rotation": [0, 0, 24.75], "uv": [90, 94]},
						{"origin": [-0.175, 22.025, -54.575], "size": [2.1, 1.2, 45.65], "inflate": -0.2, "pivot": [-0.075, 22.225, -54.375], "rotation": [0, 0, -24.75], "uv": [0, 46]},
						{"origin": [-1.925, 22.025, -54.575], "size": [2.1, 1.2, 45.65], "inflate": -0.2, "pivot": [0.075, 22.225, -54.375], "rotation": [0, 0, 24.75], "uv": [49, 1]},
						{"origin": [1.25, 22.6, -54.575], "size": [1.2, 2.1, 41.25], "inflate": -0.2, "pivot": [2.25, 24.5, -54.375], "rotation": [0, 0, 24.75], "uv": [135, 132]},
						{"origin": [-2.45, 24.3, -54.575], "size": [1.2, 2.1, 41.25], "inflate": -0.2, "pivot": [-2.25, 24.5, -54.375], "rotation": [0, 0, 24.75], "uv": [98, 0]},
						{"origin": [-2.45, 22.6, -54.575], "size": [1.2, 2.1, 41.25], "inflate": -0.2, "pivot": [-2.25, 24.5, -54.375], "rotation": [0, 0, -24.75], "uv": [135, 89]},
						{"origin": [-0.75, 27.275, -54.85], "size": [1.5, 2.1, 3], "inflate": -0.601, "uv": [36, 0]},
						{"origin": [-0.75, 27.675, -53.275], "size": [1.5, 1.85, 3], "inflate": -0.602, "pivot": [-0.325, 28.55, -52.775], "rotation": [-40.75, 0, 0], "uv": [58, 30]}
					]
				},
				{
					"name": "insert",
					"parent": "barrel",
					"pivot": [0, 27, -11.325]
				},
				{
					"name": "bone",
					"parent": "insert",
					"pivot": [0, 26.975, -8.325],
					"rotation": [23.75, 0, 0],
					"cubes": [
						{"origin": [0.01495, 22.375, -9.6875], "size": [1.15, 6, 2.8], "inflate": -0.5, "pivot": [-1.3, 27.175, -9.325], "rotation": [-90, 0, -30], "uv": [49, 20]},
						{"origin": [-1.63505, 22.375, -9.6875], "size": [1.15, 6, 2.8], "inflate": -0.5, "pivot": [-1.3, 27.175, -9.325], "rotation": [-90, 0, -30], "uv": [49, 0]},
						{"origin": [-1.48505, 22.375, -9.6875], "size": [2.5, 6, 1.15], "inflate": -0.5, "pivot": [-1.3, 27.175, -9.325], "rotation": [-90, 0, -30], "uv": [49, 30]},
						{"origin": [-1.48505, 22.375, -8.0375], "size": [2.5, 6, 1.15], "inflate": -0.5, "pivot": [-1.3, 27.175, -9.325], "rotation": [-90, 0, -30], "uv": [49, 10]}
					]
				},
				{
					"name": "shell",
					"parent": "insert",
					"pivot": [0, 26.975, -8.325],
					"rotation": [23.75, 0, 0],
					"cubes": [
						{"origin": [-1.23505, 22.2, -9.2875], "size": [2, 6, 2], "inflate": -0.25, "pivot": [-1.3, 27.175, -9.325], "rotation": [-90, 0, -30], "uv": [0, 0]}
					]
				},
				{
					"name": "shell2",
					"parent": "insert",
					"pivot": [0, 26.975, -8.325],
					"rotation": [23.75, 0, 0],
					"cubes": [
						{"origin": [-1.23505, 22.2, -9.2875], "size": [2, 6, 2], "inflate": -0.25, "pivot": [-1.3, 27.175, -9.325], "rotation": [-90, 0, -30], "uv": [0, 0]}
					]
				},
				{
					"name": "rightarm",
					"parent": "main",
					"pivot": [-4.3, 8.8, 21.8],
					"rotation": [-101.81106, -12.40003, -2.46982],
					"cubes": [
						{"origin": [-8.3, -15.2, 17.8], "size": [8, 24, 8], "uv": [0, 46]}
					]
				},
				{
					"name": "leftarm",
					"parent": "main",
					"pivot": [9.875, 7.2, -11.675],
					"rotation": [-119.61483, 1.67666, -38.31282],
					"cubes": [
						{"origin": [5.875, -16.8, -15.675], "size": [8, 24, 8], "uv": [0, 0]}
					]
				},
				{
					"name": "muzzleflash",
					"parent": "main",
					"pivot": [0, 24.35, -68.25],
					"cubes": [
						{"origin": [-0.5, 23.85, -68.55], "size": [1, 1, 1], "inflate": -0.4, "uv": [27, 69]}
					]
				},
				{
					"name": "scope",
					"parent": "main",
					"pivot": [0, 28.825, 2.125],
					"cubes": [
						{"origin": [-0.5, 28.325, 1.825], "size": [1, 1, 1], "inflate": -0.4, "uv": [27, 69]}
					]
				}
			]
		}
	]
}