{
  "name" : "cp2077_arasaka_hjke11_yukimura",
  "type": "Gun",
  "compatibleAttachmentGroups": [
    "chimera"
  ],
  "features": [
    {
      "type": "FireMode",
      "fireModes": [
        {
          "name": "automatic",
          "displayName": "label.pointblank.fireMode.automatic",
          "type": "AUTOMATIC",
          "rpm": 400,
          "damage": 3.0,
          "isUsingDefaultMuzzle": true
        },
        {
          "name": "burst",
          "displayName": "label.pointblank.fireMode.burst",
          "type": "BURST",
          "rpm": 700,
          "damage": 3.0,
          "isUsingDefaultMuzzle": true
        }
      ]
    }
  ],
  "maxAmmoCapacity" : 30,
  "compatibleAmmo" : ["ammo9mm", "ammocreative"],
  "fireSound" : "yukimura_fire",
  "drawCooldownDuration" : 530,
  "aimingZoom" : 0.25,
  "damage": 3.0,
  "gunRecoilInitialAmplitude" : 0.2,
  "shakeRecoilAmplitude" : 0.25,
  "shakeRecoilSpeed" : 2,
  "viewRecoilAmplitude" : 1.5,
  "inspectCooldownDuration": 5000,
  "reticleOverlay": "textures/item/reticle_smartgun.png",
  "glowingParts": [
    {
      "name": "image"
    },
    {
      "name": "image2"
    },
    {
      "name": "image3"
    },
    {
      "name": "glow"
    }
  ],
  "effects": [
    {
      "phase": "hit_scan_acquired",
      "name": "tracer"
    },
    {
      "phase": "firing",
      "name": "muzzle_flash_small"
    }
  ],
  "phasedReloads": [
    {
      "phase": "RELOADING",
      "condition": "reloadIterationIndex == 0",
      "duration": 3300,
      "animation": "animation.model.reloadempty"
    },
    {
      "phase": "RELOADING",
      "condition": "reloadIterationIndex > 0",
      "duration": 2370,
      "animation": "animation.model.reload"
    }
  ]
}
