{
  "name" : "cp2077_chimera_overclocker",
  "type": "Attachment",
  "category": "underbarrel",
  "groups": [
    "underbarrel",
    "grip",
    "sights_group",
    "chimera"
  ],
  "features": [
    {
      "type": "FireMode",
      "fireModes": [
        {
          "name": "chimera_overclocked",
          "displayName": "label.pointblank.fireMode.chimera_overclocked",
          "type": "AUTOMATIC",
          "rpm": 1000,
          "damage": 15.0,
          "isUsingDefaultMuzzle": true
        }
      ]
    }
  ]
}
