{
  "name" : "cp2077_militech_m10af_lexington",
  "type": "Gun",
  "compatibleAttachments": [
    "moa_hg",
    "smg_suppressor",
    "smg_muzzlebrake"
  ],
  "compatibleAttachmentGroups": [
    "cp2077_short_scope",
    "chimera"
  ],
  "features": [
    {
        "type": "Aiming",
        "zoom": 0.25,
        "condition": {
          "allOf": [
            {
              "doesNotHaveAttachment": "moa_hg"
            },
            {
              "doesNotHaveAttachmentGroup": "cp2077_short_scope"
            }
          ]
        }
    },
    {
      "type": "Sound",
      "fireSound": "lexington_fire_suppressed",
      "fireSoundVolume": 1,
      "condition": {
        "hasAttachment": "smg_suppressor"
      }
    },
    {
      "type": "PartVisibility",
      "parts": [
        {
          "name": "rail",
          "visible": false,
          "condition": {
          "allOf": [
              {
                "doesNotHaveAttachment": "moa_hg"
              },
              {
                "doesNotHaveAttachmentGroup": "cp2077_short_scope"
              }
            ]
          }
        }
      ]
    },
    {
      "type": "FireMode",
      "fireModes": [
        {
          "name": "automatic",
          "displayName": "label.pointblank.fireMode.automatic",
          "type": "AUTOMATIC",
          "rpm": 450,
          "damage": 4,
          "isUsingDefaultMuzzle": true
        },
        {
          "name": "single",
          "displayName": "label.pointblank.fireMode.single",
          "type": "SINGLE",
          "rpm": 550,
          "damage": 4.0,
          "isUsingDefaultMuzzle": true
        }
      ]
    },
    {
      "type": "MuzzleFlash",
      "effects": [
        {
          "phase": "firing",
          "name": "muzzle_flash_small"
        }
      ],
        "condition": {
          "allOf": [
            {
              "isUsingDefaultMuzzle": true
            },
            {
              "doesNotHaveAttachment": "smg_suppressor"
            },
            {
              "doesNotHaveAttachment": "smg_muzzlebrake"
            }
          ]
        }
    }
  ],
  "maxAmmoCapacity" : 20,
  "compatibleAmmo" : ["ammo9mm", "ammocreative"],
  "fireModes" : ["AUTOMATIC"],
  "fireSound" : "lexington_fire",
  "rpm": 450,
  "damage": 4,
  "drawCooldownDuration" : 630,
  "gunRecoilInitialAmplitude" : 0.7,
  "shakeRecoilAmplitude" : 0.35,
  "shakeRecoilSpeed" : 2,
  "viewRecoilAmplitude" : 0.7,
  "inspectCooldownDuration": 5100,
  "glowingParts": [
    {
      "name": "glow"
    }
  ],
  "effects": [
    {
      "phase": "hit_scan_acquired",
      "name": "tracer"
    }
  ],
  "phasedReloads": [
    {
      "phase": "RELOADING",
      "condition": "reloadIterationIndex == 0",
      "duration": 2700,
      "animation": "animation.model.reloadempty"
    },
    {
      "phase": "RELOADING",
      "condition": "reloadIterationIndex > 0",
      "duration": 2200,
      "animation": "animation.model.reload"
    }
  ]
}
