{
  "name" : "cp2077_malorian_arms_3516",
  "type": "Gun",
  "compatibleAttachmentGroups": [
    "chimera"
  ],
  "features": [
    {
      "type": "Accuracy",
      "accuracyModifier": 2
    }
  ],
  "maxAmmoCapacity" : 10,
  "compatibleAmmo" : ["ammo50ae", "ammocreative"],
  "damage" : 12.0,
  "rpm" : 150,
  "fireModes" : ["SINGLE"],
  "fireSound" : "malorian_arms_fire",
  "drawCooldownDuration" : 800,
  "aimingZoom" : 0.25,
  "gunRecoilInitialAmplitude" : 0.8,
  "shakeRecoilAmplitude" : 0.35,
  "shakeRecoilSpeed" : 2.5,
  "viewRecoilAmplitude" : 3.25,
  "inspectCooldownDuration": 7930,
  "glowingParts": [
    {
      "name": "glow_turn"
    },
    {
      "name": "glow_sight_rear"
    },
    {
      "name": "glow_sight_front"
    },
    {
      "name": "glow_laser"
    }
  ],
  "effects": [
    {
      "phase": "hit_scan_acquired",
      "name": "tracer"
    },
    {
      "phase": "firing",
      "name": "muzzle_flash_small"
    }
  ],
  "phasedReloads": [
    {
      "phase": "RELOADING",
      "condition": "reloadIterationIndex == 0",
      "duration": 3730,
      "animation": "animation.model.reloadempty",
      "shakeEffects": [
        {
          "start": 300,
          "duration": 1000,
          "initialAmplitude": 0.1,
          "rateOfAmplitudeDecay": 0.3
        },
        {
          "start": 630,
          "duration": 800,
          "initialAmplitude": 0.4,
          "rateOfAmplitudeDecay": 0.8
        },
        {
          "start": 1070,
          "duration": 1000,
          "initialAmplitude": 0.1,
          "rateOfAmplitudeDecay": 0.3
        },
        {
          "start": 1430,
          "duration": 400,
          "initialAmplitude": 0.1,
          "rateOfAmplitudeDecay": 0.5
        },
        {
          "start": 2000,
          "duration": 1000,
          "initialAmplitude": 0.1,
          "rateOfAmplitudeDecay": 0.3
        },
        {
          "start": 2130,
          "duration": 700,
          "initialAmplitude": 0.1,
          "rateOfAmplitudeDecay": 0.5
        },
        {
          "start": 2500,
          "duration": 500,
          "initialAmplitude": 0.2,
          "rateOfAmplitudeDecay": 0.7
        },
        {
          "start": 2930,
          "duration": 800,
          "initialAmplitude": 0.1,
          "rateOfAmplitudeDecay": 0.3
        },
        {
          "start": 3470,
          "duration": 500,
          "initialAmplitude": 0.2,
          "rateOfAmplitudeDecay": 0.5
        }
      ]
    },
    {
      "phase": "RELOADING",
      "condition": "reloadIterationIndex > 0",
      "duration": 2770,
      "animation": "animation.model.reload",						
      "shakeEffects": [
        {
          "start": 300,
          "duration": 1000,
          "initialAmplitude": 0.1,
          "rateOfAmplitudeDecay": 0.3
        },
        
        {
          "start": 630,
          "duration": 800,
          "initialAmplitude": 0.4,
          "rateOfAmplitudeDecay": 0.8
        },
        {
          "start": 1070,
          "duration": 1000,
          "initialAmplitude": 0.1,
          "rateOfAmplitudeDecay": 0.3
        },
        {
          "start": 1430,
          "duration": 400,
          "initialAmplitude": 0.1,
          "rateOfAmplitudeDecay": 0.5
        },
        {
          "start": 1530,
          "duration": 700,
          "initialAmplitude": 0.2,
          "rateOfAmplitudeDecay": 0.5
        },
        {
          "start": 2000,
          "duration": 1000,
          "initialAmplitude": 0.1,
          "rateOfAmplitudeDecay": 0.3
        },
        {
          "start": 2500,
          "duration": 500,
          "initialAmplitude": 0.3,
          "rateOfAmplitudeDecay": 0.5
        }
      ]
    }
  ]
}
