{
  "name" : "cp2077_ca_unity_iconic",
  "type": "Gun",
  "compatibleAttachments": [
    "moa_hg"
  ],
  "compatibleAttachmentGroups": [
    "cp2077_short_scope",
    "chimera"
  ],
  "features": [
    {
        "type": "Aiming",
        "zoom": 0.25,
        "condition": {
          "allOf": [
            {
              "doesNotHaveAttachment": "moa_hg"
            },
            {
              "doesNotHaveAttachmentGroup": "cp2077_short_scope"
            },
            {
              "doesNotHaveAttachmentGroup": "cp2077_long_scope"
            }
          ]
        }
    },
    {
      "type": "Sound",
      "fireSound": "unity_fire_silenced",
      "fireSoundVolume": 1,
      "condition": {
        "hasAttachment": "smg_suppressor"
      }
    },
    {
      "type": "PartVisibility",
      "parts": [
        {
          "name": "rail",
          "visible": false,
          "condition": {
          "allOf": [
            {
              "doesNotHaveAttachment": "moa_hg"
            },
            {
              "doesNotHaveAttachmentGroup": "cp2077_short_scope"
            },
            {
              "doesNotHaveAttachmentGroup": "cp2077_long_scope"
            }
          ]
        }
        }
      ]
    },
    {
      "type": "MuzzleFlash",
      "effects": [
        {
          "phase": "firing",
          "name": "muzzle_flash_small"
        }
      ],
        "condition": {
          "allOf": [
            {
              "isUsingDefaultMuzzle": true
            },
            {
              "doesNotHaveAttachment": "smg_suppressor"
            },
            {
              "doesNotHaveAttachment": "smg_muzzlebrake"
            }
          ]
        }
    }
  ],
  "maxAmmoCapacity" : 12,
  "compatibleAmmo" : ["ammo45acp", "ammocreative"],
  "damage" : 6,
  "rpm" : 450,
  "fireModes" : ["SINGLE"],
  "fireSound" : "unity_fire_silenced",
  "drawCooldownDuration" : 530,
  "aimingZoom" : 0.25,
  "gunRecoilInitialAmplitude" : 0.4,
  "shakeRecoilAmplitude" : 0.35,
  "shakeRecoilSpeed" : 1,
  "viewRecoilAmplitude" : 2.5,
  "inspectCooldownDuration": 5070,
  "glowingParts": [
    {
      "name": "glow"
    },
    {
      "name": "glow_laser"
    }
  ],
  "effects": [
    {
      "phase": "hit_scan_acquired",
      "name": "tracer"
    }
  ],
  "phasedReloads": [
    {
      "phase": "RELOADING",
      "condition": "reloadIterationIndex == 0",
      "duration": 2900,
      "animation": "animation.model.reloadempty"
    },
    {
      "phase": "RELOADING",
      "condition": "reloadIterationIndex > 0",
      "duration": 2200,
      "animation": "animation.model.reload"
    }
  ]
}
