{
  "name" : "projectile_launcher_system_pimp",
  "type": "Gun",
  "maxAmmoCapacity" : 3,
  "compatibleAmmo" : ["micro_rocket", "ammocreative"],
  "damage" : 7.0,
  "rpm" : 150,
  "fireModes" : ["AUTOMATIC", "SINGLE"],
  "fireSound" : "pls_reload2",
  "drawCooldownDuration" : 650,
  "aimingZoom" : 0.25,
  "gunRecoilInitialAmplitude" : 0.8,
  "shakeRecoilAmplitude" : 0.65,
  "shakeRecoilSpeed" : 2,
  "viewRecoilAmplitude" : 5,
  "inspectCooldownDuration": 6830,
  "effects": [
    {
      "phase": "firing",
      "name": "muzzle_flash_small"
    }
  ],
  "phasedReloads": [
    {
      "phase": "RELOADING",
      "condition": "reloadIterationIndex >= 0",
      "duration": 2150,
      "animation": "animation.model.reload",						
      "shakeEffects": [
        {
          "start": 370,
          "duration": 750,
          "initialAmplitude": 0.2,
          "rateOfAmplitudeDecay": 0.8
        },
        {
          "start": 1250,
          "duration": 300,
          "initialAmplitude": 0.15,
          "rateOfAmplitudeDecay": 0.5
        },
        {
          "start": 1400,
          "duration": 800,
          "initialAmplitude": 0.3,
          "rateOfAmplitudeDecay": 0.5
        }
      ]
    }
  ]
}
