{
  "name" : "projectile_launcher_system_iconic_radiation",
  "type": "Gun",
  "maxAmmoCapacity" : 15,
  "compatibleAmmo" : ["micro_rocket", "ammocreative"],
  "damage" : 10,
  "rpm" : 350,
  "fireModes" : ["AUTOMATIC"],
  "fireSound" : "pls_fire",
  "drawCooldownDuration" : 650,
  "aimingZoom" : 0.25,
  "gunRecoilInitialAmplitude" : 0.8,
  "shakeRecoilAmplitude" : 0.95,
  "shakeRecoilSpeed" : 2,
  "viewRecoilAmplitude" : 2,
  "inspectCooldownDuration": 6830,
  "glowingParts": [
    {
      "name": "gunGlow"
    },
    {
      "name": "glow1L"
    },
    {
      "name": "glow1R"
    },
    {
      "name": "glow2L"
    },
    {
      "name": "glow2R"
    },
    {
      "name": "glow2L2"
    },
    {
      "name": "glow2R2"
    },
    {
      "name": "glowCybermarks"
    }
  ],
  "effects": [
    {
      "phase": "firing",
      "name": "muzzle_flash_small"
    }
  ],
  "phasedReloads": [
    {
      "phase": "RELOADING",
      "condition": "reloadIterationIndex >= 0",
      "duration": 2150,
      "animation": "animation.model.reload",						
      "shakeEffects": [
        {
          "start": 370,
          "duration": 750,
          "initialAmplitude": 0.2,
          "rateOfAmplitudeDecay": 0.8
        },
        {
          "start": 1250,
          "duration": 300,
          "initialAmplitude": 0.15,
          "rateOfAmplitudeDecay": 0.5
        },
        {
          "start": 1400,
          "duration": 800,
          "initialAmplitude": 0.3,
          "rateOfAmplitudeDecay": 0.5
        }
      ]
    }
  ]
}
