{
  "name" : "projectile_launcher_system_iconic_sniper",
  "type": "Gun",
  "maxAmmoCapacity" : 5,
  "compatibleAmmo" : ["shrapnel_rocket", "ammo50bmg", "ammocreative"],
  "damage" : 35,
  "rpm" : 100,
  "fireModes" : ["SINGLE"],
  "fireSound" : "pls_iconic_sniper_fire",
  "drawCooldownDuration" : 650,
  "aimingZoom" : 0.9,
  "gunRecoilInitialAmplitude" : 1.3,
  "shakeRecoilAmplitude" : 0.95,
  "shakeRecoilSpeed" : 2,
  "viewRecoilAmplitude" : 8,
  "inspectCooldownDuration": 6830,
  "scopeOverlay" : "textures/gui/pls_iconic_sniper_scope.png",
  "glowingParts": [
    {
      "name": "glow1L"
    },
    {
      "name": "glow1R"
    },
    {
      "name": "glow2L"
    },
    {
      "name": "glow2R"
    },
    {
      "name": "glow2L2"
    },
    {
      "name": "glow2R2"
    }
  ],
  "effects": [
    {
      "phase": "hit_scan_acquired",
      "name": "tracer"
    },
    {
      "phase": "firing",
      "name": "muzzle_flash_small"
    }
  ],
  "phasedReloads": [
    {
      "phase": "RELOADING",
      "condition": "reloadIterationIndex >= 0",
      "duration": 2150,
      "animation": "animation.model.reload",						
      "shakeEffects": [
        {
          "start": 370,
          "duration": 750,
          "initialAmplitude": 0.2,
          "rateOfAmplitudeDecay": 0.8
        },
        {
          "start": 1250,
          "duration": 300,
          "initialAmplitude": 0.15,
          "rateOfAmplitudeDecay": 0.5
        },
        {
          "start": 1400,
          "duration": 800,
          "initialAmplitude": 0.3,
          "rateOfAmplitudeDecay": 0.5
        }
      ]
    }
  ]
}
