{
  "name" : "mantis_blades",
  "type": "Gun",
  "maxAmmoCapacity" : "infinite",
  "compatibleAmmo" : ["ammocreative"],
  "maxShootingDistance": 3.5,
  "damage" : 10,
  "rpm" : 120,
  "fireModes" : ["AUTOMATIC"],
  "fireSound" : "mantis_blade_sfx2",
  "prepareFireCooldownDuration": 270,
  "completeFireCooldownDuration": 630,
  "drawCooldownDuration" : 530,
  "aimingEnabled" : false,
  "gunRecoilInitialAmplitude" : 0,
  "shakeRecoilAmplitude" : 1,
  "shakeRecoilSpeed" : 3,
  "viewRecoilAmplitude" : 0,
  "inspectCooldownDuration": 4500
}
