{
  "name" : "doom_combatshotgun",
  "type": "Gun",
  "maxAmmoCapacity" : 8,
  "maxAmmoPerReloadIteration" : 1,
  "compatibleAmmo" : ["ammocreative", "ammo12gauge"],
  "pelletCount" : 30,
  "pelletSpread" : 0.1,
  "damage" : 3.5,
  "rpm" : 89,
  "fireModes" : ["SINGLE"],
  "fireSound" : "doom_combatshotgun",
  "drawCooldownDuration" : 600,
  "aimingZoom" : 0.3,
  "gunRecoilInitialAmplitude" : 0.8,
  "shakeRecoilAmplitude" : 0.65,
  "shakeRecoilSpeed" : 3.5,
  "viewRecoilAmplitude" : 7,
  "inspectCooldownDuration" : 3700,
  "muzzleFlashScale" : 1.5,
  "phasedReloads": [
    {
      "phase": "PREPARING",
      "condition": "reloadIterationIndex == -1",
      "duration": 700,
      "animation": "animation.model.prepareempty",
      "shakeEffects": [
        {
          "start": 0,
          "duration": 1000,
          "initialAmplitude": 0.1,
          "rateOfAmplitudeDecay": 0.8
        },
        {
          "start": 230,
          "duration": 600,
          "initialAmplitude": 0.2,
          "rateOfAmplitudeDecay": 0.5
        }
      ]
    },
    {
      "phase": "PREPARING",
      "condition": "reloadIterationIndex >= 0",
      "duration": 700,
      "animation": "animation.model.prepare",
      "shakeEffects": [
        {
          "start": 0,
          "duration": 1000,
          "initialAmplitude": 0.1,
          "rateOfAmplitudeDecay": 0.8
        },
        {
          "start": 230,
          "duration": 600,
          "initialAmplitude": 0.3,
          "rateOfAmplitudeDecay": 0.7
        }
      ]
    },
    {
      "phase": "RELOADING",
      "condition": "reloadIterationIndex == 0",
      "duration": 500,
      "animation": "animation.model.loaditerationfirst",
      "shakeEffects": [
        {
          "start": 0,
          "duration": 1000,
          "initialAmplitude": 0.1,
          "rateOfAmplitudeDecay": 0.8
        },
        {
          "start": 270,
          "duration": 600,
          "initialAmplitude": 0.3,
          "rateOfAmplitudeDecay": 0.7
        }
      ]
    },
    {
      "phase": "RELOADING",
      "condition": "reloadIterationIndex > 0",
      "duration": 500,
      "animation": "animation.model.loaditeration",						
      "shakeEffects": [
        {
          "start": 0,
          "duration": 1000,
          "initialAmplitude": 0.1,
          "rateOfAmplitudeDecay": 0.8
        },
        {
          "start": 270,
          "duration": 600,
          "initialAmplitude": 0.2,
          "rateOfAmplitudeDecay": 0.5
        }
      ]
    },
    {
      "phase": "COMPLETETING",
      "condition": "reloadIterationIndex >= 0",
      "duration": 1230,
      "animation": "animation.model.finish",
      "shakeEffects": [
        {
          "start": 0,
          "duration": 1000,
          "initialAmplitude": 0.1,
          "rateOfAmplitudeDecay": 0.8
        },
        {
          "start": 170,
          "duration": 800,
          "initialAmplitude": 0.3,
          "rateOfAmplitudeDecay": 0.7
        },
        {
          "start": 630,
          "duration": 600,
          "initialAmplitude": 0.2,
          "rateOfAmplitudeDecay": 0.6
        },
        {
          "start": 800,
          "duration": 600,
          "initialAmplitude": 0.2,
          "rateOfAmplitudeDecay": 0.6
        }
      ]
    }
  ],
  "effects": [
        { 
		"phase": "firing",
		"name": "muzzle_flash_big"
  	}
  ]
}