{
  "name" : "doom_heavycannon",
  "type": "Gun",
  "maxAmmoCapacity" : 80,
  "compatibleAmmo" : ["ammocreative", "ammo50bmg"],
  "damage" : 7.0,
  "rpm" : 500,
  "fireModes" : ["AUTOMATIC"],
  "fireSound" : "heavycannon",
  "drawCooldownDuration" : 650,
  "aimingZoom" : 0.3,
  "gunRecoilInitialAmplitude" : 0.5,
  "shakeRecoilAmplitude" : 0.35,
  "shakeRecoilSpeed" : 2,
  "viewRecoilAmplitude" : 2,
  "inspectCooldownDuration": 3700,
  "muzzleFlashScale" : 1.5,

  "bobbing": 0.7,
  "bobbingOnAim": 0.25,  

  "phasedReloads": [
    {
      "phase": "RELOADING",
      "condition": "reloadIterationIndex == 0",
      "duration": 2930,
      "animation": "animation.model.reloadempty",
      "shakeEffects": [
        {
          "start": 0,
          "duration": 1500,
          "initialAmplitude": 0.3,
          "rateOfAmplitudeDecay": 0.3
        },
        {
          "start": 870,
          "duration": 1000,
          "initialAmplitude": 0.3,
          "rateOfAmplitudeDecay": 0.5
        },
        {
          "start": 1770,
          "duration": 600,
          "initialAmplitude": 0.3,
          "rateOfAmplitudeDecay": 0.5
        },
        {
          "start": 1900,
          "duration": 600,
          "initialAmplitude": 0.15,
          "rateOfAmplitudeDecay": 0.3
        },
        {
          "start": 2470,
          "duration": 400,
          "initialAmplitude": 0.3,
          "rateOfAmplitudeDecay": 0.3
        }
      ]
    },
    {
      "phase": "RELOADING",
      "condition": "reloadIterationIndex > 0",
      "duration": 2570,
      "animation": "animation.model.reload",						
      "shakeEffects": [
        {
          "start": 0,
          "duration": 1500,
          "initialAmplitude": 0.3,
          "rateOfAmplitudeDecay": 0.3
        },
        {
          "start": 870,
          "duration": 1000,
          "initialAmplitude": 0.3,
          "rateOfAmplitudeDecay": 0.5
        },
        {
          "start": 1770,
          "duration": 600,
          "initialAmplitude": 0.3,
          "rateOfAmplitudeDecay": 0.5
        },
        {
          "start": 1900,
          "duration": 600,
          "initialAmplitude": 0.15,
          "rateOfAmplitudeDecay": 0.3
        }
      ]
    }
  ],
  "effects": [
  	{ 
		"phase": "hit_scan_acquired",
		"name": "tracerminigun"
  	},
        { 
		"phase": "firing",
		"name": "muzzle_flash_big"
  	}
  ]
}