{
  "parent": "minecraft:recipes/root",
  "criteria": {
    "has_dragon_egg": {
      "conditions": {
        "items": [
          {
            "items": [
              "minecraft:dragon_egg"
            ]
          }
        ]
      },
      "trigger": "minecraft:inventory_changed"
    },
    "has_the_recipe": {
      "conditions": {
        "recipe": "pointblank:cp2077_chimera_core"
      },
      "trigger": "minecraft:recipe_unlocked"
    }
  },
  "requirements": [
    [
      "has_dragon_egg",
      "has_the_recipe"
    ]
  ],
  "rewards": {
    "recipes": [
      "pointblank:cp2077_chimera_core"
    ]
  },
  "sends_telemetry_event": false
}
