{"credit":"Made with Blockbench","texture_size":[48,48],"textures":{"0":"./cardbox","particle":"./cardbox"},"elements":[{"from":[6,0,7],"to":[16,16,11],"faces":{"north":{"uv":[0.66667,0,10.66667,16],"texture":"#0"},"east":{"uv":[15,0,16,16],"texture":"#0"},"south":{"uv":[10.66667,0,0.66667,16],"texture":"#0"},"west":{"uv":[15,0,14,16],"texture":"#0"},"up":{"uv":[10.66667,0,0.66667,0.66667],"texture":"#0"},"down":{"uv":[10.66667,15.33333,0.66667,16],"texture":"#0"}}}],"display":{"thirdperson_righthand":{"rotation":[0,90,0],"translation":[-0.5,1.5,1],"scale":[0.5,0.5,0.5]},"thirdperson_lefthand":{"rotation":[0,90,0],"translation":[0,1.25,0],"scale":[0.5,0.5,0.5]},"firstperson_righthand":{"rotation":[0,-18.5,0],"translation":[-2.25,5.5,0],"scale":[0.6,0.6,0.6]},"firstperson_lefthand":{"rotation":[0,-18.5,0],"translation":[2.5,5.5,0],"scale":[0.6,0.6,0.6]},"ground":{"rotation":[90,0,0],"translation":[-1.75,-2.25,0],"scale":[0.6,0.6,0.6]},"gui":{"rotation":[-13,-38,-22],"translation":[-1,0.5,0],"scale":[0.8,0.8,0.8]},"head":{"rotation":[90,0,0],"translation":[-2.75,7.5,0]},"fixed":{"translation":[-3,0,-1.75]}}}