{
	"format_version": "1.12.0",
	"minecraft:geometry": [
		{
			"description": {
				"identifier": "geometry.unknown",
				"texture_width": 128,
				"texture_height": 128,
				"visible_bounds_width": 8,
				"visible_bounds_height": 6,
				"visible_bounds_offset": [0, 2, 0]
			},
			"bones": [
				{
					"name": "main",
					"pivot": [0, 20, 0]
				},
				{
					"name": "rightarm",
					"parent": "main",
					"pivot": [-17, 22, 7],
					"rotation": [-94.39603, 1.16148, 74.85652],
					"cubes": [
						{"origin": [-21, -2, 3], "size": [8, 24, 8], "uv": [24, 24]}
					]
				},
				{
					"name": "mantis_bladeR",
					"parent": "rightarm",
					"pivot": [-17, 11, 7],
					"rotation": [0, 90, 0],
					"cubes": [
						{"origin": [-21, -2, 3], "size": [8, 24, 8], "inflate": -0.005, "uv": [24, 24]},
						{"origin": [-21, 3, 3], "size": [8, 14, 4], "inflate": 0.005, "uv": [48, 13]},
						{"origin": [-21, -2, 3], "size": [8, 5, 8], "inflate": 0.005, "uv": [32, 0]},
						{"origin": [-21, 3, 7], "size": [8, 15, 4], "inflate": 0.005, "uv": [0, 32]}
					]
				},
				{
					"name": "cover_top1RR",
					"parent": "mantis_bladeR",
					"pivot": [-21, 10.5, 4],
					"rotation": [0, 60, 0],
					"cubes": [
						{"origin": [-21, 7, 3], "size": [2, 7, 1], "inflate": 0.01, "uv": [24, 0]}
					]
				},
				{
					"name": "cover_top1RL",
					"parent": "mantis_bladeR",
					"pivot": [-13, 10.5, 4],
					"rotation": [0, -60, 0],
					"cubes": [
						{"origin": [-15, 7, 3], "size": [2, 7, 1], "inflate": 0.01, "uv": [0, 0]}
					]
				},
				{
					"name": "arm",
					"parent": "mantis_bladeR",
					"pivot": [-17, 7, 3],
					"rotation": [30, 0, 0],
					"cubes": [
						{"origin": [-18, 7, 3], "size": [2, 10, 2], "inflate": 0.005, "uv": [0, 59]}
					]
				},
				{
					"name": "cover_top2RL",
					"parent": "arm",
					"pivot": [-15, 10.5, 4],
					"rotation": [0, -45, 0],
					"cubes": [
						{"origin": [-17, 5, 3], "size": [2, 9, 1], "inflate": 0.01, "uv": [58, 46]}
					]
				},
				{
					"name": "cover_top2RR",
					"parent": "arm",
					"pivot": [-19, 10.5, 4],
					"rotation": [0, 45, 0],
					"cubes": [
						{"origin": [-19, 5, 3], "size": [2, 9, 1], "inflate": 0.01, "uv": [46, 56]}
					]
				},
				{
					"name": "arm_upper",
					"parent": "arm",
					"pivot": [-17, 16.07734, 4.00176],
					"rotation": [-30, 0, 0],
					"cubes": [
						{"origin": [-17.5, 7.62734, 2.40176], "size": [1, 10, 3], "inflate": 0.005, "uv": [38, 56]}
					]
				},
				{
					"name": "blade_outer",
					"parent": "arm_upper",
					"pivot": [-17, 11.37734, 3.90176],
					"cubes": [
						{"origin": [-17.5, 4.37734, 2.40176], "size": [1, 14, 3], "uv": [53, 53]}
					]
				},
				{
					"name": "blade_inner",
					"parent": "blade_outer",
					"pivot": [-17, 4.87734, 3.90176],
					"cubes": [
						{"origin": [-17, -2.62266, 2.40176], "size": [0, 15, 3], "uv": [24, 53]}
					]
				},
				{
					"name": "cover_frontR",
					"parent": "mantis_bladeR",
					"pivot": [-17, 2, 3],
					"rotation": [20, 0, 0],
					"cubes": [
						{"origin": [-21, 2, 3], "size": [8, 2, 1], "inflate": 0.01, "uv": [32, 13]},
						{"origin": [-21, 4, 3], "size": [2, 2, 1], "inflate": 0.01, "uv": [30, 3]},
						{"origin": [-15, 4, 3], "size": [2, 2, 1], "inflate": 0.01, "uv": [30, 0]}
					]
				},
				{
					"name": "cover_backR",
					"parent": "mantis_bladeR",
					"pivot": [-17, 16, 3],
					"rotation": [10, 0, 0],
					"cubes": [
						{"origin": [-21, 16, 3], "size": [8, 4, 4], "inflate": 0.01, "uv": [0, 51]}
					]
				},
				{
					"name": "cover_sideRR",
					"parent": "mantis_bladeR",
					"pivot": [-21, 8.5, 8],
					"rotation": [0, 25, 0],
					"cubes": [
						{"origin": [-21, 3, 5], "size": [1, 11, 3], "inflate": 0.01, "uv": [56, 32]}
					]
				},
				{
					"name": "cover_sideRL",
					"parent": "mantis_bladeR",
					"pivot": [-13, 8.5, 8],
					"rotation": [0, -25, 0],
					"cubes": [
						{"origin": [-14, 3, 5], "size": [1, 11, 3], "inflate": 0.01, "uv": [30, 56]}
					]
				},
				{
					"name": "leftarm",
					"parent": "main",
					"pivot": [17, 24, 4],
					"rotation": [-100.73052, -3.11694, -79.26948],
					"cubes": [
						{"origin": [13, 0, 0], "size": [8, 24, 8], "uv": [0, 0]}
					]
				},
				{
					"name": "mantis_bladeL",
					"parent": "leftarm",
					"pivot": [17, 13, 4],
					"rotation": [0, -90, 0],
					"cubes": [
						{"origin": [13, 0, 0], "size": [8, 24, 8], "inflate": -0.005, "uv": [0, 0]},
						{"origin": [13, 5, 0], "size": [8, 14, 4], "inflate": 0.005, "uv": [48, 13]},
						{"origin": [13, 0, 0], "size": [8, 5, 8], "inflate": 0.005, "uv": [25, 71]},
						{"origin": [13, 5, 4], "size": [8, 15, 4], "inflate": 0.005, "uv": [0, 73]}
					]
				},
				{
					"name": "cover_top1LR",
					"parent": "mantis_bladeL",
					"pivot": [13, 12.5, 1],
					"rotation": [0, 60, 0],
					"cubes": [
						{"origin": [13, 9, 0], "size": [2, 7, 1], "inflate": 0.01, "uv": [24, 0]}
					]
				},
				{
					"name": "cover_top1LL",
					"parent": "mantis_bladeL",
					"pivot": [21, 12.5, 1],
					"rotation": [0, -60, 0],
					"cubes": [
						{"origin": [19, 9, 0], "size": [2, 7, 1], "inflate": 0.01, "uv": [0, 0]}
					]
				},
				{
					"name": "arm2",
					"parent": "mantis_bladeL",
					"pivot": [17, 9, 0],
					"rotation": [30, 0, 0],
					"cubes": [
						{"origin": [16, 9, 0], "size": [2, 10, 2], "inflate": 0.005, "uv": [0, 59]}
					]
				},
				{
					"name": "cover_top2LL",
					"parent": "arm2",
					"pivot": [19, 12.5, 1],
					"rotation": [0, -45, 0],
					"cubes": [
						{"origin": [17, 7, 0], "size": [2, 9, 1], "inflate": 0.01, "uv": [58, 46]}
					]
				},
				{
					"name": "cover_top2LR",
					"parent": "arm2",
					"pivot": [15, 12.5, 1],
					"rotation": [0, 45, 0],
					"cubes": [
						{"origin": [15, 7, 0], "size": [2, 9, 1], "inflate": 0.01, "uv": [46, 56]}
					]
				},
				{
					"name": "arm_upper2",
					"parent": "arm2",
					"pivot": [17, 18.07734, 1.00176],
					"rotation": [-30, 0, 0],
					"cubes": [
						{"origin": [16.5, 9.62734, -0.59824], "size": [1, 10, 3], "inflate": 0.005, "uv": [38, 56]}
					]
				},
				{
					"name": "blade_outer2",
					"parent": "arm_upper2",
					"pivot": [17, 13.37734, -0.09824],
					"cubes": [
						{"origin": [16.5, 6.37734, -0.59824], "size": [1, 14, 3], "uv": [53, 53]}
					]
				},
				{
					"name": "blade_inner2",
					"parent": "blade_outer2",
					"pivot": [17, 6.87734, -0.09824],
					"cubes": [
						{
							"origin": [17, -0.62266, -0.59824],
							"size": [0, 15, 3],
							"uv": {
								"north": {"uv": [30, 56], "uv_size": [0, 15]},
								"east": {"uv": [30, 56], "uv_size": [-3, 15]},
								"south": {"uv": [33, 56], "uv_size": [0, 15]},
								"west": {"uv": [24, 56], "uv_size": [3, 15]},
								"up": {"uv": [30, 53], "uv_size": [0, 3]},
								"down": {"uv": [30, 56], "uv_size": [0, -3]}
							}
						}
					]
				},
				{
					"name": "cover_frontL",
					"parent": "mantis_bladeL",
					"pivot": [17, 4, 0],
					"rotation": [20, 0, 0],
					"cubes": [
						{"origin": [13, 4, 0], "size": [8, 2, 1], "inflate": 0.01, "uv": [32, 13]},
						{"origin": [13, 6, 0], "size": [2, 2, 1], "inflate": 0.01, "uv": [30, 3]},
						{"origin": [19, 6, 0], "size": [2, 2, 1], "inflate": 0.01, "uv": [30, 0]}
					]
				},
				{
					"name": "cover_backL",
					"parent": "mantis_bladeL",
					"pivot": [17, 18, 0],
					"rotation": [10, 0, 0],
					"cubes": [
						{"origin": [13, 18, 0], "size": [8, 4, 4], "inflate": 0.01, "uv": [0, 51]}
					]
				},
				{
					"name": "cover_sideLR",
					"parent": "mantis_bladeL",
					"pivot": [13, 10.5, 5],
					"rotation": [0, 25, 0],
					"cubes": [
						{"origin": [13, 5, 2], "size": [1, 11, 3], "inflate": 0.01, "uv": [56, 32]}
					]
				},
				{
					"name": "cover_sideLL",
					"parent": "mantis_bladeL",
					"pivot": [21, 10.5, 5],
					"rotation": [0, -25, 0],
					"cubes": [
						{"origin": [20, 5, 2], "size": [1, 11, 3], "inflate": 0.01, "uv": [30, 56]}
					]
				}
			]
		}
	]
}