{
	"format_version": "1.12.0",
	"minecraft:geometry": [
		{
			"description": {
				"identifier": "geometry.unknown",
				"texture_width": 16,
				"texture_height": 16,
				"visible_bounds_width": 3,
				"visible_bounds_height": 2.5,
				"visible_bounds_offset": [0, 0.75, 0]
			},
			"bones": [
				{
					"name": "bb_main",
					"pivot": [0, 0, 0],
					"cubes": [
						{"origin": [0, 2.35, -1], "size": [0, 2, 4], "pivot": [0, 1, 1], "rotation": [0, 0, 135], "uv": [8, 4]},
						{"origin": [0, -2.35, -1], "size": [0, 2, 4], "pivot": [0, 1, 1], "rotation": [0, 0, 135], "uv": [0, 6]},
						{"origin": [0, -2.35, -1], "size": [0, 2, 4], "pivot": [0, 1, 1], "rotation": [0, 0, -135], "uv": [0, 8]},
						{"origin": [0, 2.35, -1], "size": [0, 2, 4], "pivot": [0, 1, 1], "rotation": [0, 0, -135], "uv": [0, 4]}
					]
				},
				{
					"name": "nozzle",
					"pivot": [0, 1, 4],
					"cubes": [
						{"origin": [-0.5, 0.5, 3.5], "size": [1, 1, 1], "inflate": -0.6, "uv": [0, 0]}
					]
				},
				{
					"name": "rocket",
					"pivot": [0, 1, 0],
					"cubes": [
						{"origin": [-1, 0, -3], "size": [2, 2, 6], "uv": [0, 0]}
					]
				}
			]
		}
	]
}