{
	"format_version": "1.12.0",
	"minecraft:geometry": [
		{
			"description": {
				"identifier": "geometry.unknown",
				"texture_width": 128,
				"texture_height": 128,
				"visible_bounds_width": 8,
				"visible_bounds_height": 4,
				"visible_bounds_offset": [0, 1, 0]
			},
			"bones": [
				{
					"name": "main",
					"pivot": [-0.35, 16, -0.5]
				},
				{
					"name": "gun",
					"parent": "main",
					"pivot": [-0.35, 19.57516, -3.79379],
					"cubes": [
						{"origin": [-2.08, 15.2, -4.35806], "size": [3.55, 8.8, 1.5], "pivot": [-0.35, 19.58306, -3.675], "rotation": [83, 0, 0], "uv": [0, 33]},
						{"origin": [1.45, 15.77844, -5.22769], "size": [1, 8.8, 1.5], "pivot": [1.45, 20.36375, -3.78291], "rotation": [83.41833, 2.38888, 19.86262], "uv": [16, 33]},
						{"origin": [-3.05, 15.77844, -5.22769], "size": [1, 8.8, 1.5], "pivot": [-2.05, 20.36375, -3.78291], "rotation": [83.41833, -2.38888, -19.86262], "uv": [33, 0]},
						{"origin": [-1.05, 15.4, -7.9], "size": [1.5, 1, 1], "pivot": [-0.35, 21.4, -7.65], "rotation": [90, 0, 0], "uv": [40, 21]},
						{"origin": [-1.05, 15.4, -9.4], "size": [1.5, 4, 1.5], "pivot": [-0.35, 21.4, -7.65], "rotation": [90, 0, 0], "uv": [0, 0]}
					]
				},
				{
					"name": "gunGlow",
					"parent": "gun",
					"pivot": [-0.35, 19.58306, -3.675],
					"cubes": [
						{"origin": [-2.08, 15.2, -4.35806], "size": [3.55, 8.8, 1.5], "pivot": [-0.35, 19.58306, -3.675], "rotation": [83, 0, 0], "uv": [67, 0]}
					]
				},
				{
					"name": "barrel",
					"parent": "gun",
					"pivot": [-0.35, 21.4, -8.65],
					"cubes": [
						{"origin": [-1.05, 19.4, -8.4], "size": [1.5, 7, 1.5], "pivot": [-0.35, 21.4, -7.65], "rotation": [90, 0, 0], "uv": [25, 0]}
					]
				},
				{
					"name": "barrelGlow",
					"parent": "barrel",
					"pivot": [-0.35, 21.4, -7.65],
					"cubes": [
						{"origin": [-1.05, 19.4, -8.4], "size": [1.5, 7, 1.5], "pivot": [-0.35, 21.4, -7.65], "rotation": [90, 0, 0], "uv": [29, 0]}
					]
				},
				{
					"name": "rocketGlow",
					"parent": "gun",
					"pivot": [-0.275, 21.175, -3.9],
					"cubes": [
						{"origin": [-0.95, 19.925, -4.225], "size": [1, 2.5, 1], "pivot": [-0.275, 21.175, -3.9], "rotation": [90, 0, 45], "uv": [38, 3]}
					]
				},
				{
					"name": "rightarm",
					"parent": "main",
					"pivot": [-0.3, 15.8, 10.8],
					"rotation": [-90, 0, 90],
					"cubes": [
						{"origin": [-4.3, -8.2, 6.8], "size": [8, 24, 8], "pivot": [-0.3, 3.8, 10.8], "rotation": [0, -90, 0], "uv": [0, 0]}
					]
				},
				{
					"name": "covers",
					"parent": "rightarm",
					"pivot": [-0.3, 3.8, 10.8],
					"rotation": [0, 90, 0]
				},
				{
					"name": "cover1L",
					"parent": "covers",
					"pivot": [2.51362, 2.31, 6.31902],
					"rotation": [0, -55, 0],
					"cubes": [
						{
							"origin": [0.98329, -0.00915, 0.57309],
							"size": [4, 1, 9],
							"pivot": [5.53187, 1.31, 5.07309],
							"rotation": [90, 0, 0],
							"uv": {
								"north": {"uv": [38, 51], "uv_size": [4, 1]},
								"east": {"uv": [29, 51], "uv_size": [9, 1]},
								"south": {"uv": [51, 51], "uv_size": [4, 1]},
								"west": {"uv": [42, 51], "uv_size": [9, 1]},
								"up": {"uv": [38, 42], "uv_size": [4, 9]},
								"down": {"uv": [42, 51], "uv_size": [4, -9]}
							}
						},
						{"origin": [0.98329, 2.81, 6.39224], "size": [4, 1, 1], "pivot": [0.98329, 2.81, 6.39224], "rotation": [90, -45, 0], "uv": [33, 21]}
					]
				},
				{
					"name": "glow1L",
					"parent": "cover1L",
					"pivot": [5.53187, 1.31, 5.07309],
					"cubes": [
						{
							"origin": [0.98329, 0.99085, 0.57309],
							"size": [4, 0, 9],
							"pivot": [5.53187, 1.31, 5.07309],
							"rotation": [90, 0, 0],
							"uv": {
								"north": {"uv": [38, 51], "uv_size": [4, 1]},
								"east": {"uv": [29, 51], "uv_size": [9, 1]},
								"south": {"uv": [51, 51], "uv_size": [4, 1]},
								"west": {"uv": [42, 51], "uv_size": [9, 1]},
								"up": {"uv": [38, 52], "uv_size": [4, 9]},
								"down": {"uv": [42, 61], "uv_size": [4, -9]}
							}
						}
					]
				},
				{
					"name": "cover1R",
					"parent": "covers",
					"pivot": [-3.11362, 2.31, 6.31902],
					"rotation": [0, 55, 0],
					"cubes": [
						{
							"origin": [-5.58329, 0.23642, 0.81867],
							"size": [4, 1, 9],
							"pivot": [-2.73914, 1.31, 5.31867],
							"rotation": [90, 0, 0],
							"uv": {
								"north": {"uv": [56, 53], "uv_size": [4, 1]},
								"east": {"uv": [47, 53], "uv_size": [9, 1]},
								"south": {"uv": [69, 53], "uv_size": [4, 1]},
								"west": {"uv": [60, 53], "uv_size": [9, 1]},
								"up": {"uv": [56, 44], "uv_size": [4, 9]},
								"down": {"uv": [60, 53], "uv_size": [4, -9]}
							}
						},
						{"origin": [-5.58329, 2.81, 6.39224], "size": [4, 1, 1], "pivot": [-1.58329, 2.81, 6.39224], "rotation": [90, 45, 0], "uv": [38, 0]}
					]
				},
				{
					"name": "glow1R",
					"parent": "cover1R",
					"pivot": [-2.73914, 1.31, 5.31867],
					"cubes": [
						{
							"origin": [-5.58329, 1.23642, 0.81867],
							"size": [4, 0, 9],
							"pivot": [-2.73914, 1.31, 5.31867],
							"rotation": [90, 0, 0],
							"uv": {
								"north": {"uv": [56, 53], "uv_size": [4, 1]},
								"east": {"uv": [47, 53], "uv_size": [9, 1]},
								"south": {"uv": [69, 53], "uv_size": [4, 1]},
								"west": {"uv": [60, 53], "uv_size": [9, 1]},
								"up": {"uv": [56, 54], "uv_size": [4, 9]},
								"down": {"uv": [60, 63], "uv_size": [4, -9]}
							}
						}
					]
				},
				{
					"name": "cover2L",
					"parent": "covers",
					"pivot": [4.80394, 4.03774, 10.72181],
					"rotation": [0, -20, 5],
					"cubes": [
						{
							"origin": [5.21111, 0.37631, 4.22181],
							"size": [1, 4, 13],
							"pivot": [5.71111, 4.36631, 10.72181],
							"rotation": [90, 0, 0],
							"uv": {
								"north": {"uv": [46, 16], "uv_size": [1, 4]},
								"east": {"uv": [33, 16], "uv_size": [13, 4]},
								"south": {"uv": [60, 16], "uv_size": [1, 4]},
								"west": {"uv": [47, 16], "uv_size": [13, 4]},
								"up": {"uv": [46, 0], "uv_size": [1, 13]},
								"down": {"uv": [47, 13], "uv_size": [1, -13]}
							}
						},
						{"origin": [1.29827, 2.38012, 6.22181], "size": [4, 1, 2], "pivot": [5.71111, 4.36631, 10.72181], "rotation": [90, 0, 0], "uv": [19, 42]},
						{"origin": [3.9807, 4.88572, 6.70986], "size": [1, 1, 8], "pivot": [4.48961, 6.8806, 10.72181], "rotation": [90, 0, 17.5], "uv": [50, 21]}
					]
				},
				{
					"name": "glow2L",
					"parent": "cover2L",
					"pivot": [5.71111, 4.36631, 10.72181],
					"cubes": [
						{
							"origin": [6.21111, 0.37631, 4.22181],
							"size": [0, 4, 13],
							"pivot": [5.71111, 4.36631, 10.72181],
							"rotation": [90, 0, 0],
							"uv": {
								"north": {"uv": [46, 16], "uv_size": [1, 4]},
								"east": {"uv": [61, 9], "uv_size": [13, 4]},
								"south": {"uv": [60, 16], "uv_size": [1, 4]},
								"west": {"uv": [61, 16], "uv_size": [13, 4]},
								"up": {"uv": [46, 0], "uv_size": [1, 13]},
								"down": {"uv": [47, 13], "uv_size": [1, -13]}
							}
						}
					]
				},
				{
					"name": "cover2L2",
					"parent": "covers",
					"pivot": [5.31803, 4.07296, 8.18294],
					"rotation": [20, 20, 5],
					"cubes": [
						{
							"origin": [5.73965, 4.3166, 5.71821],
							"size": [1, 4, 13],
							"pivot": [6.88214, 4.40444, 10.67403],
							"rotation": [90, 0, 0],
							"uv": {
								"north": {"uv": [46, 13], "uv_size": [1, 3]},
								"east": {"uv": [33, 13], "uv_size": [13, 3]},
								"south": {"uv": [60, 13], "uv_size": [1, 3]},
								"west": {"uv": [47, 13], "uv_size": [13, 4]},
								"up": {"uv": [46, 0], "uv_size": [1, 13]},
								"down": {"uv": [47, 13], "uv_size": [1, -13]}
							}
						},
						{"origin": [1.82681, 6.32041, 7.71821], "size": [4, 1, 2], "pivot": [6.88214, 4.40444, 10.67403], "rotation": [90, 0, 0], "uv": [19, 42]},
						{"origin": [4.07464, 8.82601, 7.94159], "size": [1, 1, 8], "pivot": [5.66063, 6.91872, 10.67403], "rotation": [90, 0, 17.5], "uv": [50, 21]}
					]
				},
				{
					"name": "glow2L2",
					"parent": "cover2L2",
					"pivot": [6.88214, 4.40444, 10.67403],
					"cubes": [
						{
							"origin": [6.73965, 4.3166, 5.71821],
							"size": [0, 4, 13],
							"pivot": [6.88214, 4.40444, 10.67403],
							"rotation": [90, 0, 0],
							"uv": {
								"north": {"uv": [46, 13], "uv_size": [1, 3]},
								"east": {"uv": [61, 10], "uv_size": [13, 3]},
								"south": {"uv": [60, 13], "uv_size": [1, 3]},
								"west": {"uv": [61, 13], "uv_size": [13, 4]},
								"up": {"uv": [46, 0], "uv_size": [1, 13]},
								"down": {"uv": [47, 13], "uv_size": [1, -13]}
							}
						}
					]
				},
				{
					"name": "cover2R",
					"parent": "covers",
					"pivot": [-5.65371, 4.05783, 10.72081],
					"rotation": [0, 20, -7.5],
					"cubes": [
						{
							"origin": [-7.06236, 0.38957, 4.22081],
							"size": [1, 4, 13],
							"pivot": [-6.56236, 4.37957, 10.72081],
							"rotation": [90, 0, 0],
							"uv": {
								"north": {"uv": [13, 49], "uv_size": [1, 4]},
								"east": {"uv": [0, 49], "uv_size": [13, 4]},
								"south": {"uv": [27, 49], "uv_size": [1, 4]},
								"west": {"uv": [14, 49], "uv_size": [13, 4]},
								"up": {"uv": [13, 33], "uv_size": [1, 13]},
								"down": {"uv": [14, 46], "uv_size": [1, -13]}
							}
						},
						{"origin": [-6.14952, 2.39338, 6.22081], "size": [4, 1, 2], "pivot": [-6.56236, 4.37957, 10.72081], "rotation": [90, 0, 0], "uv": [36, 9]},
						{"origin": [-6.7631, 7.88192, 3.59995], "size": [1, 1, 8], "pivot": [-6.19239, 9.88813, 10.70943], "rotation": [90, 0, -17.5], "uv": [49, 0]}
					]
				},
				{
					"name": "glow2R",
					"parent": "cover2R",
					"pivot": [-6.56236, 4.37957, 10.72081],
					"cubes": [
						{
							"origin": [-7.06236, 0.38957, 4.22081],
							"size": [0, 4, 13],
							"pivot": [-6.56236, 4.37957, 10.72081],
							"rotation": [90, 0, 0],
							"uv": {
								"north": {"uv": [13, 49], "uv_size": [1, 4]},
								"east": {"uv": [0, 70], "uv_size": [13, 4]},
								"south": {"uv": [27, 49], "uv_size": [1, 4]},
								"west": {"uv": [14, 53], "uv_size": [13, 4]},
								"up": {"uv": [13, 33], "uv_size": [1, 13]},
								"down": {"uv": [14, 46], "uv_size": [1, -13]}
							}
						}
					]
				},
				{
					"name": "cover2R2",
					"parent": "covers",
					"pivot": [-6.01972, 4.11058, 8.18194],
					"rotation": [20, -20, -7.5],
					"cubes": [
						{
							"origin": [-7.38153, 4.37035, 5.70473],
							"size": [1, 4, 13],
							"pivot": [-7.58515, 4.43667, 10.67304],
							"rotation": [90, 0, 0],
							"uv": {
								"north": {"uv": [13, 46], "uv_size": [1, 3]},
								"east": {"uv": [0, 46], "uv_size": [13, 4]},
								"south": {"uv": [27, 46], "uv_size": [1, 3]},
								"west": {"uv": [14, 46], "uv_size": [13, 3]},
								"up": {"uv": [13, 33], "uv_size": [1, 13]},
								"down": {"uv": [14, 46], "uv_size": [1, -13]}
							}
						},
						{"origin": [-6.46869, 6.37416, 7.70473], "size": [4, 1, 2], "pivot": [-7.58515, 4.43667, 10.67304], "rotation": [90, 0, 0], "uv": [36, 9]},
						{"origin": [-6.65425, 11.8627, 4.8014], "size": [1, 1, 8], "pivot": [-7.21518, 9.94523, 10.66167], "rotation": [90, 0, -17.5], "uv": [49, 0]}
					]
				},
				{
					"name": "glow2R2",
					"parent": "cover2R2",
					"pivot": [-7.58515, 4.43667, 10.67304],
					"cubes": [
						{
							"origin": [-7.38153, 4.37035, 5.70473],
							"size": [0, 4, 13],
							"pivot": [-7.58515, 4.43667, 10.67304],
							"rotation": [90, 0, 0],
							"uv": {
								"north": {"uv": [13, 46], "uv_size": [1, 3]},
								"east": {"uv": [0, 67], "uv_size": [13, 4]},
								"south": {"uv": [27, 46], "uv_size": [1, 3]},
								"west": {"uv": [14, 53], "uv_size": [13, 3]},
								"up": {"uv": [13, 33], "uv_size": [1, 13]},
								"down": {"uv": [14, 46], "uv_size": [1, -13]}
							}
						}
					]
				},
				{
					"name": "armshadow",
					"parent": "main",
					"pivot": [-0.3, 15.8, -3.705],
					"cubes": [
						{"origin": [-4.305, 11.805, -8.205], "size": [8.01, 8, 9], "uv": [24, 24]},
						{"origin": [-4.305, 11.805, 0.795], "size": [8.01, 8, 4], "uv": [1, 54]},
						{"origin": [-4.305, 11.805, -10.205], "size": [8.01, 8, 17], "uv": [58, 16]}
					]
				},
				{
					"name": "glowCybermarks",
					"parent": "armshadow",
					"pivot": [-0.3, 15.8, -3.705],
					"cubes": [
						{"origin": [-4.305, 11.805, -10.205], "size": [8.01, 8, 17], "uv": [78, 41]},
						{"origin": [-4.305, 11.805, 0.795], "size": [8.01, 8, 4], "uv": [1, 74]},
						{"origin": [-4.305, 11.805, -8.205], "size": [8.01, 8, 9], "uv": [21, 61]}
					]
				},
				{
					"name": "muzzleflash",
					"parent": "main",
					"pivot": [-0.25, 21.35, -11.05],
					"cubes": [
						{"origin": [-0.8, 20.95, -12.55], "size": [1, 1, 1], "inflate": -0.4, "uv": [33, 42]}
					]
				},
				{
					"name": "scope",
					"parent": "main",
					"pivot": [14.85, 35.3, 20.75],
					"cubes": [
						{"origin": [14.35, 34.8, 20.45], "size": [1, 1, 1], "inflate": -0.4, "uv": [28, 42]}
					]
				}
			]
		}
	]
}