{
	"format_version": "1.12.0",
	"minecraft:geometry": [
		{
			"description": {
				"identifier": "geometry.unknown",
				"texture_width": 128,
				"texture_height": 128,
				"visible_bounds_width": 8,
				"visible_bounds_height": 4,
				"visible_bounds_offset": [0, 1, 0]
			},
			"bones": [
				{
					"name": "main",
					"pivot": [-0.35, 16, -0.5]
				},
				{
					"name": "gun",
					"parent": "main",
					"pivot": [-0.35, 19.57516, -3.79379],
					"cubes": [
						{"origin": [-2.08, 15.2, -4.35806], "size": [3.55, 8.8, 1.5], "pivot": [-0.35, 19.58306, -3.675], "rotation": [83, 0, 0], "uv": [0, 33]},
						{"origin": [1.45, 15.77844, -5.22769], "size": [1, 8.8, 1.5], "pivot": [1.45, 20.36375, -3.78291], "rotation": [83.41833, 2.38888, 19.86262], "uv": [16, 33]},
						{"origin": [-3.05, 15.77844, -5.22769], "size": [1, 8.8, 1.5], "pivot": [-2.05, 20.36375, -3.78291], "rotation": [83.41833, -2.38888, -19.86262], "uv": [33, 0]},
						{"origin": [-1.05, 15.4, -9.9], "size": [1.5, 1, 1], "pivot": [-0.35, 21.4, -9.65], "rotation": [90, 0, 0], "uv": [40, 21]},
						{"origin": [-1.05, 15.4, -11.4], "size": [1.5, 4, 1.5], "pivot": [-0.35, 21.4, -9.65], "rotation": [90, 0, 0], "uv": [0, 0]},
						{"origin": [-0.95, 19.925, -6.225], "size": [1, 2.5, 1], "pivot": [-0.275, 21.175, -5.9], "rotation": [90, 0, 45], "uv": [38, 3]}
					]
				},
				{
					"name": "barrel",
					"parent": "gun",
					"pivot": [-0.35, 21.4, -8.65],
					"cubes": [
						{"origin": [-1.05, 19.4, -10.4], "size": [1.5, 4, 1.5], "pivot": [-0.35, 21.4, -9.65], "rotation": [90, 0, 0], "uv": [25, 0]}
					]
				},
				{
					"name": "rightarm",
					"parent": "main",
					"pivot": [-0.3, 15.8, 10.8],
					"rotation": [-90, 0, 90],
					"cubes": [
						{"origin": [-4.3, -8.2, 6.8], "size": [8, 24, 8], "pivot": [-0.3, 3.8, 10.8], "rotation": [0, -90, 0], "uv": [0, 0]}
					]
				},
				{
					"name": "covers",
					"parent": "rightarm",
					"pivot": [-0.3, 3.8, 10.8],
					"rotation": [0, 90, 0]
				},
				{
					"name": "cover1L",
					"parent": "covers",
					"pivot": [2.51362, 2.31, 6.31902],
					"rotation": [0, -55, 0],
					"cubes": [
						{
							"origin": [0.98329, -0.00915, 0.57309],
							"size": [4, 1, 9],
							"pivot": [5.53187, 1.31, 5.07309],
							"rotation": [90, 0, 0],
							"uv": {
								"north": {"uv": [38, 51], "uv_size": [4, 1]},
								"east": {"uv": [29, 51], "uv_size": [9, 1]},
								"south": {"uv": [51, 51], "uv_size": [4, 1]},
								"west": {"uv": [42, 51], "uv_size": [9, 1]},
								"up": {"uv": [38, 42], "uv_size": [4, 9]},
								"down": {"uv": [42, 51], "uv_size": [4, -9]}
							}
						},
						{"origin": [0.98329, 2.81, 6.39224], "size": [4, 1, 1], "pivot": [0.98329, 2.81, 6.39224], "rotation": [90, -45, 0], "uv": [33, 21]}
					]
				},
				{
					"name": "cover1R",
					"parent": "covers",
					"pivot": [-3.11362, 2.31, 6.31902],
					"rotation": [0, 55, 0],
					"cubes": [
						{
							"origin": [-5.58329, 0.23642, 0.81867],
							"size": [4, 1, 9],
							"pivot": [-2.73914, 1.31, 5.31867],
							"rotation": [90, 0, 0],
							"uv": {
								"north": {"uv": [56, 53], "uv_size": [4, 1]},
								"east": {"uv": [47, 53], "uv_size": [9, 1]},
								"south": {"uv": [69, 53], "uv_size": [4, 1]},
								"west": {"uv": [60, 53], "uv_size": [9, 1]},
								"up": {"uv": [56, 44], "uv_size": [4, 9]},
								"down": {"uv": [60, 53], "uv_size": [4, -9]}
							}
						},
						{"origin": [-5.58329, 2.81, 6.39224], "size": [4, 1, 1], "pivot": [-1.58329, 2.81, 6.39224], "rotation": [90, 45, 0], "uv": [38, 0]}
					]
				},
				{
					"name": "cover2L",
					"parent": "covers",
					"pivot": [4.80394, 4.03774, 10.72181],
					"rotation": [0, -5, 5],
					"cubes": [
						{
							"origin": [5.21111, 0.37631, 4.22181],
							"size": [1, 7.98, 13],
							"pivot": [5.71111, 4.36631, 10.72181],
							"rotation": [90, 0, 0],
							"uv": {
								"north": {"uv": [46, 13], "uv_size": [1, 7]},
								"east": {"uv": [33, 13], "uv_size": [13, 7]},
								"south": {"uv": [60, 13], "uv_size": [1, 7]},
								"west": {"uv": [47, 13], "uv_size": [13, 7]},
								"up": {"uv": [46, 0], "uv_size": [1, 13]},
								"down": {"uv": [47, 13], "uv_size": [1, -13]}
							}
						},
						{"origin": [1.21111, 3.37631, 6.22181], "size": [4, 1.98, 2], "pivot": [5.71111, 4.36631, 10.72181], "rotation": [90, 0, 0], "uv": [19, 42]},
						{"origin": [3.98961, 5.8906, 6.72181], "size": [1, 1.98, 8], "pivot": [4.48961, 6.8806, 10.72181], "rotation": [90, 0, 17.5], "uv": [50, 21]}
					]
				},
				{
					"name": "cover2R",
					"parent": "covers",
					"pivot": [-5.65371, 4.05783, 10.72081],
					"rotation": [0, 5, -7.5],
					"cubes": [
						{
							"origin": [-7.06236, 0.38957, 4.22081],
							"size": [1, 7.98, 13],
							"pivot": [-6.56236, 4.37957, 10.72081],
							"rotation": [90, 0, 0],
							"uv": {
								"north": {"uv": [13, 46], "uv_size": [1, 7]},
								"east": {"uv": [0, 46], "uv_size": [13, 7]},
								"south": {"uv": [27, 46], "uv_size": [1, 7]},
								"west": {"uv": [14, 46], "uv_size": [13, 7]},
								"up": {"uv": [13, 33], "uv_size": [1, 13]},
								"down": {"uv": [14, 46], "uv_size": [1, -13]}
							}
						},
						{"origin": [-6.06236, 3.38957, 6.22081], "size": [4, 1.98, 2], "pivot": [-6.56236, 4.37957, 10.72081], "rotation": [90, 0, 0], "uv": [36, 9]},
						{"origin": [-6.77025, 8.88675, 3.61589], "size": [1, 1.98, 8], "pivot": [-6.19239, 9.88813, 10.70943], "rotation": [90, 0, -17.5], "uv": [49, 0]}
					]
				},
				{
					"name": "armshadow",
					"parent": "main",
					"pivot": [-0.3, 15.8, -3.705],
					"cubes": [
						{"origin": [-4.305, 11.805, -8.205], "size": [8.01, 8, 9], "uv": [24, 24]},
						{"origin": [-4.305, 11.805, 0.795], "size": [8.01, 8, 4], "uv": [1, 54]},
						{"origin": [-4.305, 11.805, -10.205], "size": [8.01, 8, 17], "uv": [58, 16]}
					]
				},
				{
					"name": "muzzleflash",
					"parent": "main",
					"pivot": [-0.25, 21.35, -11.05],
					"cubes": [
						{"origin": [-0.8, 20.95, -12.55], "size": [1, 1, 1], "inflate": -0.4, "uv": [33, 44]}
					]
				},
				{
					"name": "muzzle",
					"parent": "main",
					"pivot": [5.7, 27.45, -12.05],
					"cubes": [
						{"origin": [5.2, 26.95, -12.55], "size": [1, 1, 1], "inflate": -0.4, "uv": [33, 44]}
					]
				},
				{
					"name": "scope",
					"parent": "main",
					"pivot": [14.85, 35.3, 20.75],
					"cubes": [
						{"origin": [14.35, 34.8, 20.45], "size": [1, 1, 1], "inflate": -0.4, "uv": [33, 44]}
					]
				}
			]
		}
	]
}