{
  "credit": "Made with Blockbench",
  "parent": "builtin/entity",
  "texture_size": [
    32,
    32
  ],
  "display": {
    "thirdperson_righthand": {
      "translation": [
        0,
        0,
        1.25
      ],
      "scale": [
        0.39999999999999997,
        0.4,
        0.4
      ]
    },
    "thirdperson_lefthand": {
      "translation": [
        0,
        0,
        1.25
      ],
      "scale": [
        0.39999999999999997,
        0.39999999999999997,
        0.4
      ]
    },
    "firstperson_righthand": {
      "rotation": [
        -20,
        20,
        3.5
      ]
    },
    "firstperson_lefthand": {
      "rotation": [
        -20,
        20,
        3.5
      ]
    },
    "gui": {
      "rotation": [
        15,
        45,
        0
      ],
      "translation": [
        0,
        -0.75,
        0
      ],
      "scale": [
        1.5,
        1.5,
        1.5
      ]
    },
    "head": {
      "translation": [
        0,
        6.5,
        0
      ]
    },
    "fixed": {
      "rotation": [
        180,
        -90,
        180
      ]
    }
  }
}