{
    "pls_fire": {
        "sounds": [
            {
                "name": "pointblank:pls_fire",
                "stream": false
            }
        ]
    },
    "pls_iconic_sniper_fire": {
        "sounds": [
            {
                "name": "pointblank:pls_iconic_sniper_fire",
                "stream": false
            }
        ]
    },
    "pls_iconic_rifle_fire": {
        "sounds": [
            {
                "name": "pointblank:pls_iconic_rifle_fire",
                "stream": false
            }
        ]
    },
    "pls_reload1": {
        "sounds": [
            {
                "name": "pointblank:pls_reload1",
                "stream": false
            }
        ]
    },
    "pls_reload2": {
        "sounds": [
            {
                "name": "pointblank:pls_reload2",
                "stream": false
            }
        ]
    },
    "mantis_blade_complete": {
        "sounds": [
            {
                "name": "pointblank:mantis_blade_complete",
                "stream": false
            }
        ]
    },
    "mantis_blade_sfx2": {
        "sounds": [
            {
                "name": "pointblank:mantis_blade_sfx2",
                "stream": false
            }
        ]
    },
    "mantis_blade_sfx3": {
        "sounds": [
            {
                "name": "pointblank:mantis_blade_sfx3",
                "stream": false
            }
        ]
    },
    "mantis_blade_sfx4": {
        "sounds": [
            {
                "name": "pointblank:mantis_blade_sfx4",
                "stream": false
            }
        ]
    },
    "mantis_blade_sfx5": {
        "sounds": [
            {
                "name": "pointblank:mantis_blade_sfx5",
                "stream": false
            }
        ]
    }
}
