{
	"format_version": "1.12.0",
	"minecraft:geometry": [
		{
			"description": {
				"identifier": "geometry.unknown",
				"texture_width": 128,
				"texture_height": 128,
				"visible_bounds_width": 8,
				"visible_bounds_height": 5,
				"visible_bounds_offset": [0, 1.5, 0]
			},
			"bones": [
				{
					"name": "main",
					"pivot": [0, 20, 0]
				},
				{
					"name": "malorian",
					"parent": "main",
					"pivot": [0, 18, 0],
					"cubes": [
						{"origin": [-1.5, 16.93603, 0.50481], "size": [3, 3.5, 4.75], "inflate": 0.003, "uv": [22, 56]},
						{"origin": [-1.5, 7.40836, 1.86504], "size": [3, 10.4, 4.75], "inflate": -0.001, "pivot": [0, 12.60836, 4.24004], "rotation": [16.25, 0, 0], "uv": [20, 31]},
						{"origin": [-1.5, 20.55, -20.25], "size": [3, 1, 15.6], "inflate": 0.001, "uv": [0, 56]},
						{"origin": [-1.1, 20.45, 1.35], "size": [2.2, 1.1, 3], "inflate": 0.001, "uv": [67, 69]},
						{"origin": [-0.6, 20.35, 5.85], "size": [1.2, 1, 1], "inflate": 0.001, "pivot": [0, 20.85, 6.35], "rotation": [27.5, 0, 0], "uv": [11, 31]},
						{"origin": [-1.7, 17.55, -8.15], "size": [3.4, 3.9, 3.85], "inflate": 0.001, "uv": [1, 53]},
						{"origin": [-1.7, 18.55, -10.65], "size": [3.4, 2.9, 2.5], "inflate": 0.001, "uv": [0, 73]},
						{"origin": [-1.7, 17.75752, -9.051], "size": [3.4, 1, 1.4], "pivot": [0, 18.25752, -8.151], "rotation": [-45, 0, 0], "uv": [0, 68]},
						{
							"origin": [-1.501, 20.4585, 7.3421],
							"size": [0.4, 1.1, 2.262],
							"pivot": [1.4, 21.53938, 7.35092],
							"rotation": [-26.5, 0, 0],
							"uv": {
								"north": {"uv": [14, 76], "uv_size": [1, 2]},
								"east": {"uv": [11, 76], "uv_size": [3, 2]},
								"south": {"uv": [18, 76], "uv_size": [1, 2]},
								"west": {"uv": [15, 76], "uv_size": [3, 2]},
								"up": {"uv": [14, 73], "uv_size": [1, 3]},
								"down": {"uv": [15, 76], "uv_size": [1, -3]}
							}
						},
						{
							"origin": [1.101, 20.4585, 7.3421],
							"size": [0.4, 1.1, 2.262],
							"pivot": [1.4, 21.53938, 7.35092],
							"rotation": [-26.5, 0, 0],
							"uv": {
								"north": {"uv": [68, 28], "uv_size": [1, 2]},
								"east": {"uv": [65, 28], "uv_size": [3, 2]},
								"south": {"uv": [72, 28], "uv_size": [1, 2]},
								"west": {"uv": [69, 28], "uv_size": [3, 2]},
								"up": {"uv": [68, 25], "uv_size": [1, 3]},
								"down": {"uv": [69, 28], "uv_size": [1, -3]}
							}
						},
						{
							"origin": [-1.501, 20.43332, -5.35022],
							"size": [0.7, 1.125, 12.7],
							"uv": {
								"north": {"uv": [13, 13], "uv_size": [1, 2]},
								"east": {"uv": [0, 13], "uv_size": [13, 2]},
								"south": {"uv": [27, 13], "uv_size": [1, 2]},
								"west": {"uv": [14, 13], "uv_size": [13, 2]},
								"up": {"uv": [13, 0], "uv_size": [1, 13]},
								"down": {"uv": [14, 13], "uv_size": [1, -13]}
							}
						},
						{
							"origin": [1.101, 20.43332, -5.35022],
							"size": [0.4, 1.125, 12.7],
							"uv": {
								"north": {"uv": [71, 13], "uv_size": [1, 2]},
								"east": {"uv": [58, 13], "uv_size": [13, 2]},
								"south": {"uv": [85, 13], "uv_size": [1, 2]},
								"west": {"uv": [72, 13], "uv_size": [13, 2]},
								"up": {"uv": [71, 0], "uv_size": [1, 13]},
								"down": {"uv": [72, 13], "uv_size": [1, -13]}
							}
						},
						{"origin": [-1.502, 19.46564, 4.4946], "size": [3, 1.2, 1], "inflate": 0.001, "pivot": [-0.002, 19.41564, 4.8446], "rotation": [-56, 0, 0], "uv": [49, 69]},
						{"origin": [-1.5, 19.55, -20.25], "size": [3, 1, 29.625], "uv": [0, 0]},
						{"origin": [-0.525, 20.275, -20.275], "size": [1.05, 1.05, 1.8], "inflate": 0.001, "pivot": [0, 20.8, -18.475], "rotation": [0, 0, -45], "uv": [23, 24]},
						{"origin": [1.225, 19.375, -16.475], "size": [1.3, 1.3, 4.8], "inflate": 0.001, "pivot": [2, 20.15, -14.675], "rotation": [0, 0, -45], "uv": [58, 0]},
						{"origin": [0.325, 18.525, -15.975], "size": [1.3, 1.3, 3.8], "inflate": -0.2, "pivot": [1.1, 19.3, -14.675], "rotation": [0, 0, -45], "uv": [74, 0]},
						{"origin": [-0.6, 15.95, -2.875], "size": [1.2, 1, 2.75], "uv": [20, 75]},
						{"origin": [-0.6, 15.95, -0.127], "size": [1.2, 1, 2.625], "inflate": -0.001, "pivot": [0, 15.95, -0.1145], "rotation": [27.5, 0, 0], "uv": [50, 56]},
						{"origin": [-0.6, 15.95, -4.375], "size": [1.2, 1, 1.5], "inflate": -0.001, "pivot": [0, 15.95, -2.875], "rotation": [-17.5, 0, 0], "uv": [36, 10]},
						{"origin": [-0.6, 16.40071, -7.80532], "size": [1.2, 1, 3.5], "pivot": [0, 16.40071, -4.30532], "rotation": [-90, 0, 0], "uv": [73, 74]},
						{"origin": [-0.6, 18.97283, -3.82093], "size": [1.2, 1.1, 1], "inflate": -0.001, "pivot": [0, 19.47283, -3.32093], "rotation": [-45, 0, 0], "uv": [36, 0]},
						{"origin": [-0.6, 16.40071, -3.30532], "size": [1.2, 1, 3.5], "pivot": [0, 16.40071, 0.19468], "rotation": [-90, 0, 0], "uv": [64, 74]}
					]
				},
				{
					"name": "slide",
					"parent": "malorian",
					"pivot": [0, 22.33114, 1.75958],
					"cubes": [
						{"origin": [-1.125, 21.525, -4.75], "size": [2.25, 2.25, 3.6], "inflate": 0.001, "uv": [56, 69]},
						{"origin": [-1.425, 20.925, -3.05], "size": [2.85, 1, 8.7], "inflate": -0.3, "uv": [36, 19]},
						{"origin": [0.025, 19.95, -4.15], "size": [1.6, 2.125, 12], "inflate": -0.5, "uv": [62, 50]},
						{"origin": [-1.625, 19.95, -4.15], "size": [1.6, 2.125, 12], "inflate": -0.5, "uv": [62, 19]},
						{"origin": [-0.075, 21.05, 4.85], "size": [1.9, 3.2, 3], "inflate": -0.5, "pivot": [0.875, 22.65, 6.35], "rotation": [0, 0, -5], "uv": [0, 16]},
						{"origin": [-0.075, 22.8, 3.35], "size": [1.9, 1.45, 2.5], "inflate": -0.5, "pivot": [0.875, 22.65, 4.35], "rotation": [0, 0, -5], "uv": [40, 31]},
						{"origin": [-0.075, 21.05, 3.35], "size": [1.9, 1.7, 2.5], "inflate": -0.5, "pivot": [0.875, 22.65, 4.35], "rotation": [0, 0, -5], "uv": [40, 56]},
						{"origin": [-1.825, 21.05, 4.85], "size": [1.9, 3.2, 3], "inflate": -0.5, "pivot": [-0.875, 22.65, 6.35], "rotation": [0, 0, 5], "uv": [62, 34]},
						{"origin": [-1.825, 22.8, 3.35], "size": [1.9, 1.45, 2.5], "inflate": -0.5, "pivot": [-0.875, 22.65, 4.35], "rotation": [0, 0, 5], "uv": [36, 23]},
						{"origin": [-1.825, 21.05, 3.35], "size": [1.9, 1.7, 2.5], "inflate": -0.5, "pivot": [-0.875, 22.65, 4.35], "rotation": [0, 0, 5], "uv": [50, 31]},
						{"origin": [-1.725, 23.05, 3.35], "size": [3.45, 1.25, 4.5], "inflate": -0.501, "uv": [22, 64]},
						{"origin": [-2.00679, 20.0037, -15.67522], "size": [1.75, 2.4, 10.025], "inflate": -0.5, "pivot": [-0.17056, 21.81305, -9.92522], "rotation": [-180, 0, -15], "uv": [0, 16]},
						{"origin": [0.25679, 20.0037, -15.67522], "size": [1.75, 2.4, 10.025], "inflate": -0.5, "pivot": [0.17056, 21.81305, -9.92522], "rotation": [-180, 0, 15], "uv": [62, 34]}
					]
				},
				{
					"name": "turnybit",
					"parent": "slide",
					"pivot": [0, 22.65, 2.08],
					"cubes": [
						{"origin": [-1, 21.65, 3.55], "size": [2, 2, 4], "inflate": -0.3, "pivot": [0, 22.65, 0.15], "rotation": [0, 0, 45], "uv": [0, 0]},
						{"origin": [-1.325, 21.325, -1.45], "size": [2.65, 2.65, 2.3], "inflate": -0.3, "uv": [74, 5]},
						{"origin": [-1.175, 21.325, 0.25], "size": [2.35, 2.65, 3.5], "inflate": -0.3, "uv": [62, 56]},
						{"origin": [0.275, 21.325, 2.25], "size": [1.05, 2.65, 1.5], "inflate": -0.3, "pivot": [1.025, 22.65, 3.45], "rotation": [0, 17.5, 0], "uv": [24, 0]},
						{"origin": [-1.325, 21.325, 2.25], "size": [1.05, 2.65, 1.5], "inflate": -0.3, "pivot": [-1.025, 22.65, 3.45], "rotation": [0, -17.5, 0], "uv": [13, 16]},
						{"origin": [-1.325, 21.325, 3.15], "size": [2.65, 2.65, 1], "inflate": -0.3, "uv": [36, 19]}
					]
				},
				{
					"name": "glow_turn",
					"parent": "turnybit",
					"pivot": [0, 22.65, 0.175],
					"cubes": [
						{
							"origin": [0.2, 23.15, 7.275],
							"size": [0.3, 0.3, 0],
							"pivot": [0, 23.65, 3.875],
							"rotation": [0, 0, 45],
							"uv": {
								"north": {"uv": [0, 79], "uv_size": [0, 0]},
								"east": {"uv": [0, 79], "uv_size": [0, 0]},
								"south": {"uv": [0, 79], "uv_size": [0, 0]},
								"west": {"uv": [0, 79], "uv_size": [0, 0]},
								"up": {"uv": [0, 79], "uv_size": [0, 0]},
								"down": {"uv": [0, 79], "uv_size": [0, 0]}
							}
						},
						{
							"origin": [0.2, 22.15, 7.275],
							"size": [0.3, 0.3, 0],
							"pivot": [0, 22.65, 3.875],
							"rotation": [0, 0, 45],
							"uv": {
								"north": {"uv": [0, 79], "uv_size": [0, 0]},
								"east": {"uv": [0, 79], "uv_size": [0, 0]},
								"south": {"uv": [0, 79], "uv_size": [0, 0]},
								"west": {"uv": [0, 79], "uv_size": [0, 0]},
								"up": {"uv": [0, 79], "uv_size": [0, 0]},
								"down": {"uv": [0, 79], "uv_size": [0, 0]}
							}
						}
					]
				},
				{
					"name": "slide2",
					"parent": "malorian",
					"pivot": [0, 23.32597, -13.40376],
					"cubes": [
						{"origin": [-0.625, 22.275, -20.3], "size": [1.25, 1.25, 16.8], "inflate": 0.001, "pivot": [0, 22.9, -18.5], "rotation": [0, 0, -45], "uv": [21, 57]},
						{"origin": [-1.1, 21.55, -20.25], "size": [2.2, 2.75, 16.55], "inflate": 0.001, "uv": [41, 50]},
						{"origin": [-0.27716, 22.24918, -20.75022], "size": [1.675, 3.05, 17.55], "inflate": -0.5, "pivot": [1.39784, 25.29918, -14.97522], "rotation": [0, 0, -20], "uv": [20, 35]},
						{"origin": [-1.39784, 22.24918, -20.75022], "size": [1.675, 3.05, 17.55], "inflate": -0.5, "pivot": [-1.39784, 25.29918, -14.97522], "rotation": [0, 0, 20], "uv": [0, 31]},
						{"origin": [-0.301, 23.53332, -20.95022], "size": [2.1, 1.825, 17.95], "inflate": -0.7, "uv": [40, 31]},
						{"origin": [-1.101, 23.53332, -17.95022], "size": [2.2, 1.625, 2.95], "inflate": -0.7, "uv": [40, 69]},
						{"origin": [-1.151, 23.53332, -5.95022], "size": [2.3, 1.675, 4.025], "inflate": -0.7, "uv": [0, 7]},
						{"origin": [-1.476, 23.53332, -5.95022], "size": [1.8, 1.875, 4.025], "inflate": -0.7, "uv": [62, 50]},
						{"origin": [-0.326, 23.53332, -5.95022], "size": [1.8, 1.875, 4.025], "inflate": -0.7, "uv": [58, 6]},
						{"origin": [-2.401, 22.83332, -17.67522], "size": [2.4, 1.625, 2.175], "inflate": -0.7, "pivot": [-0.001, 23.64582, -17.10022], "rotation": [0, 0, 90], "uv": [11, 52]},
						{"origin": [-1.951, 22.83332, -3.50022], "size": [2.05, 1.825, 1.575], "inflate": -0.7, "pivot": [0.449, 23.64582, -3.52522], "rotation": [0, 0, 90], "uv": [50, 35]},
						{"origin": [-2.851, 22.63332, -3.50022], "size": [2.05, 1.825, 1.575], "inflate": -0.7, "pivot": [-0.451, 23.64582, -3.52522], "rotation": [0, 0, 90], "uv": [40, 35]},
						{"origin": [-1.851, 22.43332, -3.50022], "size": [1.9, 2.325, 1.575], "inflate": -0.7, "pivot": [0.049, 23.64582, -3.52522], "rotation": [0, 0, 90], "uv": [16, 0]},
						{"origin": [-1.401, 23.77549, -17.37122], "size": [2.4, 1.625, 2.05], "inflate": -0.7, "pivot": [-0.001, 24.58799, -16.34622], "rotation": [0, -14, 90], "uv": [31, 31]},
						{"origin": [-1.799, 23.53332, -20.95022], "size": [2.1, 1.825, 17.95], "inflate": -0.7, "uv": [36, 0]},
						{"origin": [0.25679, 20.0037, -19.75022], "size": [1.75, 2.4, 7.55], "inflate": -0.5, "pivot": [0.17056, 21.81305, -16.47522], "rotation": [-180, 0, 15], "uv": [40, 31]},
						{"origin": [-2.00679, 20.0037, -19.75022], "size": [1.75, 2.4, 7.55], "inflate": -0.5, "pivot": [-0.17056, 21.81305, -16.47522], "rotation": [-180, 0, -15], "uv": [40, 56]}
					]
				},
				{
					"name": "glow_sight_rear",
					"parent": "slide2",
					"pivot": [-0.451, 23.64582, -3.52522],
					"cubes": [
						{
							"origin": [-0.351, 24.696, -2.62],
							"size": [0.7, 0.15, 0],
							"pivot": [-0.001, 24.77082, -2.63772],
							"rotation": [0, 0, 0],
							"uv": {
								"north": {"uv": [14, 82], "uv_size": [2, 1]},
								"east": {"uv": [15, 82], "uv_size": [1, 1]},
								"south": {"uv": [14, 82], "uv_size": [2, 1]},
								"west": {"uv": [15, 82], "uv_size": [1, 1]},
								"up": {"uv": [14, 82], "uv_size": [2, 1]},
								"down": {"uv": [14, 83], "uv_size": [2, -1]}
							}
						},
						{
							"origin": [-0.5135, 24.69582, -2.6212],
							"size": [0.175, 0.65, 0],
							"pivot": [-0.0135, 24.77065, -2.63892],
							"rotation": [0, 0, 0],
							"uv": {
								"north": {"uv": [14, 82], "uv_size": [2, 1]},
								"east": {"uv": [14, 82], "uv_size": [1, 1]},
								"south": {"uv": [14, 82], "uv_size": [2, 1]},
								"west": {"uv": [14, 82], "uv_size": [1, 1]},
								"up": {"uv": [14, 82], "uv_size": [2, 1]},
								"down": {"uv": [14, 83], "uv_size": [2, -1]}
							}
						},
						{
							"origin": [0.3365, 24.69582, -2.6212],
							"size": [0.175, 0.65, 0],
							"pivot": [-0.0135, 24.77065, -2.63892],
							"rotation": [0, 0, 0],
							"uv": {
								"north": {"uv": [14, 82], "uv_size": [2, 1]},
								"east": {"uv": [14, 82], "uv_size": [1, 1]},
								"south": {"uv": [14, 82], "uv_size": [2, 1]},
								"west": {"uv": [15, 82], "uv_size": [1, 1]},
								"up": {"uv": [14, 82], "uv_size": [2, 1]},
								"down": {"uv": [14, 83], "uv_size": [2, -1]}
							}
						}
					]
				},
				{
					"name": "glow_sight_front",
					"parent": "slide2",
					"pivot": [-0.001, 24.58799, -16.34622],
					"cubes": [
						{
							"origin": [-0.651, 23.14604, -15.84782],
							"size": [0.325, 0.125, 0],
							"pivot": [0.699, 23.90854, -16.15285],
							"rotation": [0, -14, 90],
							"uv": {
								"north": {"uv": [14, 82], "uv_size": [1, 1]},
								"east": {"uv": [14, 82], "uv_size": [1, 1]},
								"south": {"uv": [14, 82], "uv_size": [1, 1]},
								"west": {"uv": [15, 82], "uv_size": [1, 1]},
								"up": {"uv": [14, 82], "uv_size": [1, 1]},
								"down": {"uv": [15, 83], "uv_size": [1, -1]}
							}
						}
					]
				},
				{
					"name": "glow_laser",
					"parent": "malorian",
					"pivot": [2, 20.55, -14.675],
					"cubes": [
						{
							"origin": [1.225, 19.8, -16.525],
							"size": [0.7, 0.7, 0],
							"inflate": 0.001,
							"pivot": [2, 20.575, -14.725],
							"rotation": [0, 0, -45],
							"uv": {
								"north": {"uv": [0, 79], "uv_size": [0, 0]},
								"east": {"uv": [0, 79], "uv_size": [0, 0]},
								"south": {"uv": [0, 79], "uv_size": [0, 0]},
								"west": {"uv": [0, 79], "uv_size": [0, 0]},
								"up": {"uv": [0, 79], "uv_size": [0, 0]},
								"down": {"uv": [0, 79], "uv_size": [0, 0]}
							}
						},
						{
							"origin": [0.425, 19.05, -15.825],
							"size": [0.5, 0.5, 0],
							"inflate": 0.001,
							"pivot": [1.1, 19.725, -14.025],
							"rotation": [0, 0, -45],
							"uv": {
								"north": {"uv": [0, 79], "uv_size": [0, 0]},
								"east": {"uv": [0, 79], "uv_size": [0, 0]},
								"south": {"uv": [0, 79], "uv_size": [0, 0]},
								"west": {"uv": [0, 79], "uv_size": [0, 0]},
								"up": {"uv": [0, 79], "uv_size": [0, 0]},
								"down": {"uv": [0, 79], "uv_size": [0, 0]}
							}
						},
						{
							"origin": [0.425, 19.05, -12.35],
							"size": [0.5, 0.5, 0],
							"inflate": 0.001,
							"pivot": [1.1, 19.725, -10.55],
							"rotation": [0, 0, -45],
							"uv": {
								"north": {"uv": [3, 79], "uv_size": [0, 0]},
								"east": {"uv": [3, 79], "uv_size": [0, 0]},
								"south": {"uv": [3, 79], "uv_size": [0, 0]},
								"west": {"uv": [3, 79], "uv_size": [0, 0]},
								"up": {"uv": [3, 79], "uv_size": [0, 0]},
								"down": {"uv": [3, 79], "uv_size": [0, 0]}
							}
						}
					]
				},
				{
					"name": "trigger",
					"parent": "malorian",
					"pivot": [0, 18.40071, -0.72404],
					"cubes": [
						{"origin": [-0.5, 17.47571, -1.88032], "size": [1, 2, 2.35], "inflate": -0.2, "pivot": [0, 18.47571, -0.60532], "rotation": [-90, 0, 0], "uv": [22, 16]}
					]
				},
				{
					"name": "magazine",
					"parent": "malorian",
					"pivot": [0, 16.66146, -7.07312],
					"cubes": [
						{"origin": [-1.7, 14.5, -10.6], "size": [3.4, 1.075, 5.85], "pivot": [0, 15.0375, -7.4], "rotation": [-15, 0, 0], "uv": [40, 41]},
						{"origin": [-1.7, 15.35, -10.625], "size": [3.4, 1.075, 5.925], "inflate": -0.001, "uv": [36, 10]},
						{"origin": [-1.7, 15.925, -8.15], "size": [3.4, 1, 3.45], "uv": [16, 7]},
						{"origin": [-1.7, 14.35, -6.6], "size": [3.4, 1, 1.625], "inflate": -0.001, "uv": [62, 41]},
						{"origin": [-2.7, 12.825, -5.975], "size": [5.4, 3.525, 2.275], "inflate": -1.001, "uv": [58, 19]},
						{"origin": [-1.5, 15.325, -10.45], "size": [3, 4.15, 5.575], "uv": [36, 0]},
						{"origin": [-2, 18.975, -10.95], "size": [1.5, 1.75, 6.575], "inflate": -0.5, "pivot": [-1.5, 19.475, -7.6625], "rotation": [0, 0, 7.5], "uv": [49, 19]},
						{"origin": [0.5, 18.975, -10.95], "size": [1.5, 1.75, 6.575], "inflate": -0.5, "pivot": [1.5, 19.475, -7.6625], "rotation": [0, 0, -7.5], "uv": [13, 16]},
						{"origin": [-1.7, 15.70752, -9.051], "size": [3.4, 1, 1.4], "inflate": -0.002, "pivot": [0, 16.20752, -8.151], "rotation": [45, 0, 0], "uv": [0, 23]}
					]
				},
				{
					"name": "bullet",
					"parent": "magazine",
					"pivot": [-0.5, 18.8, -7.6],
					"rotation": [0, 0, -27.5],
					"cubes": [
						{"origin": [-0.5, 18.3, -10.3], "size": [1.5, 1.5, 5.3], "uv": [16, 0]}
					]
				},
				{
					"name": "rightarm",
					"parent": "main",
					"pivot": [-3.3, 9.525, 20.9],
					"rotation": [-104.77806, -7.4046, 0.06753],
					"cubes": [
						{"origin": [-7.3, -14.475, 16.9], "size": [8, 24, 8], "uv": [96, 0]}
					]
				},
				{
					"name": "leftarm",
					"parent": "main",
					"pivot": [20.2, -6, 49.4],
					"rotation": [-90, 0, 0],
					"cubes": [
						{"origin": [16.2, -30, 45.4], "size": [8, 24, 8], "uv": [96, 34]}
					]
				},
				{
					"name": "scope",
					"parent": "main",
					"pivot": [0, 25.15, 22.95],
					"cubes": [
						{"origin": [-0.5, 24.65, 22.45], "size": [1, 1, 1], "inflate": -0.4, "uv": [40, 41]}
					]
				},
				{
					"name": "muzzleflash",
					"parent": "main",
					"pivot": [0, 22.9, -20.675],
					"cubes": [
						{"origin": [-0.5, 22.4, -21.175], "size": [1, 1, 1], "inflate": -0.4, "uv": [48, 0]}
					]
				},
				{
					"name": "_camera_",
					"pivot": [11, 33, 76]
				}
			]
		}
	]
}