{
	"format_version": "1.12.0",
	"minecraft:geometry": [
		{
			"description": {
				"identifier": "geometry.unknown",
				"texture_width": 128,
				"texture_height": 128,
				"visible_bounds_width": 8,
				"visible_bounds_height": 5,
				"visible_bounds_offset": [0, 1.5, 0]
			},
			"bones": [
				{
					"name": "main",
					"pivot": [7.55, 20, 0]
				},
				{
					"name": "armR_gun",
					"parent": "main",
					"pivot": [7.55, 18, 0]
				},
				{
					"name": "rightarm",
					"parent": "armR_gun",
					"pivot": [4.25, 9.525, 20.9],
					"rotation": [-104.77806, -7.4046, 0.06753],
					"cubes": [
						{"origin": [0.25, -14.475, 16.9], "size": [8, 24, 8], "uv": [25, 25]}
					]
				},
				{
					"name": "gun",
					"parent": "armR_gun",
					"pivot": [7.55, 18.07161, -0.76963],
					"cubes": [
						{
							"origin": [7.775, 21.9, -14.95],
							"size": [1, 3, 10.425],
							"inflate": -0.001,
							"uv": {
								"north": {"uv": [78, 71], "uv_size": [0, 3]},
								"east": {"uv": [23, 101], "uv_size": [-23, 7]},
								"south": {"uv": [88, 71], "uv_size": [0, 3]},
								"west": {"uv": [0, 101], "uv_size": [23, 7]},
								"up": {"uv": [78, 61], "uv_size": [0, 10]},
								"down": {"uv": [78, 71], "uv_size": [0, -10]}
							}
						},
						{"origin": [6.55, 16.8, 1.05], "size": [2, 3, 3], "inflate": 0.001, "uv": [0, 45]},
						{"origin": [6.05, 19.55, -6.45], "size": [3, 1, 13], "inflate": 0.001, "uv": [0, 45]},
						{"origin": [7.85927, 18.89565, 1.05], "size": [1, 1, 3], "inflate": -0.001, "pivot": [8.35927, 19.39565, 2.55], "rotation": [0, 0, 32.5], "uv": [0, 52]},
						{"origin": [6.24073, 18.89565, 1.05], "size": [1, 1, 3], "inflate": -0.001, "pivot": [6.74073, 19.39565, 2.55], "rotation": [0, 0, -32.5], "uv": [50, 22]},
						{"origin": [6.36747, 18.98047, -1.125], "size": [1, 1, 3], "inflate": 0.001, "pivot": [7.55, 19.04565, 0.375], "rotation": [17.06488, 10.58927, -30.90686], "uv": [16, 33]},
						{"origin": [7.73253, 18.98047, -1.125], "size": [1, 1, 3], "inflate": 0.001, "pivot": [7.55, 19.04565, 0.375], "rotation": [17.06488, -10.58927, 30.90686], "uv": [45, 17]},
						{"origin": [6.05, 18.675, -6.475], "size": [3, 1, 5.4], "inflate": -0.002, "uv": [33, 17]},
						{"origin": [6.05, 16.775, -15.45], "size": [3, 2, 10.9], "inflate": -0.001, "uv": [50, 17]},
						{"origin": [6.05, 18.75, -15.45], "size": [3, 2.525, 9], "uv": [0, 33]},
						{
							"origin": [6.35, 21.05, -15.45],
							"size": [2.4, 1, 3],
							"inflate": -0.001,
							"uv": {
								"north": {"uv": [36, 11], "uv_size": [3, 1]},
								"east": {"uv": [33, 11], "uv_size": [3, 1]},
								"south": {"uv": [42, 11], "uv_size": [3, 1]},
								"west": {"uv": [39, 11], "uv_size": [3, 1]},
								"up": {"uv": [36, 8], "uv_size": [3, 3]},
								"down": {"uv": [39, 11], "uv_size": [3, -3]}
							}
						},
						{
							"origin": [6.35, 21.60826, -15.24681],
							"size": [2.4, 1, 1],
							"inflate": -0.003,
							"pivot": [7.55, 22.10826, -14.74681],
							"rotation": [-40, 0, 0],
							"uv": {
								"north": {"uv": [1, 40], "uv_size": [3, 1]},
								"east": {"uv": [0, 40], "uv_size": [1, 1]},
								"south": {"uv": [5, 40], "uv_size": [3, 1]},
								"west": {"uv": [4, 40], "uv_size": [1, 1]},
								"up": {"uv": [1, 39], "uv_size": [3, 1]},
								"down": {"uv": [4, 40], "uv_size": [3, -1]}
							}
						},
						{
							"origin": [6.35, 21.925, -14.95],
							"size": [2.4, 2, 12.5],
							"uv": {
								"north": {"uv": [58, 58], "uv_size": [3, 2]},
								"east": {"uv": [46, 58], "uv_size": [12, 2]},
								"south": {"uv": [73, 58], "uv_size": [3, 2]},
								"west": {"uv": [61, 58], "uv_size": [12, 2]},
								"up": {"uv": [58, 46], "uv_size": [3, 12]},
								"down": {"uv": [61, 58], "uv_size": [3, -12]}
							}
						},
						{"origin": [8.4, 22.175, -4.2], "size": [1, 1.5, 1.5], "uv": [8, 45]},
						{"origin": [8.12988, 22.175, -4.48158], "size": [1, 1.5, 1.5], "inflate": -0.002, "pivot": [8.62988, 22.925, -3.73158], "rotation": [0, -25, 0], "uv": [42, 4]},
						{"origin": [8.725, 21.425, -5.2], "size": [0, 1, 2], "uv": [33, 17]},
						{"origin": [6.375, 21.425, -5.2], "size": [0, 1, 2], "uv": [25, 0]},
						{"origin": [6.55, 20.925, -12.45], "size": [2, 1, 6], "inflate": -0.003, "uv": [25, 0]},
						{
							"origin": [6.35, 23.9, -14.95],
							"size": [2.4, 1, 10.425],
							"inflate": -0.001,
							"uv": {
								"north": {"uv": [64, 10], "uv_size": [3, 1]},
								"east": {"uv": [54, 10], "uv_size": [10, 1]},
								"south": {"uv": [77, 10], "uv_size": [3, 1]},
								"west": {"uv": [67, 10], "uv_size": [10, 1]},
								"up": {"uv": [64, 0], "uv_size": [3, 10]},
								"down": {"uv": [67, 10], "uv_size": [3, -10]}
							}
						},
						{
							"origin": [6.3, 15.025, -16.325],
							"size": [2.5, 2.5, 5],
							"inflate": -0.001,
							"pivot": [7.55, 16.275, -13.325],
							"rotation": [0, 0, 45],
							"uv": {
								"north": {"uv": [74, 42], "uv_size": [3, 3]},
								"east": {"uv": [65, 45], "uv_size": [5, 2]},
								"south": {"uv": [77, 45], "uv_size": [2, 2]},
								"west": {"uv": [72, 45], "uv_size": [5, 2]},
								"up": {"uv": [70, 40], "uv_size": [2, 5]},
								"down": {"uv": [72, 45], "uv_size": [2, -5]}
							}
						},
						{"origin": [7.05, 19.525, -15.575], "size": [1, 1, 1], "inflate": -0.001, "pivot": [7.55, 20.025, -12.575], "rotation": [0, 0, 45], "uv": [20, 45]},
						{"origin": [6.05, 18.86215, -1.30472], "size": [3, 1, 2.625], "inflate": -0.003, "pivot": [7.55, 19.36215, -0.67972], "rotation": [20, 0, 0], "uv": [36, 0]},
						{"origin": [6.55, 17.01528, -0.88126], "size": [2, 1.1, 1], "inflate": -0.002, "uv": [6, 52]},
						{"origin": [7.05, 16.76528, -2.63126], "size": [1, 2, 2], "inflate": -0.002, "uv": [0, 0]},
						{"origin": [6.55, 16.347, -0.56912], "size": [2, 3, 2], "inflate": -0.001, "pivot": [7.55, 17.347, -0.06912], "rotation": [20, 0, 0], "uv": [0, 33]},
						{"origin": [6.551, 15.9911, -1.53], "size": [2, 1, 1.25], "inflate": -0.001, "pivot": [7.551, 16.4911, -0.90586], "rotation": [20, 0, 0], "uv": [58, 32]},
						{"origin": [6.551, 15.89041, -5.11733], "size": [2, 1, 1.25], "inflate": -0.002, "pivot": [7.551, 16.39041, -4.49233], "rotation": [-45, 0, 0], "uv": [51, 17]},
						{"origin": [6.051, 18.29041, -5.04233], "size": [3, 1, 1], "inflate": -0.004, "pivot": [7.551, 18.79041, -4.66733], "rotation": [45, 0, 0], "uv": [50, 30]},
						{"origin": [6.55, 15.8078, -11.32504], "size": [2, 1, 10], "inflate": 0.001, "uv": [23, 58]},
						{
							"origin": [6.55, 14.8078, -11.32504],
							"size": [2, 1, 8],
							"inflate": 0.001,
							"uv": {
								"north": {"uv": [66, 38], "uv_size": [2, 1]},
								"east": {"uv": [58, 38], "uv_size": [8, 1]},
								"south": {"uv": [76, 38], "uv_size": [2, 1]},
								"west": {"uv": [68, 38], "uv_size": [8, 1]},
								"up": {"uv": [66, 30], "uv_size": [2, 8]},
								"down": {"uv": [68, 38], "uv_size": [3, -8]}
							}
						},
						{"origin": [6.55, 15.01532, -3.82404], "size": [2, 1, 1.5], "inflate": -0.002, "pivot": [7.55, 15.51532, -3.32404], "rotation": [45, 0, 0], "uv": [0, 5]},
						{"origin": [6.55, 16.347, 2.48088], "size": [2, 2, 2], "inflate": -0.001, "pivot": [7.55, 17.347, 2.98088], "rotation": [20, 0, 0], "uv": [54, 0]},
						{"origin": [6.05, 11.70836, 1.61504], "size": [3, 5, 5], "pivot": [7.55, 12.60836, 3.99004], "rotation": [16.25, 0, 0], "uv": [48, 61]},
						{"origin": [6.05, 10.20836, 1.61504], "size": [3, 2, 4], "inflate": -0.001, "pivot": [7.55, 13.10836, 3.99004], "rotation": [8.75, 0, 0], "uv": [65, 48]},
						{"origin": [6.051, 15.87897, 0.56162], "size": [3, 1.4, 4.8], "inflate": -0.002, "uv": [13, 60]},
						{"origin": [6.052, 10.58992, 5.44937], "size": [3, 2.125, 1], "inflate": -0.004, "pivot": [7.552, 11.71492, 5.94937], "rotation": [-20.25, 0, 0], "uv": [16, 38]}
					]
				},
				{
					"name": "glow",
					"parent": "gun",
					"pivot": [7.9, 22.925, -8.7],
					"cubes": [
						{
							"origin": [8.4, 22.175, -2.698],
							"size": [1, 1.5, 0],
							"uv": {
								"north": {"uv": [12, 44], "uv_size": [1, 1]},
								"east": {"uv": [10, 46], "uv_size": [0, 1]},
								"south": {"uv": [11, 46], "uv_size": [1, 1]},
								"west": {"uv": [11, 46], "uv_size": [0, 1]},
								"up": {"uv": [10, 46], "uv_size": [1, 0]},
								"down": {"uv": [11, 46], "uv_size": [1, 0]}
							}
						}
					]
				},
				{
					"name": "image",
					"parent": "gun",
					"pivot": [7.55, 19.75, -12.45],
					"cubes": [
						{
							"origin": [6.05, 18.25, -12.45],
							"size": [3, 3, 0],
							"uv": {
								"north": {"uv": [0, 69], "uv_size": [3, 3]},
								"east": {"uv": [0, 69], "uv_size": [0, 3]},
								"south": {"uv": [0, 112], "uv_size": [16, 16]},
								"west": {"uv": [3, 69], "uv_size": [0, 3]},
								"up": {"uv": [0, 69], "uv_size": [3, 0]},
								"down": {"uv": [3, 69], "uv_size": [3, 0]}
							}
						}
					]
				},
				{
					"name": "image2",
					"parent": "gun",
					"pivot": [7.55, 19.75, -12.45],
					"cubes": [
						{
							"origin": [6.05, 18.25, -12.45],
							"size": [3, 3, 0],
							"uv": {
								"north": {"uv": [0, 69], "uv_size": [3, 3]},
								"east": {"uv": [0, 69], "uv_size": [0, 3]},
								"south": {"uv": [17, 112], "uv_size": [16, 16]},
								"west": {"uv": [3, 69], "uv_size": [0, 3]},
								"up": {"uv": [0, 69], "uv_size": [3, 0]},
								"down": {"uv": [3, 69], "uv_size": [3, 0]}
							}
						}
					]
				},
				{
					"name": "image3",
					"parent": "gun",
					"pivot": [7.55, 19.75, -12.45],
					"cubes": [
						{
							"origin": [6.05, 18.25, -12.45],
							"size": [3, 3, 0],
							"uv": {
								"north": {"uv": [80, 43], "uv_size": [16, 16]},
								"east": {"uv": [0, 69], "uv_size": [0, 3]},
								"south": {"uv": [98, 43], "uv_size": [16, 16]},
								"west": {"uv": [3, 69], "uv_size": [0, 3]},
								"up": {"uv": [0, 69], "uv_size": [3, 0]},
								"down": {"uv": [3, 69], "uv_size": [3, 0]}
							}
						}
					]
				},
				{
					"name": "slide",
					"parent": "gun",
					"pivot": [7.55, 20.025, -9.45],
					"cubes": [
						{"origin": [6.025, 18.75, -12.45], "size": [3.05, 2.55, 6], "inflate": -0.001, "uv": [0, 60]}
					]
				},
				{
					"name": "armL_mag",
					"parent": "main",
					"pivot": [12.55, 11, 9]
				},
				{
					"name": "leftarm",
					"parent": "armL_mag",
					"pivot": [17.5, 6, 19.15],
					"rotation": [-109.53537, 25.91082, 1.11644],
					"cubes": [
						{"origin": [13.5, -18, 15.15], "size": [8, 24, 8], "uv": [0, 0]}
					]
				},
				{
					"name": "magazine",
					"parent": "armL_mag",
					"pivot": [7.55, 13.34005, 4.35667],
					"cubes": [
						{
							"origin": [6.3, 19.83336, -6.58496],
							"size": [2.5, 2, 14.625],
							"inflate": -0.1,
							"uv": {
								"north": {"uv": [47, 14], "uv_size": [3, 3]},
								"east": {"uv": [33, 14], "uv_size": [14, 3]},
								"south": {"uv": [64, 14], "uv_size": [3, 3]},
								"west": {"uv": [50, 14], "uv_size": [14, 3]},
								"up": {"uv": [47, 0], "uv_size": [3, 14]},
								"down": {"uv": [50, 14], "uv_size": [3, -14]}
							}
						},
						{
							"origin": [6.3, 21.6354, -2.20996],
							"size": [2.5, 0.2, 10],
							"inflate": -0.1,
							"uv": {
								"north": {"uv": [67, 19], "uv_size": [0, 0]},
								"east": {"uv": [67, 19], "uv_size": [0, 0]},
								"south": {"uv": [67, 19], "uv_size": [0, 0]},
								"west": {"uv": [67, 19], "uv_size": [0, 0]},
								"up": {"uv": [80, 10], "uv_size": [5, 27]},
								"down": {"uv": [67, 19], "uv_size": [0, 0]}
							}
						}
					]
				},
				{
					"name": "muzzleflash",
					"pivot": [7.55, 20.025, -15.775],
					"cubes": [
						{"origin": [7.05, 19.525, -16.275], "size": [1, 1, 1], "inflate": -0.4, "uv": [20, 51]}
					]
				},
				{
					"name": "scope",
					"pivot": [0.24912, 27.30088, 17.95],
					"rotation": [0, 0, -45],
					"cubes": [
						{"origin": [-0.25088, 26.80088, 17.45], "size": [1, 1, 1], "inflate": -0.4, "pivot": [0.24912, 27.30088, 17.95], "rotation": [0, 0, -45], "uv": [20, 48]}
					]
				},
				{
					"name": "_camera_",
					"pivot": [20.5, 36.7, 40]
				}
			]
		}
	]
}