{
	"format_version": "1.12.0",
	"minecraft:geometry": [
		{
			"description": {
				"identifier": "geometry.unknown",
				"texture_width": 256,
				"texture_height": 256,
				"visible_bounds_width": 8,
				"visible_bounds_height": 5,
				"visible_bounds_offset": [0, 1.5, 0]
			},
			"bones": [
				{
					"name": "main",
					"pivot": [0, 20, 0]
				},
				{
					"name": "armR_gun",
					"parent": "main",
					"pivot": [-8.3, 12.8, 24.8]
				},
				{
					"name": "gun",
					"parent": "armR_gun",
					"pivot": [1, 11, -1],
					"cubes": [
						{"origin": [-1.5, 21.275, 5.5], "size": [3, 9, 24], "uv": [34, 42]},
						{"origin": [-1.5, 21.275, -25.5], "size": [3, 4, 31], "uv": [0, 0]},
						{"origin": [-0.75, 22.425, 1.5], "size": [2, 4, 27.975], "pivot": [-0.25, 22.425, -10], "rotation": [0, 0, 25], "uv": [37, 0]},
						{"origin": [-1.25, 22.425, 1.5], "size": [2, 4, 27.975], "pivot": [0.25, 22.425, -10], "rotation": [0, 0, -25], "uv": [0, 35]},
						{"origin": [-0.75, 22.425, -25.475], "size": [2, 4, 9.975], "pivot": [-0.25, 22.425, -37], "rotation": [0, 0, 25], "uv": [0, 49]},
						{"origin": [-1.25, 22.425, -25.475], "size": [2, 4, 9.975], "pivot": [0.25, 22.425, -37], "rotation": [0, 0, -25], "uv": [64, 37]},
						{"origin": [0.25, 22.425, -15.5], "size": [1, 4, 17], "pivot": [-0.25, 22.425, -27], "rotation": [0, 0, 25], "uv": [78, 25]},
						{"origin": [-1.25, 22.425, -15.5], "size": [1, 4, 17], "pivot": [0.25, 22.425, -27], "rotation": [0, 0, -25], "uv": [62, 78]},
						{"origin": [-1.25, 24.425, 1.5], "size": [1, 3, 27.975], "pivot": [0.25, 28.425, -10], "rotation": [0, 0, 25], "uv": [61, 48]},
						{"origin": [0.25, 24.425, 1.5], "size": [1, 3, 27.975], "pivot": [-0.25, 28.425, -10], "rotation": [0, 0, -25], "uv": [0, 66]},
						{"origin": [0.25, 24.425, -15.5], "size": [1, 1, 17], "pivot": [-0.25, 28.425, -19.975], "rotation": [0, 0, -25], "uv": [90, 46]},
						{"origin": [-1.25, 24.425, -15.5], "size": [1, 1, 17], "pivot": [0.25, 28.425, -19.975], "rotation": [0, 0, 25], "uv": [0, 96]},
						{"origin": [0.25, 25.425, -6.475], "size": [1, 1, 7.975], "pivot": [-0.25, 28.425, -19.975], "rotation": [0, 0, -25], "uv": [48, 14]},
						{"origin": [-1.25, 25.425, -6.475], "size": [1, 1, 7.975], "pivot": [0.25, 28.425, -19.975], "rotation": [0, 0, 25], "uv": [62, 78]},
						{"origin": [-1.25, 24.425, -25.475], "size": [1, 3, 9.975], "pivot": [0.25, 28.425, -37], "rotation": [0, 0, 25], "uv": [0, 66]},
						{"origin": [0.25, 24.425, -25.475], "size": [1, 3, 9.975], "pivot": [-0.25, 28.425, -37], "rotation": [0, 0, -25], "uv": [64, 50]},
						{"origin": [0.87776, 26.80045, 0.5], "size": [1, 1, 1.5], "inflate": -0.003, "pivot": [1.37776, 27.30045, 1.5], "rotation": [45, 0, -25], "uv": [26, 24]},
						{"origin": [-1.87776, 26.80045, 0.5], "size": [1, 1, 1.5], "inflate": -0.003, "pivot": [-1.37776, 27.30045, 1.5], "rotation": [45, 0, 25], "uv": [27, 10]},
						{"origin": [1.30038, 25.39415, -6.975], "size": [1, 1.5, 1], "inflate": -0.003, "pivot": [1.80038, 26.39415, -6.475], "rotation": [-45, 0, -25], "uv": [26, 0]},
						{"origin": [-2.30038, 25.39415, -6.975], "size": [1, 1.5, 1], "inflate": -0.003, "pivot": [-1.80038, 26.39415, -6.475], "rotation": [-45, 0, 25], "uv": [26, 6]},
						{"origin": [1.04833, 25.78467, -16.12783], "size": [1, 2.15, 1], "inflate": -0.003, "pivot": [1.54833, 26.93467, -15.62783], "rotation": [20, 0, -25], "uv": [7, 6]},
						{"origin": [-2.04833, 25.78467, -16.12783], "size": [1, 2.15, 1], "inflate": -0.003, "pivot": [-1.54833, 26.93467, -15.62783], "rotation": [20, 0, 25], "uv": [8, 0]},
						{"origin": [-1.5, 25.175, -25.5], "size": [3, 3, 10], "uv": [31, 35]},
						{"origin": [-1.5, 25.175, 1.475], "size": [3, 3, 4.025], "uv": [13, 78]},
						{"origin": [-1.25, 27.175, -15.525], "size": [2.5, 1, 17.025], "uv": [81, 82]},
						{"origin": [-1.5, 23.925, -27.5], "size": [3, 3, 2], "pivot": [0, 25.425, -26.5], "rotation": [0, 0, 45], "uv": [18, 6]},
						{"origin": [-1, 24.425, -35.3], "size": [2, 2, 8], "inflate": -0.2, "pivot": [0, 25.425, -28.3], "rotation": [0, 0, 45], "uv": [68, 9]},
						{"origin": [-1.5, 28.175, -25.2], "size": [3, 4.25, 2.45], "uv": [18, 0]},
						{"origin": [-1.5, 28.175, -25.8], "size": [3, 2, 1], "inflate": -0.003, "uv": [31, 48]},
						{"origin": [-1.5, 30.01152, -25.55822], "size": [3, 2.325, 1], "inflate": -0.003, "pivot": [0, 31.01152, -25.05822], "rotation": [-15, 0, 0], "uv": [47, 42]},
						{"origin": [-1.5, 29.03421, -22.50397], "size": [3, 3.15, 1.2], "inflate": -0.003, "pivot": [0, 30.25921, -22.10397], "rotation": [-65, 0, 0], "uv": [14, 41]},
						{"origin": [-1.5, 30.325, -22.75], "size": [3, 2.1, 23], "uv": [68, 0]},
						{"origin": [-1.25, 29.175, -16.25], "size": [2.5, 1.2, 2], "uv": [47, 48]},
						{"origin": [-1.25, 29.85, -12.85], "size": [2.5, 1, 6], "uv": [48, 0]},
						{"origin": [-1.25, 29.55077, -18.945], "size": [2.5, 1.1, 3], "pivot": [0, 30.05077, -16.945], "rotation": [-25, 0, 0], "uv": [0, 35]},
						{"origin": [-1.25, 29.97339, -14.64869], "size": [2.5, 1.1, 3], "pivot": [0, 30.47339, -12.64869], "rotation": [25, 0, 0], "uv": [0, 19]},
						{"origin": [-0.5, 29.475, -23.45], "size": [1, 1, 5], "inflate": 0.2, "pivot": [0, 29.975, -20.95], "rotation": [18.2489, -17.38772, 42.18626], "uv": [0, 6]},
						{"origin": [-0.5, 28.275, -22.05], "size": [1, 2, 1], "inflate": 0.2, "pivot": [0, 28.775, -21.55], "rotation": [0, -45, 0], "uv": [7, 13]},
						{"origin": [-0.75, 28.275, -22.775], "size": [1.5, 2, 1], "inflate": 0.23, "pivot": [0, 28.775, -22.275], "rotation": [0, 0, 0], "uv": [0, 13]},
						{"origin": [-1.5, 19.275, -25.5], "size": [3, 2, 2], "uv": [0, 39]},
						{"origin": [-1.5, 19.675, -14.75], "size": [3, 1.6, 8], "uv": [68, 0]},
						{"origin": [-1.5, 17.675, -12.75], "size": [3, 2, 7], "uv": [0, 78]},
						{"origin": [-1.5, 16.275, -12.4], "size": [3, 1.4, 6.5], "pivot": [0, 16.275, -12.4], "rotation": [0.5, 0, 0], "uv": [47, 35]},
						{"origin": [-1.5, 20.525, -24.5], "size": [3, 2, 10], "inflate": -0.003, "pivot": [0, 21.525, -19.5], "rotation": [-10, 0, 0], "uv": [31, 48]},
						{"origin": [0.1, 28.875, 5.625], "size": [1.45, 2, 11.775], "inflate": 0.097, "pivot": [0, 30.975, 12.125], "rotation": [0, 0, 25], "uv": [1, 36]},
						{"origin": [-1.55, 28.875, 5.625], "size": [1.45, 2, 11.775], "inflate": 0.097, "pivot": [0, 30.975, 12.125], "rotation": [0, 0, -25], "uv": [1, 14]},
						{"origin": [-1.5, 18.675, 16.5], "size": [3, 2.6, 13], "uv": [87, 100]},
						{"origin": [-1.5, 17.25, 16.5], "size": [3, 1.425, 6], "uv": [37, 85]},
						{"origin": [-1.5, 16.94156, 6.33325], "size": [3, 2, 23], "inflate": -0.003, "pivot": [0, 18.44156, 22.83325], "rotation": [15, 0, 0], "uv": [33, 78]},
						{"origin": [-1.5, 16.94156, -0.46675], "size": [3, 1, 6.8], "pivot": [0, 18.44156, 22.83325], "rotation": [15, 0, 0], "uv": [77, 31]},
						{"origin": [-1.5, 23.29156, -5.54175], "size": [3, 5, 1], "inflate": -0.003, "pivot": [0, 18.44156, 20.75825], "rotation": [15, 0, 0], "uv": [14, 35]},
						{"origin": [-1.5, 19.91248, 15.64682], "size": [3, 2, 1], "inflate": -0.003, "pivot": [0, 20.91248, 16.14682], "rotation": [45, 0, 0], "uv": [31, 41]},
						{"origin": [-1.5, 23.29156, -12.04175], "size": [3, 5, 1], "inflate": -0.003, "pivot": [0, 18.44156, 14.25825], "rotation": [15, 0, 0], "uv": [31, 35]},
						{"origin": [-1.5, 16.94156, -4.46675], "size": [3, 12, 4], "inflate": -0.003, "pivot": [0, 18.44156, 22.83325], "rotation": [15, 0, 0], "uv": [29, 75]},
						{"origin": [-0.5, 18.59156, 1.43325], "size": [1, 2.6, 2], "pivot": [0, 19.89156, 3.43325], "rotation": [-5, 0, 0], "uv": [24, 13]},
						{"origin": [-1.5, 17.84156, 3.13325], "size": [3, 3.45, 4], "uv": [13, 49]},
						{"origin": [-1.5, 17.84156, -4.11675], "size": [3, 3.45, 3], "uv": [82, 79]},
						{"origin": [-1.5, 17.84156, -1.11675], "size": [3, 1, 4.25], "uv": [59, 35]},
						{"origin": [-1.5, 18.31656, -1.61675], "size": [3, 1, 1], "inflate": -0.003, "pivot": [0, 18.81656, -1.11675], "rotation": [-45, 0, 0], "uv": [16, 29]},
						{"origin": [-1.5, 20.79156, -1.61675], "size": [3, 1, 1], "inflate": -0.003, "pivot": [0, 21.29156, -1.11675], "rotation": [-45, 0, 0], "uv": [8, 29]},
						{"origin": [-1.5, 20.79156, 2.63325], "size": [3, 1, 1], "inflate": -0.003, "pivot": [0, 21.29156, 3.13325], "rotation": [-45, 0, 0], "uv": [0, 23]},
						{"origin": [-1.5, 18.31656, 2.63325], "size": [3, 1, 1], "inflate": -0.003, "pivot": [0, 18.81656, 3.13325], "rotation": [-45, 0, 0], "uv": [0, 29]},
						{"origin": [-1.5, 12.75933, 2.44244], "size": [3, 7, 4], "inflate": -0.005, "pivot": [0, 19.60933, 5.04244], "rotation": [45, 0, 0], "uv": [14, 13]}
					]
				},
				{
					"name": "slide1",
					"parent": "gun",
					"pivot": [0, 26.58185, -6.9875],
					"cubes": [
						{"origin": [0, 24.425, -15.475], "size": [1, 3, 16.975], "pivot": [-0.5, 28.425, -19.975], "rotation": [0, 0, -25], "uv": [69, 100]},
						{"origin": [-1, 24.425, -15.475], "size": [1, 3, 16.975], "pivot": [0.5, 28.425, -19.975], "rotation": [0, 0, 25], "uv": [97, 0]},
						{
							"origin": [0.753, 25.4, -14.5],
							"size": [0.25, 2, 7],
							"pivot": [-0.5, 28.425, -19.975],
							"rotation": [0, 0, -25],
							"uv": {
								"north": {"uv": [45, 115], "uv_size": [0, 2]},
								"east": {"uv": [52, 125], "uv_size": [-27, 7]},
								"south": {"uv": [52, 115], "uv_size": [0, 2]},
								"west": {"uv": [25, 118], "uv_size": [27, 7]},
								"up": {"uv": [45, 108], "uv_size": [0, 7]},
								"down": {"uv": [45, 115], "uv_size": [0, -7]}
							}
						},
						{
							"origin": [-1.003, 25.4, -14.5],
							"size": [0.25, 2, 7],
							"pivot": [0.5, 28.425, -19.975],
							"rotation": [0, 0, 25],
							"uv": {
								"north": {"uv": [45, 115], "uv_size": [0, 2]},
								"east": {"uv": [25, 118], "uv_size": [27, 7]},
								"south": {"uv": [52, 117], "uv_size": [0, 2]},
								"west": {"uv": [52, 125], "uv_size": [-27, 7]},
								"up": {"uv": [45, 108], "uv_size": [0, 7]},
								"down": {"uv": [45, 115], "uv_size": [0, -7]}
							}
						}
					]
				},
				{
					"name": "slide2",
					"parent": "slide1",
					"pivot": [0, 28.875, -1.5],
					"cubes": [
						{"origin": [-1.25, 28.375, -8.5], "size": [2.5, 1, 14], "uv": [97, 25]}
					]
				},
				{
					"name": "slide3",
					"parent": "slide2",
					"pivot": [0, 28.875, -10.9],
					"cubes": [
						{"origin": [-1.25, 28.375, -13.4], "size": [2.5, 1, 5], "inflate": -0.1, "uv": [37, 21]}
					]
				},
				{
					"name": "handleL",
					"parent": "slide3",
					"pivot": [1.15, 29.275, -11.75],
					"cubes": [
						{"origin": [1.05, 28.375, -12.75], "size": [2, 1, 2], "inflate": -0.1, "uv": [46, 22]}
					]
				},
				{
					"name": "handleR",
					"parent": "slide3",
					"pivot": [-1.15, 29.275, -11.75],
					"cubes": [
						{"origin": [-3.05, 28.375, -12.75], "size": [2, 1, 2], "inflate": -0.1, "uv": [0, 43]}
					]
				},
				{
					"name": "sight_rear",
					"parent": "gun",
					"pivot": [0, 32.425, -1.525],
					"cubes": [
						{"origin": [-1.25, 32.025, -2.2], "size": [2.5, 1.25, 1.1], "inflate": -0.4, "uv": [21, 40]},
						{"origin": [0.1, 32.475, -2.2], "size": [1.15, 1.4, 1.1], "inflate": -0.4, "uv": [8, 23]},
						{"origin": [-1.25, 32.475, -2.2], "size": [1.15, 1.4, 1.1], "inflate": -0.4, "uv": [7, 19]},
						{"origin": [-1.25, 32.375, -2.2], "size": [1.15, 1.5, 1.1], "inflate": -0.4, "pivot": [-0.5, 33.475, -1.65], "rotation": [0, 0, -15], "uv": [0, 9]},
						{"origin": [0.1, 32.375, -2.2], "size": [1.15, 1.5, 1.1], "inflate": -0.4, "pivot": [0.5, 33.475, -1.65], "rotation": [0, 0, 15], "uv": [7, 9]}
					]
				},
				{
					"name": "holo",
					"parent": "sight_rear",
					"pivot": [0, 32.175, -1.525],
					"cubes": [
						{
							"origin": [-0.5, 32.475, -1.65],
							"size": [1, 1, 0],
							"uv": {
								"north": {"uv": [2, 135], "uv_size": [11, 8]},
								"east": {"uv": [2, 3], "uv_size": [0, 1]},
								"south": {"uv": [2, 135], "uv_size": [11, 8]},
								"west": {"uv": [3, 3], "uv_size": [0, 1]},
								"up": {"uv": [2, 3], "uv_size": [1, 0]},
								"down": {"uv": [3, 3], "uv_size": [1, 0]}
							}
						}
					]
				},
				{
					"name": "sight_rear_flipped",
					"parent": "gun",
					"pivot": [0, 32.425, -1.525],
					"rotation": [90, 0, 0],
					"cubes": [
						{"origin": [-1.25, 32.025, -2.2], "size": [2.5, 1.25, 1.1], "inflate": -0.4, "uv": [21, 40]},
						{"origin": [0.1, 32.475, -2.2], "size": [1.15, 1.4, 1.1], "inflate": -0.4, "uv": [8, 23]},
						{"origin": [-1.25, 32.475, -2.2], "size": [1.15, 1.4, 1.1], "inflate": -0.4, "uv": [7, 19]},
						{"origin": [-1.25, 32.375, -2.2], "size": [1.15, 1.5, 1.1], "inflate": -0.4, "pivot": [-0.5, 33.475, -1.65], "rotation": [0, 0, -15], "uv": [0, 9]},
						{"origin": [0.1, 32.375, -2.2], "size": [1.15, 1.5, 1.1], "inflate": -0.4, "pivot": [0.5, 33.475, -1.65], "rotation": [0, 0, 15], "uv": [7, 9]}
					]
				},
				{
					"name": "holo3",
					"parent": "sight_rear_flipped",
					"pivot": [0, 32.175, -1.525],
					"cubes": [
						{
							"origin": [-0.5, 32.475, -1.65],
							"size": [1, 1, 0],
							"uv": {
								"north": {"uv": [10, 45], "uv_size": [1, 1]},
								"east": {"uv": [2, 3], "uv_size": [0, 1]},
								"south": {"uv": [2, 135], "uv_size": [11, 8]},
								"west": {"uv": [3, 3], "uv_size": [0, 1]},
								"up": {"uv": [2, 3], "uv_size": [1, 0]},
								"down": {"uv": [3, 3], "uv_size": [1, 0]}
							}
						}
					]
				},
				{
					"name": "sight_front",
					"parent": "gun",
					"pivot": [0, 32.425, -23.275],
					"cubes": [
						{"origin": [-1.25, 32.025, -23.95], "size": [2.5, 1.25, 1.1], "inflate": -0.4, "uv": [37, 4]},
						{"origin": [0.2, 32.475, -23.95], "size": [1.05, 1.85, 1.1], "inflate": -0.4, "uv": [0, 6]},
						{"origin": [-0.85, 33.675, -23.95], "size": [1.7, 1.05, 1.1], "inflate": -0.4, "uv": [25, 29]},
						{"origin": [-1.25, 32.475, -23.95], "size": [1.05, 1.85, 1.1], "inflate": -0.4, "uv": [0, 0]},
						{"origin": [-1.31768, 33.50555, -23.95], "size": [1.35, 1.05, 1.1], "inflate": -0.4, "pivot": [-0.61768, 34.13055, -23.4], "rotation": [0, 0, -45], "uv": [7, 16]},
						{"origin": [-0.01768, 33.40555, -23.95], "size": [1.05, 1.35, 1.1], "inflate": -0.4, "pivot": [0.58232, 34.13055, -23.4], "rotation": [0, 0, -45], "uv": [0, 16]},
						{"origin": [-0.01768, 32.30555, -23.95], "size": [1.15, 1.15, 1.1], "inflate": -0.4, "pivot": [0.58232, 32.93055, -23.4], "rotation": [0, 0, -45], "uv": [14, 13]},
						{"origin": [-1.21768, 32.30555, -23.95], "size": [1.15, 1.15, 1.1], "inflate": -0.4, "pivot": [-0.61768, 32.93055, -23.4], "rotation": [0, 0, -45], "uv": [14, 15]}
					]
				},
				{
					"name": "holo2",
					"parent": "sight_front",
					"pivot": [0, 32.175, -23.275],
					"cubes": [
						{
							"origin": [-0.65, 32.825, -23.4],
							"size": [1.3, 1.3, 0],
							"uv": {
								"north": {"uv": [2, 116], "uv_size": [17, 17]},
								"east": {"uv": [0, 3], "uv_size": [0, 1]},
								"south": {"uv": [2, 116], "uv_size": [17, 17]},
								"west": {"uv": [1, 3], "uv_size": [0, 1]},
								"up": {"uv": [0, 3], "uv_size": [1, 0]},
								"down": {"uv": [1, 3], "uv_size": [1, 0]}
							}
						}
					]
				},
				{
					"name": "sight_front_flipped",
					"parent": "gun",
					"pivot": [0, 32.425, -23.275],
					"rotation": [90, 0, 0],
					"cubes": [
						{"origin": [-1.25, 32.025, -23.95], "size": [2.5, 1.25, 1.1], "inflate": -0.4, "uv": [37, 4]},
						{"origin": [0.2, 32.475, -23.95], "size": [1.05, 1.85, 1.1], "inflate": -0.4, "uv": [0, 6]},
						{"origin": [-0.85, 33.675, -23.95], "size": [1.7, 1.05, 1.1], "inflate": -0.4, "uv": [25, 29]},
						{"origin": [-1.25, 32.475, -23.95], "size": [1.05, 1.85, 1.1], "inflate": -0.4, "uv": [0, 0]},
						{"origin": [-1.31768, 33.50555, -23.95], "size": [1.35, 1.05, 1.1], "inflate": -0.4, "pivot": [-0.61768, 34.13055, -23.4], "rotation": [0, 0, -45], "uv": [7, 16]},
						{"origin": [-0.01768, 33.40555, -23.95], "size": [1.05, 1.35, 1.1], "inflate": -0.4, "pivot": [0.58232, 34.13055, -23.4], "rotation": [0, 0, -45], "uv": [0, 16]},
						{"origin": [-0.01768, 32.30555, -23.95], "size": [1.15, 1.15, 1.1], "inflate": -0.4, "pivot": [0.58232, 32.93055, -23.4], "rotation": [0, 0, -45], "uv": [14, 13]},
						{"origin": [-1.21768, 32.30555, -23.95], "size": [1.15, 1.15, 1.1], "inflate": -0.4, "pivot": [-0.61768, 32.93055, -23.4], "rotation": [0, 0, -45], "uv": [14, 15]}
					]
				},
				{
					"name": "holo4",
					"parent": "sight_front_flipped",
					"pivot": [0, 32.175, -23.275],
					"cubes": [
						{
							"origin": [-0.65, 32.825, -23.4],
							"size": [1.3, 1.3, 0],
							"uv": {
								"north": {"uv": [0, 114], "uv_size": [21, 21]},
								"east": {"uv": [0, 3], "uv_size": [0, 1]},
								"south": {"uv": [0, 114], "uv_size": [21, 21]},
								"west": {"uv": [1, 3], "uv_size": [0, 1]},
								"up": {"uv": [0, 3], "uv_size": [1, 0]},
								"down": {"uv": [1, 3], "uv_size": [1, 0]}
							}
						}
					]
				},
				{
					"name": "stockmuzzle",
					"parent": "gun",
					"pivot": [0, 25.425, -32.1],
					"cubes": [
						{"origin": [-1, 24.425, -39.1], "size": [2, 2, 4], "pivot": [0, 25.425, -32.1], "rotation": [0, 0, 45], "uv": [0, 0]}
					]
				},
				{
					"name": "_cb_scope",
					"parent": "gun",
					"pivot": [0, 32.8, -8.125],
					"cubes": [
						{"origin": [-0.5, 31.925, -8.625], "size": [1, 1, 1], "uv": [22, 35]}
					]
				},
				{
					"name": "_cb_suppressor",
					"parent": "gun",
					"pivot": [0, 25.3, -34.1],
					"cubes": [
						{"origin": [-0.5, 24.95, -34.6], "size": [1, 1, 1], "uv": [7, 35]}
					]
				},
				{
					"name": "rightarm",
					"parent": "armR_gun",
					"pivot": [-8.3, 12.8, 23.8],
					"rotation": [-101.81106, -12.40003, -2.46982],
					"cubes": [
						{"origin": [-12.3, -11.2, 19.8], "size": [8, 24, 8], "uv": [224, 0]}
					]
				},
				{
					"name": "armL_mag",
					"parent": "main",
					"pivot": [10.7, 9.7, -2]
				},
				{
					"name": "magazine",
					"parent": "armL_mag",
					"pivot": [0, 20.25, -9.75],
					"cubes": [
						{"origin": [-1, 8.76253, -11.97307], "size": [2, 14.85, 7], "inflate": -0.003, "pivot": [0, 16.26253, -8.47307], "rotation": [15, 0, 0], "uv": [37, 0]},
						{"origin": [-1, 22.45451, -13.75591], "size": [2, 3, 6.45], "inflate": -0.005, "uv": [11, 66]},
						{"origin": [-1, 21.72939, -7.81575], "size": [2, 3, 1], "pivot": [0, 23.22939, -9.81575], "rotation": [15, 0, 0], "uv": [37, 0]}
					]
				},
				{
					"name": "bullet2",
					"parent": "magazine",
					"pivot": [-0.125, 25.23317, -9.47179],
					"cubes": [
						{"origin": [-0.625, 24.73317, -13.02179], "size": [1, 1, 5], "inflate": 0.2, "pivot": [-0.125, 25.23317, -13.02179], "rotation": [0, 0, 13.5], "uv": [0, 13]}
					]
				},
				{
					"name": "leftarm",
					"parent": "armL_mag",
					"pivot": [10.7, 9.7, -2],
					"rotation": [-89.88789, 33.90305, 43.91462],
					"cubes": [
						{"origin": [6.7, -14.3, -6], "size": [8, 24, 8], "uv": [224, 33]}
					]
				},
				{
					"name": "muzzleflash",
					"parent": "main",
					"pivot": [0, 25.275, -39.1],
					"cubes": [
						{"origin": [-0.5, 24.775, -39.6], "size": [1, 1, 1], "inflate": -0.4, "uv": [22, 37]}
					]
				},
				{
					"name": "scope",
					"parent": "main",
					"pivot": [0, 33.475, 0.95],
					"cubes": [
						{"origin": [-0.5, 32.975, 0.45], "size": [1, 1, 1], "inflate": -0.4, "uv": [37, 21]}
					]
				},
				{
					"name": "_camera_",
					"pivot": [9.25, 40, 35]
				}
			]
		}
	]
}