{
	"format_version": "1.12.0",
	"minecraft:geometry": [
		{
			"description": {
				"identifier": "geometry.unknown",
				"texture_width": 128,
				"texture_height": 128,
				"visible_bounds_width": 8,
				"visible_bounds_height": 4,
				"visible_bounds_offset": [0, 1, 0]
			},
			"bones": [
				{
					"name": "bb_main",
					"pivot": [0, 0, 0]
				},
				{
					"name": "main",
					"pivot": [0, 20, 0]
				},
				{
					"name": "unity",
					"parent": "main",
					"pivot": [0, 18, 0]
				},
				{
					"name": "gun",
					"parent": "unity",
					"pivot": [0, 12.07161, 5.23037],
					"cubes": [
						{"origin": [-1.5, 19.55, -4.425], "size": [3, 1, 11], "inflate": -0.001, "uv": [19, 6]},
						{"origin": [-1.5, 19.55, -11.95], "size": [3, 2.3, 7.525], "inflate": -0.001, "uv": [15, 19]},
						{
							"origin": [0.5, 20.16042, 5.62623],
							"size": [1, 1, 2.075],
							"inflate": -0.001,
							"pivot": [1, 20.66042, 6.70123],
							"rotation": [-70, 0, 0],
							"uv": {
								"north": {"uv": [61, 39], "uv_size": [1, 1]},
								"east": {"uv": [59, 39], "uv_size": [2, 1]},
								"south": {"uv": [64, 39], "uv_size": [1, 1]},
								"west": {"uv": [62, 39], "uv_size": [2, 1]},
								"up": {"uv": [61, 37], "uv_size": [1, 2]},
								"down": {"uv": [62, 39], "uv_size": [1, -2]}
							}
						},
						{"origin": [-0.525, 20.16042, 6.70123], "size": [1.05, 1, 1], "inflate": -0.001, "pivot": [1, 20.66042, 6.70123], "rotation": [-70, 0, 0], "uv": [29, 2]},
						{"origin": [-0.5, 20.548, 4.325], "size": [1, 1.3, 1.775], "inflate": -0.001, "uv": [32, 38]},
						{"origin": [0.5, 20.548, 4.325], "size": [1, 1.3, 2.475], "inflate": -0.001, "uv": [36, 31]},
						{"origin": [-1.5, 20.548, 4.325], "size": [1, 1.3, 2.475], "inflate": -0.001, "uv": [38, 35]},
						{
							"origin": [-1.5, 20.16042, 5.62623],
							"size": [1, 1, 2.075],
							"inflate": -0.001,
							"pivot": [-1, 20.66042, 6.70123],
							"rotation": [-70, 0, 0],
							"uv": {
								"north": {"uv": [56, 41], "uv_size": [1, 1]},
								"east": {"uv": [54, 41], "uv_size": [2, 1]},
								"south": {"uv": [59, 41], "uv_size": [1, 1]},
								"west": {"uv": [57, 41], "uv_size": [2, 1]},
								"up": {"uv": [56, 39], "uv_size": [1, 2]},
								"down": {"uv": [57, 41], "uv_size": [1, -2]}
							}
						},
						{
							"origin": [-1.5, 20.525, -4.425],
							"size": [0.6, 1.05, 8.75],
							"inflate": -0.001,
							"uv": {
								"north": {"uv": [34, 24], "uv_size": [1, 1]},
								"east": {"uv": [29, 24], "uv_size": [5, 1]},
								"south": {"uv": [40, 24], "uv_size": [1, 1]},
								"west": {"uv": [35, 24], "uv_size": [5, 1]},
								"up": {"uv": [34, 19], "uv_size": [1, 5]},
								"down": {"uv": [35, 24], "uv_size": [1, -5]}
							}
						},
						{
							"origin": [0.9, 20.525, -4.425],
							"size": [0.6, 1.05, 8.75],
							"inflate": -0.001,
							"uv": {
								"north": {"uv": [62, 25], "uv_size": [1, 1]},
								"east": {"uv": [54, 25], "uv_size": [8, 1]},
								"south": {"uv": [71, 25], "uv_size": [1, 1]},
								"west": {"uv": [63, 25], "uv_size": [8, 1]},
								"up": {"uv": [62, 17], "uv_size": [1, 8]},
								"down": {"uv": [63, 25], "uv_size": [1, -8]}
							}
						},
						{
							"origin": [0.9, 21.548, -4.425],
							"size": [0.6, 0.3, 8.75],
							"inflate": -0.001,
							"uv": {
								"north": {"uv": [51, 27], "uv_size": [1, 1]},
								"east": {"uv": [43, 27], "uv_size": [8, 1]},
								"south": {"uv": [60, 27], "uv_size": [1, 1]},
								"west": {"uv": [52, 27], "uv_size": [8, 1]},
								"up": {"uv": [51, 19], "uv_size": [1, 8]},
								"down": {"uv": [52, 27], "uv_size": [1, -8]}
							}
						},
						{
							"origin": [1.35, 21.473, -0.425],
							"size": [0.3, 0.3, 1.75],
							"inflate": -0.001,
							"pivot": [1.5, 21.623, 0.45],
							"rotation": [0, 0, -45],
							"uv": {
								"north": {"uv": [47, 40], "uv_size": [1, 1]},
								"east": {"uv": [46, 40], "uv_size": [1, 1]},
								"south": {"uv": [49, 40], "uv_size": [1, 1]},
								"west": {"uv": [48, 40], "uv_size": [1, 1]},
								"up": {"uv": [47, 39], "uv_size": [1, 1]},
								"down": {"uv": [48, 40], "uv_size": [1, -1]}
							}
						},
						{
							"origin": [-1.5, 21.548, -4.425],
							"size": [0.6, 0.3, 8.75],
							"inflate": -0.001,
							"uv": {
								"north": {"uv": [51, 43], "uv_size": [1, 1]},
								"east": {"uv": [46, 43], "uv_size": [5, 1]},
								"south": {"uv": [57, 43], "uv_size": [1, 1]},
								"west": {"uv": [52, 43], "uv_size": [5, 1]},
								"up": {"uv": [51, 38], "uv_size": [1, 5]},
								"down": {"uv": [52, 43], "uv_size": [1, -5]}
							}
						},
						{
							"origin": [-1.3, 20.55, -4.425],
							"size": [2.6, 3.05, 5],
							"inflate": -0.001,
							"uv": {
								"north": {"uv": [5, 56], "uv_size": [3, 3]},
								"east": {"uv": [0, 56], "uv_size": [5, 3]},
								"south": {"uv": [13, 56], "uv_size": [3, 3]},
								"west": {"uv": [8, 56], "uv_size": [5, 3]},
								"up": {"uv": [5, 51], "uv_size": [3, 5]},
								"down": {"uv": [8, 56], "uv_size": [3, -5]}
							}
						},
						{"origin": [-1.5, 18.98206, 4.43746], "size": [3, 1, 1.5], "inflate": -0.001, "pivot": [0, 19.55706, 5.18746], "rotation": [50, 0, 0], "uv": [35, 28]},
						{"origin": [-1.5, 9.70836, 1.86504], "size": [3, 11.1, 5], "pivot": [0, 12.60836, 4.24004], "rotation": [16.25, 0, 0], "uv": [13, 0]},
						{"origin": [-1.5, 8.79661, 2.60537], "size": [3, 1.4, 5.06], "pivot": [0, 9.32161, 3.48037], "rotation": [5, 0, 0], "uv": [0, 44]},
						{"origin": [-1.75, 10.18336, 2.36504], "size": [3.5, 10.45, 4], "pivot": [0, 12.90836, 4.74004], "rotation": [16.25, 0, 0], "uv": [0, 16]},
						{"origin": [-1.75, 9.09661, 3.10537], "size": [3.5, 1.375, 4.035], "pivot": [0, 9.78411, 3.87287], "rotation": [5, 0, 0], "uv": [0, 38]},
						{
							"origin": [-1.05, 16.11069, -4.50419],
							"size": [2.1, 0.5, 3.7],
							"inflate": -0.001,
							"uv": {
								"north": {"uv": [68, 30], "uv_size": [2, 2]},
								"east": {"uv": [67, 30], "uv_size": [1, 2]},
								"south": {"uv": [71, 30], "uv_size": [2, 2]},
								"west": {"uv": [70, 30], "uv_size": [1, 2]},
								"up": {"uv": [68, 29], "uv_size": [2, 1]},
								"down": {"uv": [70, 30], "uv_size": [2, -1]}
							}
						},
						{
							"origin": [-1.05, 19.052, -5.05],
							"size": [2.1, 0.5, 5],
							"inflate": -0.001,
							"uv": {
								"north": {"uv": [55, 18], "uv_size": [2, 2]},
								"east": {"uv": [54, 18], "uv_size": [1, 2]},
								"south": {"uv": [58, 18], "uv_size": [2, 2]},
								"west": {"uv": [57, 18], "uv_size": [1, 2]},
								"up": {"uv": [55, 17], "uv_size": [2, 1]},
								"down": {"uv": [57, 18], "uv_size": [2, -1]}
							}
						},
						{
							"origin": [-1.05, 17.127, -0.3],
							"size": [2.1, 2.425, 0.5],
							"inflate": -0.001,
							"pivot": [0, 18.402, -0.05],
							"rotation": [16.5, 0, 0],
							"uv": {
								"north": {"uv": [61, 14], "uv_size": [2, 2]},
								"east": {"uv": [60, 14], "uv_size": [1, 2]},
								"south": {"uv": [64, 14], "uv_size": [2, 2]},
								"west": {"uv": [63, 14], "uv_size": [1, 2]},
								"up": {"uv": [61, 13], "uv_size": [2, 1]},
								"down": {"uv": [63, 14], "uv_size": [2, -1]}
							}
						},
						{
							"origin": [-1.05, 15.95532, -0.55014],
							"size": [2.1, 1.65, 0.5],
							"inflate": -0.001,
							"pivot": [0, 16.65532, -0.30014],
							"rotation": [-62.5, 0, 0],
							"uv": {
								"north": {"uv": [52, 11], "uv_size": [2, 2]},
								"east": {"uv": [51, 11], "uv_size": [1, 2]},
								"south": {"uv": [55, 11], "uv_size": [2, 2]},
								"west": {"uv": [54, 11], "uv_size": [1, 2]},
								"up": {"uv": [52, 10], "uv_size": [2, 1]},
								"down": {"uv": [54, 11], "uv_size": [2, -1]}
							}
						},
						{
							"origin": [-1.05, 16.04273, -5.17696],
							"size": [2.1, 1.55, 0.5],
							"inflate": -0.001,
							"pivot": [0, 16.94273, -4.92696],
							"rotation": [42.5, 0, 0],
							"uv": {
								"north": {"uv": [59, 10], "uv_size": [2, 2]},
								"east": {"uv": [58, 10], "uv_size": [1, 2]},
								"south": {"uv": [62, 10], "uv_size": [2, 2]},
								"west": {"uv": [61, 10], "uv_size": [1, 2]},
								"up": {"uv": [59, 9], "uv_size": [2, 1]},
								"down": {"uv": [61, 10], "uv_size": [2, -1]}
							}
						},
						{
							"origin": [-1.05, 17.252, -5.55],
							"size": [2.1, 2.3, 0.5],
							"inflate": -0.001,
							"uv": {
								"north": {"uv": [66, 22], "uv_size": [2, 2]},
								"east": {"uv": [65, 22], "uv_size": [1, 2]},
								"south": {"uv": [69, 22], "uv_size": [2, 2]},
								"west": {"uv": [68, 22], "uv_size": [1, 2]},
								"up": {"uv": [66, 21], "uv_size": [2, 1]},
								"down": {"uv": [68, 22], "uv_size": [2, -1]}
							}
						},
						{
							"origin": [-0.6526, 19.47393, -11.946],
							"size": [1.175, 0.55, 6.425],
							"inflate": -0.001,
							"pivot": [0, 18.57775, -8.7335],
							"rotation": [0, 0, -122.5],
							"uv": {
								"north": {"uv": [42, 25], "uv_size": [1, 1]},
								"east": {"uv": [36, 25], "uv_size": [6, 1]},
								"south": {"uv": [49, 25], "uv_size": [1, 1]},
								"west": {"uv": [43, 25], "uv_size": [6, 1]},
								"up": {"uv": [42, 19], "uv_size": [1, 6]},
								"down": {"uv": [43, 25], "uv_size": [1, -6]}
							}
						},
						{
							"origin": [-0.875, 18.9025, -11.946],
							"size": [1.75, 1, 6.425],
							"inflate": -0.001,
							"pivot": [0, 18.57775, -8.7335],
							"rotation": [0, 0, -180],
							"uv": {
								"north": {"uv": [26, 48], "uv_size": [3, 1]},
								"east": {"uv": [20, 48], "uv_size": [6, 1]},
								"south": {"uv": [35, 48], "uv_size": [3, 1]},
								"west": {"uv": [29, 48], "uv_size": [6, 1]},
								"up": {"uv": [26, 42], "uv_size": [3, 6]},
								"down": {"uv": [29, 48], "uv_size": [3, -6]}
							}
						},
						{
							"origin": [-1.5, 17.9155, -11.946],
							"size": [3, 1, 6.425],
							"inflate": -0.001,
							"pivot": [0, 18.57775, -8.7335],
							"rotation": [0, 0, -180],
							"uv": {
								"north": {"uv": [43, 14], "uv_size": [5, 1]},
								"east": {"uv": [37, 14], "uv_size": [6, 1]},
								"south": {"uv": [54, 14], "uv_size": [5, 1]},
								"west": {"uv": [48, 14], "uv_size": [6, 1]},
								"up": {"uv": [44, 8], "uv_size": [3, 6]},
								"down": {"uv": [47, 14], "uv_size": [3, -6]}
							}
						},
						{
							"origin": [-1.3, 17.5905, -11.946],
							"size": [2.6, 0.325, 6.425],
							"inflate": -0.001,
							"pivot": [0, 18.57775, -8.7335],
							"rotation": [0, 0, -180],
							"uv": {
								"north": {"uv": [43, 6], "uv_size": [5, 1]},
								"east": {"uv": [37, 6], "uv_size": [6, 1]},
								"south": {"uv": [54, 6], "uv_size": [5, 1]},
								"west": {"uv": [48, 6], "uv_size": [6, 1]},
								"up": {"uv": [43, 0], "uv_size": [3, 6]},
								"down": {"uv": [46, 6], "uv_size": [3, -6]}
							}
						},
						{
							"origin": [-1.44618, 18.05535, -11.946],
							"size": [0.55, 1.175, 6.425],
							"inflate": -0.001,
							"pivot": [0, 18.57775, -8.7335],
							"rotation": [0, 0, -147.5],
							"uv": {
								"north": {"uv": [41, 63], "uv_size": [1, 1]},
								"east": {"uv": [35, 63], "uv_size": [6, 1]},
								"south": {"uv": [48, 63], "uv_size": [1, 1]},
								"west": {"uv": [42, 63], "uv_size": [6, 1]},
								"up": {"uv": [41, 57], "uv_size": [1, 6]},
								"down": {"uv": [42, 63], "uv_size": [1, -6]}
							}
						},
						{"origin": [-0.6, 22.14, -11.971], "size": [1.2, 1.2, 7.55], "inflate": -0.001, "pivot": [0, 22.74, -8.1835], "rotation": [0, 0, 45], "uv": [17, 50]}
					]
				},
				{
					"name": "underbarrel",
					"parent": "gun",
					"pivot": [0, 18.47775, -8.7335],
					"cubes": [
						{"origin": [-1.6, 15.465, -11.846], "size": [3.2, 4, 6], "inflate": -0.001, "pivot": [0, 17.465, -8.846], "rotation": [0, 0, -180], "uv": [0, 96]},
						{"origin": [-1.6, 13.465, -10.346], "size": [3.2, 2, 3], "inflate": -0.001, "pivot": [0, 14.465, -8.846], "rotation": [0, 0, -180], "uv": [13, 96]},
						{"origin": [-1.6, 14.215, -8.346], "size": [3.2, 1.25, 2.5], "inflate": -0.002, "pivot": [0, 15.465, -5.846], "rotation": [-53.5, 0, -180], "uv": [23, 95]},
						{"origin": [-1.65, 14.965, -8.846], "size": [3.3, 1.25, 1.25], "inflate": -0.001, "pivot": [0, 16.215, -6.346], "rotation": [-53.5, 0, -180], "uv": [25, 101]},
						{"origin": [-1.65, 16.315, -7.746], "size": [3.3, 1, 1], "inflate": -0.001, "pivot": [0, 17.315, -5.246], "rotation": [-53.5, 0, -180], "uv": [25, 101]},
						{"origin": [-1, 15.467, -14.344], "size": [2, 1.25, 2.5], "inflate": -0.001, "pivot": [0, 15.467, -11.844], "rotation": [-126.5, 0, -180], "uv": [0, 92]},
						{"origin": [-0.6, 13.965, -11.846], "size": [1.2, 1.2, 3], "inflate": -0.001, "pivot": [0, 14.565, -10.346], "rotation": [0, 0, 45], "uv": [9, 90]}
					]
				},
				{
					"name": "glow_laser",
					"parent": "underbarrel",
					"pivot": [0, 14.465, -8.846],
					"cubes": [
						{"origin": [-0.55, 15.865, -11.871], "size": [1.1, 1.1, 0], "inflate": -0.001, "pivot": [0, 16.415, -10.371], "rotation": [0, 0, 45], "uv": [3, 90]},
						{"origin": [-0.55, 14.015, -11.846], "size": [1.1, 1.1, 0], "inflate": -0.001, "pivot": [0, 14.565, -10.346], "rotation": [0, 0, 45], "uv": [0, 90]}
					]
				},
				{
					"name": "silencer",
					"parent": "gun",
					"pivot": [0, 22.7242, -15.95],
					"cubes": [
						{"origin": [-1.25, 23.2, -19.45], "size": [2.5, 1, 7], "inflate": -0.001, "uv": [16, 117]},
						{"origin": [-0.73482, 20.75414, -19.45], "size": [1.475, 1, 7], "inflate": -0.001, "uv": [20, 106]},
						{"origin": [1.248, 23.2, -19.45], "size": [1.5, 1, 7], "inflate": -0.001, "pivot": [1.248, 24.2, -15.95], "rotation": [0, 0, 60], "uv": [0, 111]},
						{"origin": [-2.752, 23.2, -19.45], "size": [1.5, 1, 7], "inflate": -0.001, "pivot": [-1.252, 24.2, -15.95], "rotation": [0, 0, -60], "uv": [10, 108]},
						{"origin": [-1.25148, 22.20233, -19.45], "size": [2.5, 1, 7], "inflate": -0.001, "pivot": [0.99852, 23.20233, -15.95], "rotation": [0, 0, -60], "uv": [4, 120]},
						{"origin": [-1.24852, 22.20233, -19.45], "size": [2.5, 1, 7], "inflate": -0.001, "pivot": [-0.99852, 23.20233, -15.95], "rotation": [0, 0, 60], "uv": [28, 115]},
						{"origin": [-0.725, 22.01678, -12.946], "size": [1.45, 1.45, 1], "inflate": -0.001, "pivot": [0, 22.74178, -12.446], "rotation": [0, 0, 45], "uv": [29, 126]},
						{"origin": [-0.975, 21.74178, -13.446], "size": [1.95, 1.7, 1], "inflate": -0.001, "uv": [29, 126]}
					]
				},
				{
					"name": "rail",
					"parent": "gun",
					"pivot": [0, 3.525, 4.275],
					"cubes": [
						{"origin": [-1.5, 20.675, -7.675], "size": [3, 3, 8], "inflate": 0.003, "uv": [106, 117]},
						{
							"origin": [1.503, 23.678, -7.678],
							"size": [0, 1, 8],
							"pivot": [1.503, 23.678, -3.678],
							"rotation": [0, 0, -52.5],
							"uv": {
								"north": {"uv": [106, 124], "uv_size": [0, 1]},
								"east": {"uv": [98, 124], "uv_size": [8, 1]},
								"south": {"uv": [114, 124], "uv_size": [0, 1]},
								"west": {"uv": [117, 126], "uv_size": [8, 1]},
								"up": {"uv": [106, 116], "uv_size": [0, 8]},
								"down": {"uv": [106, 124], "uv_size": [0, -8]}
							}
						},
						{"origin": [-1.503, 23.678, -7.678], "size": [0, 1, 8], "pivot": [-1.503, 23.678, -3.678], "rotation": [0, 0, 52.5], "uv": [98, 118], "mirror": true},
						{"origin": [-1, 24.075, -7.675], "size": [2, 1, 8], "uv": [108, 107]}
					]
				},
				{
					"name": "_cb_scope",
					"parent": "rail",
					"pivot": [0, 25.075, -3.65],
					"cubes": [
						{"origin": [-0.5, 24.575, -4.15], "size": [1, 1, 1], "uv": [128, 78]}
					]
				},
				{
					"name": "magazine",
					"parent": "unity",
					"pivot": [0, 12.09005, 4.35667],
					"cubes": [
						{"origin": [-1, 9.18336, 2.01504], "size": [2, 11.4, 4.625], "inflate": -0.1, "pivot": [0, 12.38336, 4.26504], "rotation": [16.25, 0, 0], "uv": [0, 0]},
						{"origin": [-1, 8.75198, 3.00763], "size": [2, 1.3, 4.435], "inflate": -0.1, "pivot": [0, 9.40198, 5.22513], "rotation": [2.5, 0, 0], "uv": [13, 42]},
						{
							"origin": [-1.5, 8.49661, 2.58037],
							"size": [3, 0.5, 5.11],
							"inflate": -0.1,
							"pivot": [0, 8.99661, 3.13537],
							"rotation": [4.5, 0, 0],
							"uv": {
								"north": {"uv": [16, 40], "uv_size": [3, 1]},
								"east": {"uv": [11, 40], "uv_size": [5, 1]},
								"south": {"uv": [24, 40], "uv_size": [3, 1]},
								"west": {"uv": [19, 40], "uv_size": [5, 1]},
								"up": {"uv": [16, 35], "uv_size": [3, 5]},
								"down": {"uv": [19, 40], "uv_size": [3, -5]}
							}
						},
						{"origin": [-1, 19.42316, -0.16069], "size": [2, 1.725, 4.445], "inflate": -0.1, "uv": [2, 31]},
						{
							"origin": [0.5, 20.94816, 1.11431],
							"size": [0.5, 1, 3.17],
							"inflate": -0.1,
							"uv": {
								"north": {"uv": [15, 64], "uv_size": [1, 1]},
								"east": {"uv": [11, 64], "uv_size": [4, 1]},
								"south": {"uv": [20, 64], "uv_size": [1, 1]},
								"west": {"uv": [16, 64], "uv_size": [4, 1]},
								"up": {"uv": [15, 60], "uv_size": [1, 4]},
								"down": {"uv": [16, 64], "uv_size": [1, -4]}
							}
						},
						{
							"origin": [-1, 20.94816, 1.11431],
							"size": [0.5, 1, 3.17],
							"inflate": -0.1,
							"uv": {
								"north": {"uv": [27, 38], "uv_size": [-1, 1]},
								"east": {"uv": [23, 38], "uv_size": [3, 1]},
								"south": {"uv": [30, 38], "uv_size": [1, 1]},
								"west": {"uv": [27, 38], "uv_size": [3, 1]},
								"up": {"uv": [26, 35], "uv_size": [1, 3]},
								"down": {"uv": [28, 38], "uv_size": [-1, -3]}
							}
						},
						{
							"origin": [-1, 20.94816, -0.38069],
							"size": [0.5, 1, 1.695],
							"inflate": -0.1,
							"pivot": [0, 21.84816, 1.20431],
							"rotation": [32.5, 0, 0],
							"uv": {
								"north": {"uv": [4, 64], "uv_size": [1, 1]},
								"east": {"uv": [0, 64], "uv_size": [4, 1]},
								"south": {"uv": [9, 64], "uv_size": [1, 1]},
								"west": {"uv": [5, 64], "uv_size": [4, 1]},
								"up": {"uv": [4, 60], "uv_size": [1, 4]},
								"down": {"uv": [5, 64], "uv_size": [1, -4]}
							}
						},
						{
							"origin": [0.5, 20.94816, -0.38069],
							"size": [0.5, 1, 1.695],
							"inflate": -0.1,
							"pivot": [0, 21.84816, 1.20431],
							"rotation": [32.5, 0, 0],
							"uv": {
								"north": {"uv": [17, 53], "uv_size": [1, 1]},
								"east": {"uv": [13, 53], "uv_size": [4, 1]},
								"south": {"uv": [22, 53], "uv_size": [1, 1]},
								"west": {"uv": [18, 53], "uv_size": [4, 1]},
								"up": {"uv": [17, 49], "uv_size": [1, 4]},
								"down": {"uv": [18, 53], "uv_size": [1, -4]}
							}
						}
					]
				},
				{
					"name": "bullet",
					"parent": "magazine",
					"pivot": [0, 22.62316, 2.08931],
					"cubes": [
						{"origin": [-0.5, 20.67316, 0.08931], "size": [1, 1, 4], "inflate": -0.1, "pivot": [0, 21.17316, 1.83931], "rotation": [0, 0, 35], "uv": [11, 29]}
					]
				},
				{
					"name": "slide",
					"parent": "unity",
					"pivot": [-0.00003, 22.98442, 1.51992],
					"cubes": [
						{
							"origin": [1.247, 20.55854, 3.80191],
							"size": [0.25, 0.6, 1.6],
							"inflate": -0.001,
							"pivot": [0.998, 20.65854, 6.70191],
							"rotation": [-70, 0, 0],
							"uv": {
								"north": {"uv": [32, 31], "uv_size": [1, 1]},
								"east": {"uv": [30, 31], "uv_size": [2, 1]},
								"south": {"uv": [35, 31], "uv_size": [1, 1]},
								"west": {"uv": [33, 31], "uv_size": [2, 1]},
								"up": {"uv": [32, 29], "uv_size": [1, 2]},
								"down": {"uv": [33, 31], "uv_size": [1, -2]}
							}
						},
						{
							"origin": [0.5, 20.55854, 3.55191],
							"size": [0.749, 0.6, 1.85],
							"inflate": -0.001,
							"pivot": [1, 20.65854, 6.70191],
							"rotation": [-70, 0, 0],
							"uv": {
								"north": {"uv": [27, 33], "uv_size": [1, 1]},
								"east": {"uv": [25, 33], "uv_size": [2, 1]},
								"south": {"uv": [30, 33], "uv_size": [1, 1]},
								"west": {"uv": [28, 33], "uv_size": [2, 1]},
								"up": {"uv": [27, 31], "uv_size": [1, 2]},
								"down": {"uv": [28, 33], "uv_size": [1, -2]}
							}
						},
						{
							"origin": [-0.503, 20.15854, 3.55191],
							"size": [1.005, 1, 0.75],
							"inflate": -0.001,
							"pivot": [1.003, 20.65854, 6.70191],
							"rotation": [-70, 0, 0],
							"uv": {
								"north": {"uv": [27, 29], "uv_size": [1, 1]},
								"east": {"uv": [26, 29], "uv_size": [1, 1]},
								"south": {"uv": [29, 29], "uv_size": [1, 1]},
								"west": {"uv": [28, 29], "uv_size": [1, 1]},
								"up": {"uv": [27, 28], "uv_size": [1, 1]},
								"down": {"uv": [28, 29], "uv_size": [1, -1]}
							}
						},
						{
							"origin": [-1.497, 20.55854, 3.80191],
							"size": [0.25, 0.6, 1.6],
							"inflate": -0.001,
							"pivot": [-0.997, 20.65854, 6.70191],
							"rotation": [-70, 0, 0],
							"uv": {
								"north": {"uv": [30, 22], "uv_size": [1, 1]},
								"east": {"uv": [28, 22], "uv_size": [2, 1]},
								"south": {"uv": [33, 22], "uv_size": [1, 1]},
								"west": {"uv": [31, 22], "uv_size": [2, 1]},
								"up": {"uv": [30, 20], "uv_size": [1, 2]},
								"down": {"uv": [31, 22], "uv_size": [1, -2]}
							}
						},
						{
							"origin": [-1.249, 20.55854, 3.55191],
							"size": [0.749, 0.6, 1.85],
							"inflate": -0.001,
							"pivot": [-1, 20.65854, 6.70191],
							"rotation": [-70, 0, 0],
							"uv": {
								"north": {"uv": [38, 22], "uv_size": [1, 1]},
								"east": {"uv": [36, 22], "uv_size": [2, 1]},
								"south": {"uv": [41, 22], "uv_size": [1, 1]},
								"west": {"uv": [39, 22], "uv_size": [2, 1]},
								"up": {"uv": [38, 20], "uv_size": [1, 2]},
								"down": {"uv": [39, 22], "uv_size": [1, -2]}
							}
						},
						{
							"origin": [-1.497, 21.97231, 6.64692],
							"size": [0.25, 0.1, 0.25],
							"inflate": -0.001,
							"pivot": [0, 22.02231, 6.68442],
							"rotation": [-70, 0, 0],
							"uv": {
								"north": {"uv": [46, 20], "uv_size": [1, 1]},
								"east": {"uv": [44, 20], "uv_size": [2, 1]},
								"south": {"uv": [49, 20], "uv_size": [1, 1]},
								"west": {"uv": [47, 20], "uv_size": [2, 1]},
								"up": {"uv": [46, 19], "uv_size": [1, 1]},
								"down": {"uv": [47, 20], "uv_size": [1, -1]}
							}
						},
						{
							"origin": [-1.249, 21.97231, 6.64692],
							"size": [0.749, 0.1, 0.25],
							"inflate": -0.001,
							"pivot": [0, 22.02231, 6.68442],
							"rotation": [-70, 0, 0],
							"uv": {
								"north": {"uv": [46, 23], "uv_size": [1, 1]},
								"east": {"uv": [44, 23], "uv_size": [2, 1]},
								"south": {"uv": [49, 23], "uv_size": [1, 1]},
								"west": {"uv": [47, 23], "uv_size": [2, 1]},
								"up": {"uv": [46, 22], "uv_size": [1, 1]},
								"down": {"uv": [47, 23], "uv_size": [1, -1]}
							}
						},
						{
							"origin": [-1.249, 21.83932, 6.07881],
							"size": [0.749, 0.25, 0.625],
							"inflate": -0.001,
							"uv": {
								"north": {"uv": [34, 42], "uv_size": [1, 1]},
								"east": {"uv": [32, 42], "uv_size": [2, 1]},
								"south": {"uv": [37, 42], "uv_size": [1, 1]},
								"west": {"uv": [35, 42], "uv_size": [2, 1]},
								"up": {"uv": [34, 40], "uv_size": [1, 2]},
								"down": {"uv": [35, 42], "uv_size": [1, -2]}
							}
						},
						{
							"origin": [0.5, 21.97231, 6.64692],
							"size": [0.749, 0.1, 0.25],
							"inflate": -0.001,
							"pivot": [0, 22.02231, 6.68442],
							"rotation": [-70, 0, 0],
							"uv": {
								"north": {"uv": [17, 20], "uv_size": [1, 1]},
								"east": {"uv": [15, 20], "uv_size": [2, 1]},
								"south": {"uv": [20, 20], "uv_size": [1, 1]},
								"west": {"uv": [18, 20], "uv_size": [2, 1]},
								"up": {"uv": [17, 19], "uv_size": [1, 1]},
								"down": {"uv": [18, 20], "uv_size": [1, -1]}
							}
						},
						{
							"origin": [1.247, 21.97231, 6.64692],
							"size": [0.25, 0.1, 0.25],
							"inflate": -0.001,
							"pivot": [0, 22.02231, 6.68442],
							"rotation": [-70, 0, 0],
							"uv": {
								"north": {"uv": [17, 24], "uv_size": [1, 1]},
								"east": {"uv": [15, 24], "uv_size": [2, 1]},
								"south": {"uv": [20, 24], "uv_size": [1, 1]},
								"west": {"uv": [18, 24], "uv_size": [2, 1]},
								"up": {"uv": [17, 23], "uv_size": [1, 1]},
								"down": {"uv": [18, 24], "uv_size": [1, -1]}
							}
						},
						{
							"origin": [-1.497, 21.83932, 6.07881],
							"size": [0.25, 0.25, 0.625],
							"inflate": -0.001,
							"uv": {
								"north": {"uv": [56, 23], "uv_size": [1, 1]},
								"east": {"uv": [54, 23], "uv_size": [2, 1]},
								"south": {"uv": [59, 23], "uv_size": [1, 1]},
								"west": {"uv": [57, 23], "uv_size": [2, 1]},
								"up": {"uv": [56, 21], "uv_size": [1, 2]},
								"down": {"uv": [57, 23], "uv_size": [1, -2]}
							}
						},
						{
							"origin": [0.5, 21.83932, 6.07881],
							"size": [0.749, 0.25, 0.625],
							"inflate": -0.001,
							"uv": {
								"north": {"uv": [45, 32], "uv_size": [1, 1]},
								"east": {"uv": [43, 32], "uv_size": [2, 1]},
								"south": {"uv": [48, 32], "uv_size": [1, 1]},
								"west": {"uv": [46, 32], "uv_size": [2, 1]},
								"up": {"uv": [45, 30], "uv_size": [1, 2]},
								"down": {"uv": [46, 32], "uv_size": [1, -2]}
							}
						},
						{
							"origin": [1.247, 21.83932, 6.07881],
							"size": [0.25, 0.225, 0.625],
							"inflate": -0.001,
							"uv": {
								"north": {"uv": [20, 31], "uv_size": [1, 1]},
								"east": {"uv": [18, 31], "uv_size": [2, 1]},
								"south": {"uv": [23, 31], "uv_size": [1, 1]},
								"west": {"uv": [21, 31], "uv_size": [2, 1]},
								"up": {"uv": [20, 29], "uv_size": [1, 2]},
								"down": {"uv": [21, 31], "uv_size": [1, -2]}
							}
						},
						{
							"origin": [-1.25, 23.54, -0.425],
							"size": [2.5, 0.25, 6.525],
							"inflate": -0.001,
							"uv": {
								"north": {"uv": [48, 55], "uv_size": [3, 1]},
								"east": {"uv": [42, 55], "uv_size": [6, 1]},
								"south": {"uv": [57, 55], "uv_size": [3, 1]},
								"west": {"uv": [51, 55], "uv_size": [6, 1]},
								"up": {"uv": [48, 49], "uv_size": [3, 6]},
								"down": {"uv": [51, 55], "uv_size": [3, -6]}
							}
						},
						{
							"origin": [-0.275, 23.69, -10.45],
							"size": [0.55, 0.65, 0.775],
							"inflate": -0.001,
							"uv": {
								"north": {"uv": [63, 28], "uv_size": [1, 1]},
								"east": {"uv": [62, 28], "uv_size": [1, 1]},
								"south": {"uv": [65, 28], "uv_size": [1, 1]},
								"west": {"uv": [64, 28], "uv_size": [1, 1]},
								"up": {"uv": [63, 27], "uv_size": [1, 1]},
								"down": {"uv": [64, 28], "uv_size": [1, -1]}
							}
						},
						{
							"origin": [-0.7, 23.89896, 4.44889],
							"size": [0.35, 0.4, 0.975],
							"inflate": -0.001,
							"pivot": [0, 24.09896, 5.28639],
							"rotation": [25, 0, 0],
							"uv": {
								"north": {"uv": [43, 68], "uv_size": [1, 1]},
								"east": {"uv": [42, 68], "uv_size": [1, 1]},
								"south": {"uv": [45, 68], "uv_size": [1, 1]},
								"west": {"uv": [44, 68], "uv_size": [1, 1]},
								"up": {"uv": [43, 67], "uv_size": [1, 1]},
								"down": {"uv": [44, 68], "uv_size": [1, -1]}
							}
						},
						{
							"origin": [0.35, 23.89896, 4.44889],
							"size": [0.35, 0.4, 0.975],
							"inflate": -0.001,
							"pivot": [0, 24.09896, 5.28639],
							"rotation": [25, 0, 0],
							"uv": {
								"north": {"uv": [53, 70], "uv_size": [1, 1]},
								"east": {"uv": [52, 70], "uv_size": [1, 1]},
								"south": {"uv": [55, 70], "uv_size": [1, 1]},
								"west": {"uv": [54, 70], "uv_size": [1, 1]},
								"up": {"uv": [53, 69], "uv_size": [1, 1]},
								"down": {"uv": [54, 70], "uv_size": [1, -1]}
							}
						},
						{
							"origin": [-0.8, 23.938, 5.325],
							"size": [0.45, 0.4, 0.275],
							"inflate": -0.001,
							"uv": {
								"north": {"uv": [33, 71], "uv_size": [1, 1]},
								"east": {"uv": [32, 71], "uv_size": [1, 1]},
								"south": {"uv": [35, 71], "uv_size": [1, 1]},
								"west": {"uv": [34, 71], "uv_size": [1, 1]},
								"up": {"uv": [33, 70], "uv_size": [1, 1]},
								"down": {"uv": [34, 71], "uv_size": [1, -1]}
							}
						},
						{
							"origin": [-0.44086, 23.78681, 5.325],
							"size": [0.15, 0.5, 0.275],
							"inflate": -0.001,
							"pivot": [-0.51586, 24.08681, 5.4625],
							"rotation": [0, 0, -15],
							"uv": {
								"north": {"uv": [23, 73], "uv_size": [1, 1]},
								"east": {"uv": [22, 73], "uv_size": [1, 1]},
								"south": {"uv": [25, 73], "uv_size": [1, 1]},
								"west": {"uv": [24, 73], "uv_size": [1, 1]},
								"up": {"uv": [23, 72], "uv_size": [1, 1]},
								"down": {"uv": [24, 73], "uv_size": [1, -1]}
							}
						},
						{
							"origin": [0.35, 23.938, 5.325],
							"size": [0.45, 0.4, 0.275],
							"inflate": -0.001,
							"uv": {
								"north": {"uv": [13, 71], "uv_size": [1, 1]},
								"east": {"uv": [12, 71], "uv_size": [1, 1]},
								"south": {"uv": [15, 71], "uv_size": [1, 1]},
								"west": {"uv": [14, 71], "uv_size": [1, 1]},
								"up": {"uv": [13, 70], "uv_size": [1, 1]},
								"down": {"uv": [14, 71], "uv_size": [1, -1]}
							}
						},
						{
							"origin": [0.29086, 23.78681, 5.325],
							"size": [0.15, 0.5, 0.275],
							"inflate": -0.001,
							"pivot": [0.51586, 24.08681, 5.4625],
							"rotation": [0, 0, 15],
							"uv": {
								"north": {"uv": [5, 76], "uv_size": [1, 1]},
								"east": {"uv": [4, 76], "uv_size": [1, 1]},
								"south": {"uv": [7, 76], "uv_size": [1, 1]},
								"west": {"uv": [6, 76], "uv_size": [1, 1]},
								"up": {"uv": [5, 75], "uv_size": [1, 1]},
								"down": {"uv": [6, 76], "uv_size": [1, -1]}
							}
						},
						{
							"origin": [-0.8, 23.69, 3.575],
							"size": [1.6, 0.25, 2.025],
							"inflate": -0.001,
							"uv": {
								"north": {"uv": [60, 33], "uv_size": [3, 1]},
								"east": {"uv": [57, 33], "uv_size": [3, 1]},
								"south": {"uv": [66, 33], "uv_size": [3, 1]},
								"west": {"uv": [63, 33], "uv_size": [3, 1]},
								"up": {"uv": [60, 30], "uv_size": [3, 3]},
								"down": {"uv": [63, 33], "uv_size": [3, -3]}
							}
						},
						{
							"origin": [1.124, 23.48864, -0.425],
							"size": [0.35, 0.25, 6.525],
							"inflate": -0.001,
							"pivot": [1.249, 23.61364, 2.8375],
							"rotation": [0, 0, 45],
							"uv": {
								"north": {"uv": [66, 43], "uv_size": [1, 1]},
								"east": {"uv": [60, 43], "uv_size": [6, 1]},
								"south": {"uv": [73, 43], "uv_size": [1, 1]},
								"west": {"uv": [67, 43], "uv_size": [6, 1]},
								"up": {"uv": [66, 37], "uv_size": [1, 6]},
								"down": {"uv": [67, 43], "uv_size": [1, -6]}
							}
						},
						{
							"origin": [-0.35, 22.23864, 5.6],
							"size": [0.5, 0.5, 0.525],
							"inflate": -0.001,
							"pivot": [-0.076, 22.36364, 2.8625],
							"rotation": [0, 0, 45],
							"uv": {
								"north": {"uv": [56, 51], "uv_size": [1, 1]},
								"east": {"uv": [55, 51], "uv_size": [1, 1]},
								"south": {"uv": [58, 51], "uv_size": [1, 1]},
								"west": {"uv": [57, 51], "uv_size": [1, 1]},
								"up": {"uv": [56, 50], "uv_size": [1, 1]},
								"down": {"uv": [57, 51], "uv_size": [1, -1]}
							}
						},
						{
							"origin": [-1.374, 23.38864, -0.425],
							"size": [0.25, 0.35, 6.525],
							"inflate": -0.001,
							"pivot": [-1.249, 23.61364, 2.8375],
							"rotation": [0, 0, 45],
							"uv": {
								"north": {"uv": [56, 63], "uv_size": [1, 1]},
								"east": {"uv": [50, 63], "uv_size": [6, 1]},
								"south": {"uv": [63, 63], "uv_size": [1, 1]},
								"west": {"uv": [57, 63], "uv_size": [6, 1]},
								"up": {"uv": [56, 57], "uv_size": [1, 6]},
								"down": {"uv": [57, 63], "uv_size": [1, -6]}
							}
						},
						{
							"origin": [-1.374, 23.38864, -11.946],
							"size": [0.25, 0.35, 7.525],
							"inflate": -0.001,
							"pivot": [-1.249, 23.61364, -7.6835],
							"rotation": [0, 0, 45],
							"uv": {
								"north": {"uv": [61, 53], "uv_size": [1, 1]},
								"east": {"uv": [55, 53], "uv_size": [6, 1]},
								"south": {"uv": [68, 53], "uv_size": [1, 1]},
								"west": {"uv": [62, 53], "uv_size": [6, 1]},
								"up": {"uv": [61, 47], "uv_size": [1, 6]},
								"down": {"uv": [62, 53], "uv_size": [1, -6]}
							}
						},
						{
							"origin": [1.124, 23.48864, -11.946],
							"size": [0.35, 0.25, 7.525],
							"inflate": -0.001,
							"pivot": [1.249, 23.61364, -7.6835],
							"rotation": [0, 0, 45],
							"uv": {
								"north": {"uv": [70, 51], "uv_size": [1, 1]},
								"east": {"uv": [64, 51], "uv_size": [6, 1]},
								"south": {"uv": [77, 51], "uv_size": [1, 1]},
								"west": {"uv": [71, 51], "uv_size": [6, 1]},
								"up": {"uv": [70, 45], "uv_size": [1, 6]},
								"down": {"uv": [71, 51], "uv_size": [1, -6]}
							}
						},
						{
							"origin": [-1.5, 21.84, -0.425],
							"size": [3, 1.7, 6.525],
							"inflate": -0.001,
							"uv": {
								"north": {"uv": [28, 65], "uv_size": [3, 2]},
								"east": {"uv": [22, 65], "uv_size": [6, 2]},
								"south": {"uv": [37, 65], "uv_size": [3, 2]},
								"west": {"uv": [31, 65], "uv_size": [6, 2]},
								"up": {"uv": [28, 59], "uv_size": [3, 6]},
								"down": {"uv": [31, 65], "uv_size": [3, -6]}
							}
						},
						{
							"origin": [-1.525, 21.84, -0.425],
							"size": [3.05, 1.7, 6.525],
							"inflate": -0.001,
							"uv": {
								"north": {"uv": [19, 84.66667], "uv_size": [9.5, 3.33333]},
								"east": {"uv": [0, 84.66667], "uv_size": [19, 3.33333]},
								"south": {"uv": [47.5, 84.66667], "uv_size": [9.5, 3.33333]},
								"west": {"uv": [28.5, 84.66667], "uv_size": [19, 3.33333]},
								"up": {"uv": [19, 78], "uv_size": [9.5, 6.66667]},
								"down": {"uv": [28.5, 84.66667], "uv_size": [9.5, -6.66667]}
							}
						},
						{
							"origin": [-1.25, 23.54, -11.946],
							"size": [2.5, 0.25, 7.525],
							"inflate": -0.001,
							"uv": {
								"north": {"uv": [50, 35], "uv_size": [3, 1]},
								"east": {"uv": [44, 35], "uv_size": [6, 1]},
								"south": {"uv": [59, 35], "uv_size": [3, 1]},
								"west": {"uv": [53, 35], "uv_size": [6, 1]},
								"up": {"uv": [50, 29], "uv_size": [3, 6]},
								"down": {"uv": [53, 35], "uv_size": [3, -6]}
							}
						},
						{
							"origin": [-1.5, 21.84, -11.946],
							"size": [3, 1.7, 7.525],
							"inflate": -0.001,
							"uv": {
								"north": {"uv": [39, 45], "uv_size": [3, 2]},
								"east": {"uv": [33, 45], "uv_size": [6, 2]},
								"south": {"uv": [48, 45], "uv_size": [3, 2]},
								"west": {"uv": [42, 45], "uv_size": [6, 2]},
								"up": {"uv": [39, 39], "uv_size": [3, 6]},
								"down": {"uv": [42, 45], "uv_size": [3, -6]}
							}
						},
						{
							"origin": [-1.5, 21.84, -4.423],
							"size": [0.2, 0.5, 4],
							"inflate": -0.001,
							"uv": {
								"north": {"uv": [40, 53], "uv_size": [1, 1]},
								"east": {"uv": [35, 53], "uv_size": [5, 1]},
								"south": {"uv": [46, 53], "uv_size": [1, 1]},
								"west": {"uv": [41, 53], "uv_size": [5, 1]},
								"up": {"uv": [40, 48], "uv_size": [1, 5]},
								"down": {"uv": [41, 53], "uv_size": [1, -5]}
							}
						},
						{
							"origin": [-1.5, 22.34, -4.598],
							"size": [0.2, 0.5, 1.05],
							"inflate": -0.001,
							"pivot": [-1.4, 22.59, -4.423],
							"rotation": [-32.5, 0, 0],
							"uv": {
								"north": {"uv": [40, 53], "uv_size": [1, 1]},
								"east": {"uv": [35, 53], "uv_size": [5, 1]},
								"south": {"uv": [46, 53], "uv_size": [1, 1]},
								"west": {"uv": [41, 53], "uv_size": [5, 1]},
								"up": {"uv": [40, 48], "uv_size": [1, 5]},
								"down": {"uv": [41, 53], "uv_size": [1, -5]}
							}
						},
						{
							"origin": [1.3, 21.84, -4.423],
							"size": [0.2, 1.5, 4],
							"inflate": -0.001,
							"uv": {
								"north": {"uv": [32, 55], "uv_size": [1, 1]},
								"east": {"uv": [27, 55], "uv_size": [5, 1]},
								"south": {"uv": [38, 55], "uv_size": [1, 1]},
								"west": {"uv": [33, 55], "uv_size": [5, 1]},
								"up": {"uv": [32, 50], "uv_size": [1, 5]},
								"down": {"uv": [33, 55], "uv_size": [1, -5]}
							}
						}
					]
				},
				{
					"name": "glow",
					"parent": "slide",
					"pivot": [0, 21.50642, 5.825],
					"cubes": [
						{
							"origin": [-0.625, 23.963, 5.205],
							"size": [0.15, 0.3, 0.4],
							"inflate": -0.001,
							"pivot": [-0.55, 24.113, 5.605],
							"rotation": [0, 0, -15],
							"uv": {
								"north": {"uv": [1, 67], "uv_size": [1, 1]},
								"east": {"uv": [2, 67], "uv_size": [1, 1]},
								"south": {"uv": [3, 67], "uv_size": [1, 1]},
								"west": {"uv": [0, 67], "uv_size": [1, 1]},
								"up": {"uv": [1, 66], "uv_size": [1, 1]},
								"down": {"uv": [2, 67], "uv_size": [1, -1]}
							}
						},
						{
							"origin": [0.475, 23.963, 5.205],
							"size": [0.15, 0.3, 0.4],
							"inflate": -0.001,
							"pivot": [0.55, 24.113, 5.605],
							"rotation": [0, 0, 15],
							"uv": {
								"north": {"uv": [1, 71], "uv_size": [1, 1]},
								"east": {"uv": [2, 71], "uv_size": [1, 1]},
								"south": {"uv": [3, 71], "uv_size": [1, 1]},
								"west": {"uv": [0, 71], "uv_size": [1, 1]},
								"up": {"uv": [1, 70], "uv_size": [1, 1]},
								"down": {"uv": [2, 71], "uv_size": [1, -1]}
							}
						},
						{
							"origin": [-0.075, 24.07, -9.945],
							"size": [0.15, 0.275, 0.275],
							"inflate": -0.001,
							"uv": {
								"north": {"uv": [1, 69], "uv_size": [1, 1]},
								"east": {"uv": [0, 69], "uv_size": [1, 1]},
								"south": {"uv": [3, 69], "uv_size": [1, 1]},
								"west": {"uv": [2, 69], "uv_size": [1, 1]},
								"up": {"uv": [1, 68], "uv_size": [1, 1]},
								"down": {"uv": [2, 69], "uv_size": [1, -1]}
							}
						}
					]
				},
				{
					"name": "trigger",
					"parent": "unity",
					"pivot": [0, 19.052, -0.775],
					"rotation": [-2.5, 0, 0],
					"cubes": [
						{
							"origin": [-0.25, 17.11563, -1.03708],
							"size": [0.5, 2.425, 0.5],
							"inflate": -0.001,
							"pivot": [0, 19.077, -0.775],
							"rotation": [11.5, 0, 0],
							"uv": {
								"north": {"uv": [19, 61], "uv_size": [2, 2]},
								"east": {"uv": [18, 61], "uv_size": [1, 2]},
								"south": {"uv": [22, 61], "uv_size": [2, 2]},
								"west": {"uv": [21, 61], "uv_size": [1, 2]},
								"up": {"uv": [19, 60], "uv_size": [2, 1]},
								"down": {"uv": [21, 61], "uv_size": [2, -1]}
							}
						}
					]
				},
				{
					"name": "hammer",
					"parent": "unity",
					"pivot": [0, 21.10842, 6.325],
					"cubes": [
						{
							"origin": [-0.4, 21.173, 5.175],
							"size": [0.8, 0.3, 2.775],
							"inflate": -0.001,
							"pivot": [0, 21.373, 6.0625],
							"rotation": [20, 0, 0],
							"uv": {
								"north": {"uv": [61, 57], "uv_size": [1, 1]},
								"east": {"uv": [60, 57], "uv_size": [1, 1]},
								"south": {"uv": [63, 57], "uv_size": [1, 1]},
								"west": {"uv": [62, 57], "uv_size": [1, 1]},
								"up": {"uv": [61, 56], "uv_size": [1, 1]},
								"down": {"uv": [62, 57], "uv_size": [1, -1]}
							}
						},
						{
							"origin": [-0.4, 20.89422, 5.18746],
							"size": [0.8, 0.3, 3.075],
							"inflate": -0.001,
							"uv": {
								"north": {"uv": [66, 57], "uv_size": [1, 1]},
								"east": {"uv": [65, 57], "uv_size": [1, 1]},
								"south": {"uv": [68, 57], "uv_size": [1, 1]},
								"west": {"uv": [67, 57], "uv_size": [1, 1]},
								"up": {"uv": [66, 56], "uv_size": [1, 1]},
								"down": {"uv": [67, 57], "uv_size": [1, -1]}
							}
						},
						{
							"origin": [-0.4, 21.66795, 7.61716],
							"size": [0.8, 0.2, 0.775],
							"inflate": -0.001,
							"pivot": [0, 21.76795, 8.00466],
							"rotation": [-45, 0, 0],
							"uv": {
								"north": {"uv": [61, 60], "uv_size": [1, 1]},
								"east": {"uv": [60, 60], "uv_size": [1, 1]},
								"south": {"uv": [63, 60], "uv_size": [1, 1]},
								"west": {"uv": [62, 60], "uv_size": [1, 1]},
								"up": {"uv": [61, 59], "uv_size": [1, 1]},
								"down": {"uv": [62, 60], "uv_size": [1, -1]}
							}
						},
						{
							"origin": [-0.4, 20.99802, 7.21756],
							"size": [0.8, 0.35, 0.575],
							"inflate": -0.001,
							"pivot": [0, 21.24802, 7.55506],
							"rotation": [-35, 0, 0],
							"uv": {
								"north": {"uv": [66, 60], "uv_size": [1, 1]},
								"east": {"uv": [65, 60], "uv_size": [1, 1]},
								"south": {"uv": [68, 60], "uv_size": [1, 1]},
								"west": {"uv": [67, 60], "uv_size": [1, 1]},
								"up": {"uv": [66, 59], "uv_size": [1, 1]},
								"down": {"uv": [67, 60], "uv_size": [1, -1]}
							}
						},
						{
							"origin": [-0.4, 21.09439, 7.81186],
							"size": [0.8, 0.2, 0.675],
							"inflate": -0.001,
							"pivot": [0, 21.19439, 8.19936],
							"rotation": [-97.5, 0, 0],
							"uv": {
								"north": {"uv": [71, 57], "uv_size": [1, 1]},
								"east": {"uv": [70, 57], "uv_size": [1, 1]},
								"south": {"uv": [73, 57], "uv_size": [1, 1]},
								"west": {"uv": [72, 57], "uv_size": [1, 1]},
								"up": {"uv": [71, 56], "uv_size": [1, 1]},
								"down": {"uv": [72, 57], "uv_size": [1, -1]}
							}
						},
						{
							"origin": [-0.4, 21.52944, 7.10648],
							"size": [0.8, 0.2, 0.775],
							"inflate": -0.001,
							"pivot": [0, 21.62944, 7.49398],
							"rotation": [-120, 0, 0],
							"uv": {
								"north": {"uv": [71, 60], "uv_size": [1, 1]},
								"east": {"uv": [70, 60], "uv_size": [1, 1]},
								"south": {"uv": [73, 60], "uv_size": [1, 1]},
								"west": {"uv": [72, 60], "uv_size": [1, 1]},
								"up": {"uv": [71, 59], "uv_size": [1, 1]},
								"down": {"uv": [72, 60], "uv_size": [1, -1]}
							}
						}
					]
				},
				{
					"name": "rightarm",
					"parent": "main",
					"pivot": [-3.3, 9.525, 20.9],
					"rotation": [-104.77806, -7.4046, 0.06753],
					"cubes": [
						{"origin": [-7.3, -14.475, 16.9], "size": [8, 24, 8], "uv": [96, 0]}
					]
				},
				{
					"name": "leftarm",
					"parent": "main",
					"pivot": [9.95, 6, 19.15],
					"rotation": [-109.53537, 25.91082, 1.11644],
					"cubes": [
						{"origin": [5.95, -18, 15.15], "size": [8, 24, 8], "uv": [96, 34]}
					]
				},
				{
					"name": "muzzleflash",
					"parent": "main",
					"pivot": [0, 22.75, -19.675],
					"cubes": [
						{"origin": [-0.5, 22.25, -20.175], "size": [1, 1, 1], "inflate": -0.4, "uv": [119, 67]}
					]
				},
				{
					"name": "scope",
					"parent": "main",
					"pivot": [0, 24.325, 22.95],
					"cubes": [
						{"origin": [-0.5, 23.825, 22.45], "size": [1, 1, 1], "inflate": -0.4, "uv": [124, 67]}
					]
				},
				{
					"name": "_camera_",
					"pivot": [11, 33, 76]
				}
			]
		}
	]
}