{
	"format_version": "1.12.0",
	"minecraft:geometry": [
		{
			"description": {
				"identifier": "geometry.unknown",
				"texture_width": 32,
				"texture_height": 32,
				"visible_bounds_width": 8,
				"visible_bounds_height": 4,
				"visible_bounds_offset": [0, 1, 0]
			},
			"bones": [
				{
					"name": "main",
					"pivot": [0, 0, 0]
				},
				{
					"name": "shortscope",
					"parent": "main",
					"pivot": [0, 0, 0],
					"cubes": [
						{"origin": [-1.5, -0.3, -2.5], "size": [3, 1, 5], "inflate": -0.3, "uv": [0, 0]},
						{"origin": [0.503, 0.75, -2.5], "size": [1, 1, 1], "inflate": -0.297, "pivot": [0, 1.05, -2.2], "rotation": [-30, 0, 0], "uv": [8, 13]},
						{
							"origin": [-1.2, 0.55622, -2.17679],
							"size": [2.4, 2, 1],
							"inflate": -0.403,
							"pivot": [0, 1.55622, -1.67679],
							"rotation": [-30, 0, 0],
							"uv": {
								"north": {"uv": [0, 18], "uv_size": [12, 10]},
								"east": {"uv": [0, 11], "uv_size": [1, 2]},
								"south": {"uv": [12, 18], "uv_size": [-12, 10]},
								"west": {"uv": [3, 11], "uv_size": [1, 2]},
								"up": {"uv": [1, 10], "uv_size": [2, 1]},
								"down": {"uv": [3, 11], "uv_size": [2, -1]}
							}
						},
						{"origin": [0.275, 0.275, -0.4], "size": [1.25, 1, 1], "inflate": -0.4, "pivot": [1.025, 0.775, 0.1], "rotation": [-7.85085, -31.63886, 14.72765], "uv": [11, 6]},
						{"origin": [-1.04121, 0.34838, -0.55631], "size": [2.25, 1, 1], "inflate": -0.4, "pivot": [0.80879, 0.94838, -0.15631], "rotation": [2.36912, 11.66446, -16.87971], "uv": [11, 0]},
						{"origin": [-1.36382, -0.04431, -0.26744], "size": [1.25, 1, 1], "inflate": -0.4, "pivot": [-0.51382, 0.55569, 0.33256], "rotation": [2.69047, -54.93544, -3.61331], "uv": [11, 2]},
						{"origin": [-1.82183, -0.0606, -0.63577], "size": [1.45, 1, 1], "inflate": -0.4, "pivot": [-0.77183, 0.5394, -0.03577], "rotation": [-168.14988, -61.89552, 164.40594], "uv": [0, 2]},
						{"origin": [-1.503, 0.75, -2.5], "size": [1, 1, 1], "inflate": -0.297, "pivot": [0, 1.05, -2.2], "rotation": [-30, 0, 0], "uv": [0, 13]},
						{"origin": [0.5, 0.1, -2.5], "size": [1, 1.25, 1], "inflate": -0.3, "uv": [5, 12]},
						{"origin": [-1.5, 0.1, -2.5], "size": [1, 1.25, 1], "inflate": -0.3, "uv": [12, 8]},
						{"origin": [0.75, -0.3, -0.5], "size": [1.1, 1.5, 3], "inflate": -0.303, "uv": [0, 6]},
						{"origin": [0.75, -0.3, -2.494], "size": [1.1, 1.3, 2.6], "inflate": -0.303, "uv": [6, 9]},
						{"origin": [0.75, 0.2, -0.894], "size": [1.1, 1, 1], "inflate": -0.304, "pivot": [1.3, 0.9, -0.194], "rotation": [32.5, 0, 0], "uv": [0, 0]},
						{"origin": [-0.75, -0.05, 0.275], "size": [1.5, 1, 1.5], "inflate": -0.3, "pivot": [0, 0.45, 1.025], "rotation": [0, -45, 0], "uv": [3, 14]},
						{"origin": [-0.75, -0.15, 0.05], "size": [1.5, 1, 2.6], "inflate": -0.3, "uv": [10, 10]},
						{"origin": [-0.75, -0.15, -0.35], "size": [1.5, 1, 1], "inflate": -0.3, "pivot": [0, 0.55, 0.35], "rotation": [22.5, 0, 0], "uv": [12, 13]},
						{"origin": [-1, -0.05, -2], "size": [2, 1, 2], "inflate": -0.3, "pivot": [0, 0.45, -1], "rotation": [0, -45, 0], "uv": [5, 6]}
					]
				},
				{
					"name": "scope",
					"parent": "main",
					"pivot": [0, 1.55, 12.05],
					"cubes": [
						{"origin": [-0.5, 1.05, 11.55], "size": [1, 1, 1], "inflate": -0.4, "uv": [7, 16]}
					]
				},
				{
					"name": "_ca_scope",
					"parent": "main",
					"pivot": [0, 0, 0],
					"cubes": [
						{"origin": [-0.5, -0.5, -0.5], "size": [1, 1, 1], "uv": [0, 16]}
					]
				}
			]
		}
	]
}